{
"type": "FeatureCollection",
"name": "roads_sogod",
"crs": { "type": "name", "properties": { "name": "urn:ogc:def:crs:OGC:1.3:CRS84" } },
"features": [
{ "type": "Feature", "properties": { "u": 470490377, "v": 504810693, "key": 0, "osmid": "41261154", "highway": "unclassified", "oneway": false, "reversed": "False", "length": 735.64196596809836, "lanes": null, "name": null, "ref": null, "bridge": null, "maxspeed": null, "access": null }, "geometry": { "type": "LineString", "coordinates": [ [ 124.9988128, 10.4943197 ], [ 124.9989926, 10.49469 ], [ 124.9990672, 10.4948497 ], [ 124.9991329, 10.4949433 ], [ 124.9991979, 10.4950175 ], [ 124.9996019, 10.4953534 ], [ 124.9998638, 10.4956263 ], [ 125.0000323, 10.4959015 ], [ 125.0001296, 10.4961949 ], [ 125.0001253, 10.4963621 ], [ 125.000123, 10.4964481 ], [ 125.0001166, 10.4965551 ], [ 125.0000813, 10.4968126 ], [ 125.0000297, 10.4970961 ], [ 125.0000261, 10.4973711 ], [ 125.0000357, 10.4976802 ], [ 125.0000397, 10.497852 ], [ 125.0000216, 10.4979284 ], [ 124.9999849, 10.4979903 ], [ 124.9999203, 10.4980642 ], [ 124.9998375, 10.4981296 ], [ 124.9997551, 10.4981875 ], [ 124.9996363, 10.4982475 ], [ 124.9995343, 10.4982742 ], [ 124.9993909, 10.4983101 ], [ 124.9992632, 10.4983159 ], [ 124.9991143, 10.4983039 ], [ 124.9987941, 10.4982451 ], [ 124.9986407, 10.4982172 ], [ 124.9985133, 10.4982123 ], [ 124.9983905, 10.4982133 ], [ 124.9982371, 10.4982236 ], [ 124.9980888, 10.4982682 ], [ 124.9979972, 10.4982886 ], [ 124.9978724, 10.4983389 ], [ 124.9976222, 10.4984622 ] ] } },
{ "type": "Feature", "properties": { "u": 470490377, "v": 504810693, "key": 1, "osmid": [ 248635553, 41261189, 1215694879 ], "highway": "trunk", "oneway": false, "reversed": "False", "length": 479.78765461254216, "lanes": "2", "name": "Maharlika Highway", "ref": "1", "bridge": "yes", "maxspeed": null, "access": null }, "geometry": { "type": "LineString", "coordinates": [ [ 124.9988128, 10.4943197 ], [ 124.9986757, 10.4951152 ], [ 124.9983688, 10.4959852 ], [ 124.9980121, 10.4972972 ], [ 124.9977364, 10.4982257 ], [ 124.9976222, 10.4984622 ] ] } },
{ "type": "Feature", "properties": { "u": 470490377, "v": 11954901961, "key": 0, "osmid": "248635553", "highway": "trunk", "oneway": false, "reversed": "True", "length": 1072.4687216892344, "lanes": "2", "name": "Maharlika Highway", "ref": "1", "bridge": null, "maxspeed": null, "access": null }, "geometry": { "type": "LineString", "coordinates": [ [ 124.9988128, 10.4943197 ], [ 124.9988482, 10.4941672 ], [ 124.998874, 10.4940561 ], [ 124.9988962, 10.493929 ], [ 124.9989318, 10.4937973 ], [ 124.9989855, 10.4936578 ], [ 124.9990326, 10.4935485 ], [ 124.9990849, 10.4934561 ], [ 124.9991276, 10.4933959 ], [ 124.9991532, 10.4933599 ], [ 124.9992625, 10.4932403 ], [ 124.9996436, 10.4929244 ], [ 125.0000093, 10.4926212 ], [ 125.0004273, 10.4922095 ], [ 125.0008513, 10.4917994 ], [ 125.0010865, 10.4916229 ], [ 125.0012961, 10.4915095 ], [ 125.0015582, 10.4914121 ], [ 125.0019209, 10.4913135 ], [ 125.0021576, 10.4911994 ], [ 125.0022648, 10.4911188 ], [ 125.0023568, 10.4910256 ], [ 125.0024736, 10.490866 ], [ 125.0025621, 10.4907051 ], [ 125.0025729, 10.490531 ], [ 125.0025429, 10.490334 ], [ 125.0025237, 10.4902173 ], [ 125.0024334, 10.4899574 ], [ 125.0020179, 10.4891486 ], [ 125.0019519, 10.4890201 ], [ 125.0015164, 10.4879448 ], [ 125.0014839, 10.4878646 ], [ 125.001442, 10.48777 ], [ 125.0013965, 10.4877239 ], [ 125.0013823, 10.4877094 ], [ 125.0013097, 10.4876415 ], [ 125.0011844, 10.4875494 ], [ 125.0008919, 10.487297 ], [ 125.0007638, 10.487197 ], [ 125.0006838, 10.4870722 ], [ 125.0006831, 10.4870059 ] ] } },
{ "type": "Feature", "properties": { "u": 504406046, "v": 1640904060, "key": 0, "osmid": "245746053", "highway": "primary", "oneway": false, "reversed": "False", "length": 113.08996786646426, "lanes": "2", "name": "Sogod-Bontoc Road", "ref": "692", "bridge": null, "maxspeed": null, "access": null }, "geometry": { "type": "LineString", "coordinates": [ [ 124.9691987, 10.3585492 ], [ 124.9692973, 10.3588535 ], [ 124.9695756, 10.3594952 ] ] } },
{ "type": "Feature", "properties": { "u": 504406046, "v": 8302489629, "key": 0, "osmid": [ 1361052936, 1361052750, 245746054, 1130790422 ], "highway": "primary", "oneway": false, "reversed": "True", "length": 198.77400165509331, "lanes": "2", "name": "Sogod-Bontoc Road", "ref": "692", "bridge": "yes", "maxspeed": null, "access": null }, "geometry": { "type": "LineString", "coordinates": [ [ 124.9691987, 10.3585492 ], [ 124.9691449, 10.3581196 ], [ 124.9691439, 10.3579964 ], [ 124.9691517, 10.3578457 ], [ 124.9691612, 10.3576534 ], [ 124.9692346, 10.3574141 ], [ 124.9692682, 10.3573057 ], [ 124.9693362, 10.3571369 ], [ 124.9694689, 10.3568194 ] ] } },
{ "type": "Feature", "properties": { "u": 504406046, "v": 12599813078, "key": 0, "osmid": "1361052937", "highway": "residential", "oneway": false, "reversed": "True", "length": 35.770241981081369, "lanes": null, "name": null, "ref": null, "bridge": null, "maxspeed": null, "access": null }, "geometry": { "type": "LineString", "coordinates": [ [ 124.9691987, 10.3585492 ], [ 124.9690962, 10.3585736 ], [ 124.9688777, 10.3586097 ] ] } },
{ "type": "Feature", "properties": { "u": 504406063, "v": 1640904266, "key": 0, "osmid": [ 156891603, 273390422 ], "highway": "primary", "oneway": false, "reversed": "False", "length": 306.75613154974531, "lanes": "2", "name": [ "Sogod-Bontoc Road", "Bontoc Economic Road" ], "ref": "692", "bridge": null, "maxspeed": null, "access": null }, "geometry": { "type": "LineString", "coordinates": [ [ 124.9710263, 10.3501275 ], [ 124.970904, 10.3510195 ], [ 124.9708125, 10.3518151 ], [ 124.9707652, 10.3522234 ], [ 124.9707618, 10.3525438 ], [ 124.9707745, 10.3527106 ], [ 124.9708065, 10.3528668 ] ] } },
{ "type": "Feature", "properties": { "u": 504406063, "v": 11262023784, "key": 0, "osmid": "1215516139", "highway": "unclassified", "oneway": false, "reversed": "False", "length": 110.63463193901887, "lanes": null, "name": null, "ref": null, "bridge": null, "maxspeed": "30", "access": null }, "geometry": { "type": "LineString", "coordinates": [ [ 124.9710263, 10.3501275 ], [ 124.9712285, 10.3501171 ], [ 124.9714056, 10.3500828 ], [ 124.9716328, 10.3501105 ], [ 124.9716872, 10.3501171 ], [ 124.971883, 10.3502068 ], [ 124.9720117, 10.3502068 ] ] } },
{ "type": "Feature", "properties": { "u": 504406082, "v": 1404221053, "key": 0, "osmid": "126748579", "highway": "residential", "oneway": false, "reversed": "False", "length": 42.670773569844492, "lanes": null, "name": null, "ref": null, "bridge": null, "maxspeed": null, "access": null }, "geometry": { "type": "LineString", "coordinates": [ [ 124.971193, 10.3542105 ], [ 124.9712925, 10.3542602 ], [ 124.9715439, 10.3541423 ] ] } },
{ "type": "Feature", "properties": { "u": 504406082, "v": 1404221058, "key": 0, "osmid": "273390422", "highway": "primary", "oneway": false, "reversed": "False", "length": 89.941771417826587, "lanes": "2", "name": "Sogod-Bontoc Road", "ref": "692", "bridge": null, "maxspeed": null, "access": null }, "geometry": { "type": "LineString", "coordinates": [ [ 124.971193, 10.3542105 ], [ 124.9711221, 10.3543572 ], [ 124.9710115, 10.3545157 ], [ 124.9707778, 10.3549074 ] ] } },
{ "type": "Feature", "properties": { "u": 504406082, "v": 1640904266, "key": 0, "osmid": "273390422", "highway": "primary", "oneway": false, "reversed": "True", "length": 155.40769139398014, "lanes": "2", "name": "Sogod-Bontoc Road", "ref": "692", "bridge": null, "maxspeed": null, "access": null }, "geometry": { "type": "LineString", "coordinates": [ [ 124.971193, 10.3542105 ], [ 124.9711619, 10.3540464 ], [ 124.9710234, 10.3535344 ], [ 124.9708065, 10.3528668 ] ] } },
{ "type": "Feature", "properties": { "u": 504406794, "v": 8385839030, "key": 0, "osmid": "180523523", "highway": "trunk", "oneway": false, "reversed": "False", "length": 181.81912410376867, "lanes": "2", "name": "Maharlika Highway", "ref": "1", "bridge": null, "maxspeed": null, "access": null }, "geometry": { "type": "LineString", "coordinates": [ [ 124.9704332, 10.5249676 ], [ 124.9702462, 10.5249506 ], [ 124.9699867, 10.5249824 ], [ 124.9697883, 10.5250516 ], [ 124.9696443, 10.5251233 ], [ 124.9695057, 10.5252121 ], [ 124.9689642, 10.5256107 ] ] } },
{ "type": "Feature", "properties": { "u": 504406794, "v": 504810693, "key": 0, "osmid": [ 180523520, 180523489, 180523488, 180523523, 248637509, 180523476, 180523477, 245523702, 41261178, 1215694879 ], "highway": "trunk", "oneway": false, "reversed": "True", "length": 5907.6483383365739, "lanes": "2", "name": "Maharlika Highway", "ref": "1", "bridge": [ "viaduct", "yes" ], "maxspeed": null, "access": null }, "geometry": { "type": "LineString", "coordinates": [ [ 124.9704332, 10.5249676 ], [ 124.9706296, 10.5250143 ], [ 124.9720587, 10.5253679 ], [ 124.9725, 10.5254837 ], [ 124.9726223, 10.5255243 ], [ 124.972721, 10.5255638 ], [ 124.9728049, 10.5256213 ], [ 124.972864, 10.525672 ], [ 124.9729423, 10.5257834 ], [ 124.9729737, 10.5259255 ], [ 124.973294, 10.5272931 ], [ 124.9733299, 10.5273759 ], [ 124.9733747, 10.5274627 ], [ 124.9734541, 10.5275417 ], [ 124.9736518, 10.5276669 ], [ 124.9738623, 10.5277282 ], [ 124.9740224, 10.5277467 ], [ 124.9751415, 10.5278254 ], [ 124.9755131, 10.5278574 ], [ 124.9772039, 10.5280031 ], [ 124.9773315, 10.5279931 ], [ 124.9774527, 10.5279638 ], [ 124.9775651, 10.5279164 ], [ 124.9777605, 10.5277805 ], [ 124.9779005, 10.5276088 ], [ 124.9779508, 10.5275109 ], [ 124.9780123, 10.527291 ], [ 124.9780331, 10.5270492 ], [ 124.9780466, 10.5266617 ], [ 124.9780936, 10.526404 ], [ 124.9785771, 10.5254334 ], [ 124.9787473, 10.5250377 ], [ 124.978794, 10.5247118 ], [ 124.9787853, 10.524001 ], [ 124.9788472, 10.5236767 ], [ 124.9790154, 10.5232148 ], [ 124.9794457, 10.5222461 ], [ 124.9795292, 10.5219897 ], [ 124.9795453, 10.5218582 ], [ 124.9795384, 10.5217256 ], [ 124.9795124, 10.5215993 ], [ 124.9792957, 10.5210152 ], [ 124.979245, 10.520784 ], [ 124.9792428, 10.5204287 ], [ 124.9792849, 10.5201914 ], [ 124.97936, 10.5199449 ], [ 124.9794894, 10.5196504 ], [ 124.9795273, 10.5195643 ], [ 124.9798117, 10.519076 ], [ 124.980404, 10.5182571 ], [ 124.9806874, 10.5178676 ], [ 124.9809247, 10.5175155 ], [ 124.9811024, 10.5172232 ], [ 124.9815208, 10.5163287 ], [ 124.9817154, 10.515982 ], [ 124.9817673, 10.5158582 ], [ 124.9818484, 10.5156212 ], [ 124.9818715, 10.5154993 ], [ 124.9818878, 10.5152556 ], [ 124.981877, 10.5149816 ], [ 124.9816497, 10.5142021 ], [ 124.9816586, 10.5140003 ], [ 124.9816794, 10.5139009 ], [ 124.9817776, 10.5137459 ], [ 124.982231, 10.5130684 ], [ 124.9824052, 10.5127604 ], [ 124.9825269, 10.5123912 ], [ 124.9828267, 10.5110793 ], [ 124.9828972, 10.5107916 ], [ 124.9829915, 10.5106175 ], [ 124.9830754, 10.5105211 ], [ 124.9833028, 10.5102973 ], [ 124.9838988, 10.5096855 ], [ 124.9841301, 10.5094224 ], [ 124.9843599, 10.5091543 ], [ 124.9846075, 10.5087683 ], [ 124.9847733, 10.5084885 ], [ 124.9848304, 10.5083926 ], [ 124.9848794, 10.5082546 ], [ 124.984905, 10.5081298 ], [ 124.9849116, 10.5079171 ], [ 124.9848095, 10.5070119 ], [ 124.9847982, 10.5068898 ], [ 124.9848184, 10.506739 ], [ 124.9848409, 10.5066732 ], [ 124.9848959, 10.5065872 ], [ 124.9849737, 10.5065153 ], [ 124.9851919, 10.5063989 ], [ 124.9854858, 10.5063494 ], [ 124.9860048, 10.5062995 ], [ 124.9862083, 10.506279 ], [ 124.9863903, 10.5062324 ], [ 124.9866127, 10.5061274 ], [ 124.9868022, 10.5059821 ], [ 124.9869747, 10.5057001 ], [ 124.9870223, 10.5056223 ], [ 124.9872034, 10.505343 ], [ 124.9873786, 10.5051028 ], [ 124.9875415, 10.504956 ], [ 124.9877202, 10.504848 ], [ 124.9880111, 10.5047171 ], [ 124.988569, 10.5044389 ], [ 124.9888662, 10.5042872 ], [ 124.9891332, 10.5041509 ], [ 124.9896682, 10.5039137 ], [ 124.9899718, 10.5037888 ], [ 124.990169, 10.5037255 ], [ 124.9903313, 10.503645 ], [ 124.9904344, 10.5035238 ], [ 124.9904895, 10.5034039 ], [ 124.9904962, 10.5033893 ], [ 124.9904908, 10.5032441 ], [ 124.9904453, 10.5031123 ], [ 124.9903821, 10.5030148 ], [ 124.9903097, 10.5029158 ], [ 124.990228, 10.5028157 ], [ 124.9900993, 10.5026283 ], [ 124.9900402, 10.5024173 ], [ 124.9900456, 10.502271 ], [ 124.9900469, 10.5022355 ], [ 124.9901154, 10.5020113 ], [ 124.9902213, 10.5018174 ], [ 124.9903608, 10.5016289 ], [ 124.990515, 10.5013888 ], [ 124.990519, 10.5012188 ], [ 124.9904345, 10.5010974 ], [ 124.9903245, 10.5010262 ], [ 124.990173, 10.5009748 ], [ 124.9899929, 10.5009582 ], [ 124.989767, 10.5009446 ], [ 124.9896543, 10.5009471 ], [ 124.9895762, 10.5009373 ], [ 124.9894138, 10.5009168 ], [ 124.989123, 10.5008271 ], [ 124.9889104, 10.5006785 ], [ 124.9887951, 10.5005503 ], [ 124.9887341, 10.5004496 ], [ 124.9887078, 10.5003575 ], [ 124.9887157, 10.5002618 ], [ 124.9887487, 10.5001308 ], [ 124.9888421, 10.5000507 ], [ 124.9889231, 10.5000028 ], [ 124.989096, 10.499946 ], [ 124.9892934, 10.4999828 ], [ 124.9898166, 10.500143 ], [ 124.9901467, 10.500243 ], [ 124.9912072, 10.5003473 ], [ 124.9915267, 10.5004064 ], [ 124.9915739, 10.5004151 ], [ 124.9917744, 10.5004866 ], [ 124.9920039, 10.5005823 ], [ 124.9922458, 10.5006648 ], [ 124.9924177, 10.5006571 ], [ 124.9925836, 10.5006325 ], [ 124.9927726, 10.5005651 ], [ 124.9930791, 10.500509 ], [ 124.9933755, 10.500399 ], [ 124.9934905, 10.5003667 ], [ 124.9937417, 10.5003208 ], [ 124.9939965, 10.5002733 ], [ 124.9942567, 10.5002628 ], [ 124.994427, 10.5002588 ], [ 124.994675, 10.5001745 ], [ 124.9948856, 10.5000769 ], [ 124.9950493, 10.4999028 ], [ 124.9951954, 10.4997868 ], [ 124.9953939, 10.4995507 ], [ 124.995516, 10.4994637 ], [ 124.9956434, 10.4993885 ], [ 124.9957466, 10.4993385 ], [ 124.9958834, 10.4992909 ], [ 124.996106, 10.4992461 ], [ 124.9965498, 10.4992092 ], [ 124.9968275, 10.4991598 ], [ 124.9970264, 10.4991016 ], [ 124.9971741, 10.49902 ], [ 124.9973709, 10.498888 ], [ 124.9975045, 10.4987027 ], [ 124.9976222, 10.4984622 ] ] } },
{ "type": "Feature", "properties": { "u": 504406794, "v": 9049584986, "key": 0, "osmid": "245414498", "highway": "unclassified", "oneway": false, "reversed": "True", "length": 1091.3726618608107, "lanes": null, "name": null, "ref": null, "bridge": null, "maxspeed": null, "access": null }, "geometry": { "type": "LineString", "coordinates": [ [ 124.9704332, 10.5249676 ], [ 124.9704621, 10.524621 ], [ 124.9704807, 10.5244495 ], [ 124.9704945, 10.5242009 ], [ 124.9704832, 10.5238526 ], [ 124.9705458, 10.5235872 ], [ 124.9709924, 10.523314 ], [ 124.9711776, 10.5230929 ], [ 124.9714919, 10.5226213 ], [ 124.9715977, 10.5221303 ], [ 124.9715845, 10.5218213 ], [ 124.9716449, 10.5214502 ], [ 124.971859, 10.5210441 ], [ 124.9721164, 10.5203908 ], [ 124.9722394, 10.5201074 ], [ 124.9722152, 10.5198448 ], [ 124.9720442, 10.5195123 ], [ 124.9719631, 10.5192128 ], [ 124.9720028, 10.5189604 ], [ 124.972113, 10.5186278 ], [ 124.9721079, 10.5182951 ], [ 124.971988, 10.5179643 ], [ 124.9720476, 10.5177008 ], [ 124.9721269, 10.5175707 ], [ 124.972352, 10.5172424 ], [ 124.9727445, 10.5168269 ], [ 124.972981, 10.5160778 ] ] } },
{ "type": "Feature", "properties": { "u": 504407048, "v": 2528329397, "key": 0, "osmid": "151284361", "highway": "residential", "oneway": false, "reversed": "True", "length": 105.28548241719956, "lanes": null, "name": "Rizal Street", "ref": null, "bridge": null, "maxspeed": null, "access": null }, "geometry": { "type": "LineString", "coordinates": [ [ 124.9821926, 10.3843689 ], [ 124.982121, 10.3834534 ], [ 124.9821193, 10.3834248 ] ] } },
{ "type": "Feature", "properties": { "u": 504407048, "v": 1641041981, "key": 0, "osmid": "273390274", "highway": "primary", "oneway": false, "reversed": "True", "length": 118.03190667877347, "lanes": "2", "name": "Osmeña Street", "ref": "692", "bridge": null, "maxspeed": null, "access": null }, "geometry": { "type": "LineString", "coordinates": [ [ 124.9821926, 10.3843689 ], [ 124.9815621, 10.3842671 ], [ 124.9811229, 10.3842376 ] ] } },
{ "type": "Feature", "properties": { "u": 504407048, "v": 504407057, "key": 0, "osmid": "277530191", "highway": "primary", "oneway": false, "reversed": "False", "length": 87.114484989500482, "lanes": "2", "name": "Rizal Street", "ref": "692", "bridge": null, "maxspeed": null, "access": null }, "geometry": { "type": "LineString", "coordinates": [ [ 124.9821926, 10.3843689 ], [ 124.9821998, 10.3844417 ], [ 124.9822159, 10.3846634 ], [ 124.9822511, 10.3851502 ] ] } },
{ "type": "Feature", "properties": { "u": 504407048, "v": 1404221030, "key": 0, "osmid": "818307282", "highway": "tertiary", "oneway": false, "reversed": "False", "length": 63.24087928394782, "lanes": null, "name": "Osmeña Street", "ref": null, "bridge": null, "maxspeed": null, "access": null }, "geometry": { "type": "LineString", "coordinates": [ [ 124.9821926, 10.3843689 ], [ 124.9825673, 10.3843303 ], [ 124.9827644, 10.3842893 ] ] } },
{ "type": "Feature", "properties": { "u": 504407057, "v": 1404221060, "key": 0, "osmid": "126748577", "highway": "residential", "oneway": false, "reversed": "False", "length": 119.54075226265704, "lanes": null, "name": "Bagares Street", "ref": null, "bridge": null, "maxspeed": null, "access": null }, "geometry": { "type": "LineString", "coordinates": [ [ 124.9822511, 10.3851502 ], [ 124.9833425, 10.3852076 ] ] } },
{ "type": "Feature", "properties": { "u": 504407057, "v": 1404221067, "key": 0, "osmid": "126748577", "highway": "residential", "oneway": false, "reversed": "True", "length": 125.19302218382725, "lanes": null, "name": "Bagares Street", "ref": null, "bridge": null, "maxspeed": null, "access": null }, "geometry": { "type": "LineString", "coordinates": [ [ 124.9822511, 10.3851502 ], [ 124.9811081, 10.38509 ] ] } },
{ "type": "Feature", "properties": { "u": 504407057, "v": 504407060, "key": 0, "osmid": "277530191", "highway": "primary", "oneway": false, "reversed": "False", "length": 128.74211225419327, "lanes": "2", "name": "Rizal Street", "ref": "692", "bridge": null, "maxspeed": null, "access": null }, "geometry": { "type": "LineString", "coordinates": [ [ 124.9822511, 10.3851502 ], [ 124.9823315, 10.3863053 ] ] } },
{ "type": "Feature", "properties": { "u": 504407057, "v": 504407048, "key": 0, "osmid": "277530191", "highway": "primary", "oneway": false, "reversed": "True", "length": 87.114484989500482, "lanes": "2", "name": "Rizal Street", "ref": "692", "bridge": null, "maxspeed": null, "access": null }, "geometry": { "type": "LineString", "coordinates": [ [ 124.9822511, 10.3851502 ], [ 124.9822159, 10.3846634 ], [ 124.9821998, 10.3844417 ], [ 124.9821926, 10.3843689 ] ] } },
{ "type": "Feature", "properties": { "u": 504407060, "v": 504407057, "key": 0, "osmid": "277530191", "highway": "primary", "oneway": false, "reversed": "True", "length": 128.74211225419327, "lanes": "2", "name": "Rizal Street", "ref": "692", "bridge": null, "maxspeed": null, "access": null }, "geometry": { "type": "LineString", "coordinates": [ [ 124.9823315, 10.3863053 ], [ 124.9822511, 10.3851502 ] ] } },
{ "type": "Feature", "properties": { "u": 504407060, "v": 1641042182, "key": 0, "osmid": "1138545607", "highway": "residential", "oneway": false, "reversed": "True", "length": 140.21413923879567, "lanes": null, "name": null, "ref": null, "bridge": null, "maxspeed": null, "access": null }, "geometry": { "type": "LineString", "coordinates": [ [ 124.9823315, 10.3863053 ], [ 124.9810516, 10.3862335 ] ] } },
{ "type": "Feature", "properties": { "u": 504407060, "v": 1641042377, "key": 0, "osmid": "151284360", "highway": "residential", "oneway": false, "reversed": "True", "length": 120.45538681705776, "lanes": null, "name": null, "ref": null, "bridge": null, "maxspeed": null, "access": null }, "geometry": { "type": "LineString", "coordinates": [ [ 124.9823315, 10.3863053 ], [ 124.9827654, 10.386321 ], [ 124.9829883, 10.3863394 ], [ 124.9830599, 10.3863462 ], [ 124.9831933, 10.386359 ], [ 124.9834248, 10.3864111 ] ] } },
{ "type": "Feature", "properties": { "u": 504407060, "v": 504407078, "key": 0, "osmid": "277530191", "highway": "primary", "oneway": false, "reversed": "False", "length": 177.34384572439208, "lanes": "2", "name": "Rizal Street", "ref": "692", "bridge": null, "maxspeed": null, "access": null }, "geometry": { "type": "LineString", "coordinates": [ [ 124.9823315, 10.3863053 ], [ 124.9824222, 10.3875006 ], [ 124.9824466, 10.3877318 ], [ 124.9825197, 10.387879 ] ] } },
{ "type": "Feature", "properties": { "u": 504407078, "v": 1641041973, "key": 0, "osmid": "914897839", "highway": "tertiary", "oneway": false, "reversed": "False", "length": 8.4172291992173047, "lanes": null, "name": "Flores Street", "ref": null, "bridge": null, "maxspeed": null, "access": null }, "geometry": { "type": "LineString", "coordinates": [ [ 124.9825197, 10.387879 ], [ 124.9824613, 10.3879283 ] ] } },
{ "type": "Feature", "properties": { "u": 504407078, "v": 504407084, "key": 0, "osmid": "277530191", "highway": "primary", "oneway": false, "reversed": "False", "length": 93.283726250150522, "lanes": "2", "name": "Rizal Street", "ref": "692", "bridge": null, "maxspeed": null, "access": null }, "geometry": { "type": "LineString", "coordinates": [ [ 124.9825197, 10.387879 ], [ 124.982588, 10.3879533 ], [ 124.9831304, 10.3884643 ] ] } },
{ "type": "Feature", "properties": { "u": 504407078, "v": 504407060, "key": 0, "osmid": "277530191", "highway": "primary", "oneway": false, "reversed": "True", "length": 177.34384572439205, "lanes": "2", "name": "Rizal Street", "ref": "692", "bridge": null, "maxspeed": null, "access": null }, "geometry": { "type": "LineString", "coordinates": [ [ 124.9825197, 10.387879 ], [ 124.9824466, 10.3877318 ], [ 124.9824222, 10.3875006 ], [ 124.9823315, 10.3863053 ] ] } },
{ "type": "Feature", "properties": { "u": 504407084, "v": 1641042377, "key": 0, "osmid": "126748578", "highway": "tertiary", "oneway": false, "reversed": "True", "length": 234.34060012190844, "lanes": null, "name": "L. Regis Street", "ref": null, "bridge": null, "maxspeed": null, "access": null }, "geometry": { "type": "LineString", "coordinates": [ [ 124.9831304, 10.3884643 ], [ 124.9832941, 10.3880223 ], [ 124.9834173, 10.3877137 ], [ 124.9834452, 10.3875506 ], [ 124.9834422, 10.3873758 ], [ 124.9834218, 10.3870367 ], [ 124.9834248, 10.3864111 ] ] } },
{ "type": "Feature", "properties": { "u": 504407084, "v": 504407078, "key": 0, "osmid": "277530191", "highway": "primary", "oneway": false, "reversed": "True", "length": 93.283726250150522, "lanes": "2", "name": "Rizal Street", "ref": "692", "bridge": null, "maxspeed": null, "access": null }, "geometry": { "type": "LineString", "coordinates": [ [ 124.9831304, 10.3884643 ], [ 124.982588, 10.3879533 ], [ 124.9825197, 10.387879 ] ] } },
{ "type": "Feature", "properties": { "u": 504407084, "v": 8305491666, "key": 0, "osmid": "277530192", "highway": "primary", "oneway": false, "reversed": "False", "length": 69.596793698973286, "lanes": "2", "name": "Rizal Street", "ref": "692", "bridge": null, "maxspeed": null, "access": null }, "geometry": { "type": "LineString", "coordinates": [ [ 124.9831304, 10.3884643 ], [ 124.9834043, 10.3888834 ], [ 124.9834668, 10.3889953 ] ] } },
{ "type": "Feature", "properties": { "u": 504407099, "v": 2528253771, "key": 0, "osmid": "277530192", "highway": "primary", "oneway": false, "reversed": "False", "length": 11.184151871022063, "lanes": "2", "name": "Rizal Street", "ref": "692", "bridge": null, "maxspeed": null, "access": null }, "geometry": { "type": "LineString", "coordinates": [ [ 124.9848936, 10.3916794 ], [ 124.9849266, 10.3917746 ] ] } },
{ "type": "Feature", "properties": { "u": 504407099, "v": 2528253735, "key": 0, "osmid": "277530192", "highway": "primary", "oneway": false, "reversed": "True", "length": 49.182472995890606, "lanes": "2", "name": "Rizal Street", "ref": "692", "bridge": null, "maxspeed": null, "access": null }, "geometry": { "type": "LineString", "coordinates": [ [ 124.9848936, 10.3916794 ], [ 124.9848258, 10.3914676 ], [ 124.9847309, 10.3912681 ] ] } },
{ "type": "Feature", "properties": { "u": 504407099, "v": 1404221036, "key": 0, "osmid": "1034348213", "highway": "tertiary", "oneway": false, "reversed": "True", "length": 149.90086583548248, "lanes": null, "name": "Don Benito Faelnar Street", "ref": null, "bridge": null, "maxspeed": null, "access": null }, "geometry": { "type": "LineString", "coordinates": [ [ 124.9848936, 10.3916794 ], [ 124.985073, 10.391631 ], [ 124.9852809, 10.3915479 ], [ 124.9854617, 10.3913211 ], [ 124.9855344, 10.39123 ], [ 124.985856, 10.3907919 ] ] } },
{ "type": "Feature", "properties": { "u": 504407121, "v": 8323133500, "key": 0, "osmid": "895403769", "highway": "residential", "oneway": false, "reversed": "False", "length": 205.66370838281739, "lanes": null, "name": null, "ref": null, "bridge": null, "maxspeed": null, "access": null }, "geometry": { "type": "LineString", "coordinates": [ [ 124.9848352, 10.3959051 ], [ 124.9849102, 10.3959143 ], [ 124.9856356, 10.3959864 ], [ 124.9867076, 10.3960749 ] ] } },
{ "type": "Feature", "properties": { "u": 504407121, "v": 504407127, "key": 0, "osmid": "917267264", "highway": "primary", "oneway": false, "reversed": "False", "length": 123.03320480974574, "lanes": "2", "name": "Mahaplag-Liloan-Sogod Road", "ref": "692", "bridge": null, "maxspeed": null, "access": null }, "geometry": { "type": "LineString", "coordinates": [ [ 124.9848352, 10.3959051 ], [ 124.984987, 10.3962637 ], [ 124.9852565, 10.396931 ] ] } },
{ "type": "Feature", "properties": { "u": 504407121, "v": 2525826743, "key": 0, "osmid": "917267264", "highway": "primary", "oneway": false, "reversed": "True", "length": 119.82125740591457, "lanes": "2", "name": "Mahaplag-Liloan-Sogod Road", "ref": "692", "bridge": null, "maxspeed": null, "access": null }, "geometry": { "type": "LineString", "coordinates": [ [ 124.9848352, 10.3959051 ], [ 124.9847617, 10.3957187 ], [ 124.9846716, 10.3954655 ], [ 124.984653, 10.3953327 ], [ 124.9846442, 10.3950612 ], [ 124.9846613, 10.3948582 ] ] } },
{ "type": "Feature", "properties": { "u": 504407127, "v": 8323133504, "key": 0, "osmid": "895403771", "highway": "residential", "oneway": false, "reversed": "False", "length": 59.326280087142926, "lanes": null, "name": null, "ref": null, "bridge": null, "maxspeed": null, "access": null }, "geometry": { "type": "LineString", "coordinates": [ [ 124.9852565, 10.396931 ], [ 124.9847549, 10.3971341 ] ] } },
{ "type": "Feature", "properties": { "u": 504407127, "v": 504407131, "key": 0, "osmid": "917267264", "highway": "primary", "oneway": false, "reversed": "False", "length": 59.636529662924509, "lanes": "2", "name": "Mahaplag-Liloan-Sogod Road", "ref": "692", "bridge": null, "maxspeed": null, "access": null }, "geometry": { "type": "LineString", "coordinates": [ [ 124.9852565, 10.396931 ], [ 124.9854912, 10.3974151 ] ] } },
{ "type": "Feature", "properties": { "u": 504407127, "v": 504407121, "key": 0, "osmid": "917267264", "highway": "primary", "oneway": false, "reversed": "True", "length": 123.03320480974574, "lanes": "2", "name": "Mahaplag-Liloan-Sogod Road", "ref": "692", "bridge": null, "maxspeed": null, "access": null }, "geometry": { "type": "LineString", "coordinates": [ [ 124.9852565, 10.396931 ], [ 124.984987, 10.3962637 ], [ 124.9848352, 10.3959051 ] ] } },
{ "type": "Feature", "properties": { "u": 504407131, "v": 504407127, "key": 0, "osmid": "917267264", "highway": "primary", "oneway": false, "reversed": "True", "length": 59.636529662924509, "lanes": "2", "name": "Mahaplag-Liloan-Sogod Road", "ref": "692", "bridge": null, "maxspeed": null, "access": null }, "geometry": { "type": "LineString", "coordinates": [ [ 124.9854912, 10.3974151 ], [ 124.9852565, 10.396931 ] ] } },
{ "type": "Feature", "properties": { "u": 504407131, "v": 8323339137, "key": 0, "osmid": "895403770", "highway": "residential", "oneway": false, "reversed": "False", "length": 121.97424733303572, "lanes": null, "name": null, "ref": null, "bridge": null, "maxspeed": null, "access": null }, "geometry": { "type": "LineString", "coordinates": [ [ 124.9854912, 10.3974151 ], [ 124.9857514, 10.3973953 ], [ 124.9858452, 10.3974612 ], [ 124.9865842, 10.3974634 ] ] } },
{ "type": "Feature", "properties": { "u": 504407131, "v": 2528285534, "key": 0, "osmid": "917267264", "highway": "primary", "oneway": false, "reversed": "False", "length": 562.50349292143278, "lanes": "2", "name": "Mahaplag-Liloan-Sogod Road", "ref": "692", "bridge": null, "maxspeed": null, "access": null }, "geometry": { "type": "LineString", "coordinates": [ [ 124.9854912, 10.3974151 ], [ 124.9857988, 10.3979815 ], [ 124.9860249, 10.3983226 ], [ 124.9863079, 10.3987473 ], [ 124.9865676, 10.3991841 ], [ 124.9866635, 10.3994536 ], [ 124.9867496, 10.4000136 ], [ 124.9867962, 10.4003172 ], [ 124.9868608, 10.4005292 ], [ 124.9869851, 10.400814 ], [ 124.9875329, 10.4017882 ], [ 124.9876427, 10.4019471 ] ] } },
{ "type": "Feature", "properties": { "u": 504407154, "v": 11989577197, "key": 0, "osmid": "245672651", "highway": "tertiary", "oneway": false, "reversed": "False", "length": 313.00327073206819, "lanes": "2", "name": "Diversion Road", "ref": "692", "bridge": null, "maxspeed": null, "access": null }, "geometry": { "type": "LineString", "coordinates": [ [ 124.9882267, 10.4028658 ], [ 124.988282, 10.4029855 ], [ 124.9883222, 10.4030646 ], [ 124.9883401, 10.4031796 ], [ 124.9884745, 10.4037311 ], [ 124.9886495, 10.4044564 ], [ 124.9887933, 10.4050776 ], [ 124.9889142, 10.4055885 ], [ 124.9889153, 10.4055928 ] ] } },
{ "type": "Feature", "properties": { "u": 504407154, "v": 12049727182, "key": 0, "osmid": [ 277773929, 165396533, 270408677 ], "highway": "primary", "oneway": false, "reversed": "True", "length": 687.31707540973935, "lanes": "2", "name": "Immaculada Concepcion Barangay Road", "ref": null, "bridge": "yes", "maxspeed": null, "access": null }, "geometry": { "type": "LineString", "coordinates": [ [ 124.9882267, 10.4028658 ], [ 124.9887218, 10.4027515 ], [ 124.9903085, 10.4025888 ], [ 124.9906546, 10.4025598 ], [ 124.9908219, 10.4025374 ], [ 124.9908983, 10.4025271 ], [ 124.993748, 10.4018487 ], [ 124.9943869, 10.4017053 ] ] } },
{ "type": "Feature", "properties": { "u": 504407154, "v": 2528285534, "key": 0, "osmid": "917267264", "highway": "primary", "oneway": false, "reversed": "True", "length": 120.8469569821855, "lanes": "2", "name": "Mahaplag-Liloan-Sogod Road", "ref": "692", "bridge": null, "maxspeed": null, "access": null }, "geometry": { "type": "LineString", "coordinates": [ [ 124.9882267, 10.4028658 ], [ 124.9881436, 10.402672 ], [ 124.9876427, 10.4019471 ] ] } },
{ "type": "Feature", "properties": { "u": 504809001, "v": 11442623068, "key": 0, "osmid": "1233216972", "highway": "unclassified", "oneway": false, "reversed": "False", "length": 29.682073315128175, "lanes": null, "name": null, "ref": null, "bridge": null, "maxspeed": "30", "access": null }, "geometry": { "type": "LineString", "coordinates": [ [ 124.9710876, 10.3791123 ], [ 124.9712777, 10.3789218 ] ] } },
{ "type": "Feature", "properties": { "u": 504809001, "v": 2528329259, "key": 0, "osmid": "245680800", "highway": "primary", "oneway": false, "reversed": "False", "length": 69.734843772271574, "lanes": "2", "name": "Maasin – Macrohon – Sogod Road", "ref": "692", "bridge": null, "maxspeed": null, "access": null }, "geometry": { "type": "LineString", "coordinates": [ [ 124.9710876, 10.3791123 ], [ 124.9711545, 10.3792368 ], [ 124.9712269, 10.3794409 ], [ 124.9712719, 10.3797074 ] ] } },
{ "type": "Feature", "properties": { "u": 504809001, "v": 2528329218, "key": 0, "osmid": "245680800", "highway": "primary", "oneway": false, "reversed": "True", "length": 52.751486553292047, "lanes": "2", "name": "Maasin – Macrohon – Sogod Road", "ref": "692", "bridge": null, "maxspeed": null, "access": null }, "geometry": { "type": "LineString", "coordinates": [ [ 124.9710876, 10.3791123 ], [ 124.9708118, 10.3788577 ], [ 124.9707214, 10.378807 ] ] } },
{ "type": "Feature", "properties": { "u": 504809309, "v": 3985402644, "key": 0, "osmid": [ 395699793, 180523522, 392893676 ], "highway": "trunk", "oneway": false, "reversed": "False", "length": 912.31654543657066, "lanes": "2", "name": "Maharlika Highway", "ref": "1", "bridge": "yes", "maxspeed": null, "access": null }, "geometry": { "type": "LineString", "coordinates": [ [ 124.9659439, 10.5413161 ], [ 124.9654742, 10.5415291 ], [ 124.964069, 10.5421601 ], [ 124.9638239, 10.5422923 ], [ 124.9637127, 10.5424107 ], [ 124.9636066, 10.5425957 ], [ 124.9635345, 10.542792 ], [ 124.9634586, 10.5431136 ], [ 124.9633992, 10.5434721 ], [ 124.9633425, 10.5437355 ], [ 124.9631778, 10.544105 ], [ 124.96284, 10.5444246 ], [ 124.9624938, 10.5447069 ], [ 124.9621898, 10.5449642 ], [ 124.9618394, 10.545234 ], [ 124.9614256, 10.5456533 ], [ 124.9612314, 10.5459936 ], [ 124.9611427, 10.5462925 ], [ 124.9610878, 10.5465332 ], [ 124.9609907, 10.5469193 ], [ 124.9609063, 10.5471019 ], [ 124.9608415, 10.5471633 ] ] } },
{ "type": "Feature", "properties": { "u": 504809309, "v": 2526223263, "key": 0, "osmid": "180523522", "highway": "trunk", "oneway": false, "reversed": "True", "length": 1352.0190736493798, "lanes": "2", "name": "Maharlika Highway", "ref": "1", "bridge": null, "maxspeed": null, "access": null }, "geometry": { "type": "LineString", "coordinates": [ [ 124.9659439, 10.5413161 ], [ 124.9662167, 10.5411134 ], [ 124.9664637, 10.5408952 ], [ 124.9666838, 10.540647 ], [ 124.9667757, 10.540514 ], [ 124.9668487, 10.5403762 ], [ 124.9668975, 10.5402342 ], [ 124.9669072, 10.5400808 ], [ 124.9668992, 10.5399444 ], [ 124.9668703, 10.5398102 ], [ 124.9668337, 10.5396692 ], [ 124.9667644, 10.5395689 ], [ 124.9666631, 10.5394474 ], [ 124.9660824, 10.5388762 ], [ 124.9658873, 10.5386198 ], [ 124.9657105, 10.5383071 ], [ 124.9656061, 10.537986 ], [ 124.9655482, 10.5376616 ], [ 124.9655417, 10.5375055 ], [ 124.965563, 10.5372064 ], [ 124.9657231, 10.5364931 ], [ 124.9659419, 10.5356402 ], [ 124.9660152, 10.53533 ], [ 124.9659874, 10.5351078 ], [ 124.965948, 10.5349445 ], [ 124.9658477, 10.5346243 ], [ 124.965199, 10.5333627 ], [ 124.9651032, 10.5330784 ], [ 124.9650663, 10.532882 ], [ 124.9650944, 10.5326739 ], [ 124.9651866, 10.5324639 ], [ 124.9653366, 10.5322422 ], [ 124.9658414, 10.5315593 ], [ 124.965993, 10.5312727 ], [ 124.9660854, 10.5310239 ], [ 124.9661306, 10.5308122 ], [ 124.9661429, 10.5306865 ], [ 124.9661356, 10.5305818 ], [ 124.9661136, 10.5304956 ] ] } },
{ "type": "Feature", "properties": { "u": 504809309, "v": 2526223368, "key": 0, "osmid": "245414499", "highway": "residential", "oneway": false, "reversed": "False", "length": 185.89740657066963, "lanes": null, "name": null, "ref": null, "bridge": null, "maxspeed": null, "access": null }, "geometry": { "type": "LineString", "coordinates": [ [ 124.9659439, 10.5413161 ], [ 124.966199, 10.5415678 ], [ 124.9664465, 10.5418125 ], [ 124.9666204, 10.5419826 ], [ 124.9669838, 10.5423378 ], [ 124.9670981, 10.5425344 ] ] } },
{ "type": "Feature", "properties": { "u": 504809561, "v": 2527045950, "key": 0, "osmid": "84969750", "highway": "trunk", "oneway": false, "reversed": "True", "length": 10.30919543242479, "lanes": "2", "name": "Maharlika Highway", "ref": "1", "bridge": null, "maxspeed": null, "access": null }, "geometry": { "type": "LineString", "coordinates": [ [ 125.0082205, 10.4215404 ], [ 125.0082304, 10.4214482 ] ] } },
{ "type": "Feature", "properties": { "u": 504809561, "v": 8462946296, "key": 0, "osmid": [ 248635552, 248635553, 84969750 ], "highway": "trunk", "oneway": false, "reversed": "False", "length": 9968.4721516689115, "lanes": "2", "name": "Maharlika Highway", "ref": "1", "bridge": "yes", "maxspeed": null, "access": null }, "geometry": { "type": "LineString", "coordinates": [ [ 125.0082205, 10.4215404 ], [ 125.0081833, 10.42168 ], [ 125.0081485, 10.42174 ], [ 125.0081082, 10.421802 ], [ 125.008015, 10.4218903 ], [ 125.0079098, 10.4219438 ], [ 125.0078125, 10.4219833 ], [ 125.0076489, 10.4220123 ], [ 125.0075202, 10.4220084 ], [ 125.0073291, 10.4219424 ], [ 125.0070463, 10.4218254 ], [ 125.0065383, 10.4214451 ], [ 125.006418, 10.4214082 ], [ 125.0062786, 10.4213608 ], [ 125.006157, 10.4213756 ], [ 125.0060636, 10.4214086 ], [ 125.0059631, 10.4214732 ], [ 125.0059231, 10.4215487 ], [ 125.0058663, 10.4216414 ], [ 125.0058374, 10.4217402 ], [ 125.0058332, 10.4218435 ], [ 125.0058559, 10.4219441 ], [ 125.0059077, 10.4220358 ], [ 125.0059815, 10.422115 ], [ 125.0061571, 10.4222392 ], [ 125.0063411, 10.422347 ], [ 125.0064205, 10.4224127 ], [ 125.0064882, 10.4224925 ], [ 125.0065388, 10.422581 ], [ 125.0065713, 10.4226764 ], [ 125.006586, 10.4227766 ], [ 125.0065808, 10.4228782 ], [ 125.0065541, 10.4229787 ], [ 125.0064488, 10.4231581 ], [ 125.0061382, 10.4234734 ], [ 125.0060242, 10.4236561 ], [ 125.0059925, 10.4237599 ], [ 125.0059817, 10.4238686 ], [ 125.0059911, 10.4239816 ], [ 125.0060793, 10.4243226 ], [ 125.0060978, 10.4244406 ], [ 125.0060921, 10.4245625 ], [ 125.0060577, 10.4246816 ], [ 125.0059954, 10.4247898 ], [ 125.0057506, 10.4250585 ], [ 125.0056245, 10.4252722 ], [ 125.005575, 10.4255205 ], [ 125.0055477, 10.4257641 ], [ 125.0056171, 10.4259943 ], [ 125.0056614, 10.426117 ], [ 125.0057915, 10.4263148 ], [ 125.0058901, 10.4264137 ], [ 125.005996, 10.4265061 ], [ 125.0062126, 10.4266307 ], [ 125.0066847, 10.4268213 ], [ 125.0068355, 10.4269387 ], [ 125.0069207, 10.4270574 ], [ 125.0069492, 10.4271698 ], [ 125.006949, 10.427288 ], [ 125.0069567, 10.4276598 ], [ 125.0070156, 10.4278952 ], [ 125.0070721, 10.428006 ], [ 125.0071512, 10.4281037 ], [ 125.007445, 10.4283118 ], [ 125.0075409, 10.4284067 ], [ 125.007602, 10.4285202 ], [ 125.007639, 10.428646 ], [ 125.0076669, 10.4287642 ], [ 125.0076629, 10.4288906 ], [ 125.0076357, 10.429017 ], [ 125.0075153, 10.4293639 ], [ 125.0074871, 10.4294758 ], [ 125.0074781, 10.4295932 ], [ 125.0074892, 10.4297111 ], [ 125.0075262, 10.4298225 ], [ 125.0075874, 10.429926 ], [ 125.0077119, 10.4299881 ], [ 125.0078005, 10.4300395 ], [ 125.0082652, 10.4302974 ], [ 125.0084978, 10.4304583 ], [ 125.0085854, 10.4305503 ], [ 125.0085935, 10.4305588 ], [ 125.0086863, 10.4306562 ], [ 125.0087788, 10.4307795 ], [ 125.0088572, 10.4310461 ], [ 125.0088937, 10.4311782 ], [ 125.0089371, 10.431447 ], [ 125.00921, 10.4338025 ], [ 125.0091748, 10.4340593 ], [ 125.0091129, 10.4341682 ], [ 125.0090437, 10.434245 ], [ 125.0089652, 10.4343188 ], [ 125.0088847, 10.434365 ], [ 125.0087969, 10.4344046 ], [ 125.0087097, 10.4344184 ], [ 125.0085998, 10.4344164 ], [ 125.0084791, 10.4343604 ], [ 125.0081176, 10.4341236 ], [ 125.0079835, 10.4340524 ], [ 125.007714, 10.4340471 ], [ 125.0075876, 10.4341147 ], [ 125.0075289, 10.4342032 ], [ 125.0074592, 10.434284 ], [ 125.0074113, 10.4343826 ], [ 125.0073891, 10.4344868 ], [ 125.0074036, 10.4348262 ], [ 125.0075544, 10.4359649 ], [ 125.0076241, 10.4362227 ], [ 125.0077488, 10.4365129 ], [ 125.007785, 10.4366672 ], [ 125.0077504, 10.4368189 ], [ 125.0077355, 10.4369292 ], [ 125.0076, 10.4372546 ], [ 125.0075282, 10.4374886 ], [ 125.0074675, 10.4379899 ], [ 125.0073084, 10.4389382 ], [ 125.0072841, 10.4390822 ], [ 125.0073485, 10.4392879 ], [ 125.0074115, 10.4394817 ], [ 125.0074987, 10.4396255 ], [ 125.0075953, 10.4397455 ], [ 125.007716, 10.439851 ], [ 125.0078487, 10.4399328 ], [ 125.0081639, 10.4400621 ], [ 125.0092649, 10.4404986 ], [ 125.0094182, 10.4405728 ], [ 125.0095174, 10.4406704 ], [ 125.0095593, 10.4407822 ], [ 125.0095502, 10.4409119 ], [ 125.0095361, 10.4410568 ], [ 125.0094832, 10.4412625 ], [ 125.009152, 10.4421081 ], [ 125.0088807, 10.4431733 ], [ 125.0088781, 10.4434173 ], [ 125.0088948, 10.4435446 ], [ 125.0089102, 10.4436283 ], [ 125.0089659, 10.4437325 ], [ 125.0090558, 10.44384 ], [ 125.0096137, 10.444446 ], [ 125.0096861, 10.4446584 ], [ 125.0096968, 10.4448391 ], [ 125.0096572, 10.4449439 ], [ 125.0096094, 10.4450655 ], [ 125.0095632, 10.4451531 ], [ 125.009488, 10.4452582 ], [ 125.0093107, 10.4454082 ], [ 125.009095, 10.4455524 ], [ 125.0089807, 10.4456016 ], [ 125.0088851, 10.4456233 ], [ 125.0087928, 10.4456194 ], [ 125.0087048, 10.4456041 ], [ 125.0086089, 10.4455772 ], [ 125.0085267, 10.4455315 ], [ 125.0084362, 10.4454682 ], [ 125.0083691, 10.4453739 ], [ 125.0080587, 10.4448639 ], [ 125.0079591, 10.4447499 ], [ 125.0078514, 10.4446771 ], [ 125.0077464, 10.4446314 ], [ 125.0076089, 10.4446426 ], [ 125.0074947, 10.4446749 ], [ 125.0073599, 10.4447322 ], [ 125.0072862, 10.4448068 ], [ 125.0072529, 10.4449278 ], [ 125.0072017, 10.4450289 ], [ 125.0069035, 10.4457893 ], [ 125.0068882, 10.4458996 ], [ 125.0069123, 10.4460086 ], [ 125.0069428, 10.4460993 ], [ 125.0069884, 10.4461916 ], [ 125.007091, 10.446303 ], [ 125.0073083, 10.4465721 ], [ 125.0073968, 10.4467264 ], [ 125.0074357, 10.4468886 ], [ 125.0074947, 10.4473416 ], [ 125.0075108, 10.447457 ], [ 125.0075186, 10.4475642 ], [ 125.0075899, 10.4476409 ], [ 125.0076804, 10.4477006 ], [ 125.0091123, 10.4480172 ], [ 125.0092224, 10.4480514 ], [ 125.0093193, 10.448102 ], [ 125.0093992, 10.4481727 ], [ 125.0094639, 10.4482601 ], [ 125.0095088, 10.4483602 ], [ 125.0095237, 10.4484716 ], [ 125.0095055, 10.4486991 ], [ 125.0092019, 10.4498204 ], [ 125.0090993, 10.4500921 ], [ 125.0090885, 10.450205 ], [ 125.0090954, 10.4503131 ], [ 125.0091283, 10.4504116 ], [ 125.0091802, 10.4505025 ], [ 125.0092503, 10.4505811 ], [ 125.009345, 10.4506407 ], [ 125.0094524, 10.4506791 ], [ 125.0095665, 10.4506878 ], [ 125.0096883, 10.4506635 ], [ 125.0097955, 10.4506223 ], [ 125.0099893, 10.4504747 ], [ 125.0104555, 10.4500387 ], [ 125.0106605, 10.44991 ], [ 125.010775, 10.449876 ], [ 125.0108956, 10.4498625 ], [ 125.0110157, 10.4498796 ], [ 125.0111257, 10.4499204 ], [ 125.0112243, 10.4499839 ], [ 125.0113104, 10.4500647 ], [ 125.0113814, 10.4501707 ], [ 125.0114275, 10.4502831 ], [ 125.0114477, 10.4504053 ], [ 125.0114399, 10.4505327 ], [ 125.0114016, 10.4506633 ], [ 125.0111774, 10.451139 ], [ 125.0111325, 10.4513725 ], [ 125.0111467, 10.4514857 ], [ 125.0111857, 10.4515955 ], [ 125.0114117, 10.4519758 ], [ 125.0114489, 10.4520955 ], [ 125.0114608, 10.4523147 ], [ 125.0114005, 10.4525176 ], [ 125.0112573, 10.4528039 ], [ 125.0106245, 10.4538895 ], [ 125.0103899, 10.4543306 ], [ 125.010253, 10.4546892 ], [ 125.010196, 10.4549408 ], [ 125.0101773, 10.4550637 ], [ 125.0101685, 10.455454 ], [ 125.0102113, 10.4558237 ], [ 125.0104652, 10.4564 ], [ 125.0106264, 10.4568723 ], [ 125.0106666, 10.4571015 ], [ 125.010653, 10.4572189 ], [ 125.010616, 10.4573307 ], [ 125.0105562, 10.4574367 ], [ 125.0104795, 10.4575288 ], [ 125.0103842, 10.4576091 ], [ 125.0092956, 10.4582602 ], [ 125.0087521, 10.4587148 ], [ 125.0085521, 10.4589024 ], [ 125.0085086, 10.4589628 ], [ 125.0084507, 10.4590431 ], [ 125.0082297, 10.4596456 ], [ 125.0080311, 10.4600299 ], [ 125.0073505, 10.4610973 ], [ 125.0066718, 10.4621041 ], [ 125.0065861, 10.4622183 ], [ 125.0063886, 10.4624232 ], [ 125.0059479, 10.462769 ], [ 125.0058552, 10.4628564 ], [ 125.0057836, 10.4629503 ], [ 125.0057345, 10.4630521 ], [ 125.0057157, 10.4631538 ], [ 125.005723, 10.463261 ], [ 125.0057553, 10.4633617 ], [ 125.0058136, 10.4634506 ], [ 125.0058916, 10.4635197 ], [ 125.0059855, 10.4635641 ], [ 125.0061962, 10.4635944 ], [ 125.0065127, 10.4635957 ], [ 125.0066112, 10.4636207 ], [ 125.0067027, 10.4636647 ], [ 125.0067802, 10.4637326 ], [ 125.0068377, 10.4638185 ], [ 125.006876, 10.4639175 ], [ 125.0068873, 10.464026 ], [ 125.0068681, 10.4641346 ], [ 125.0068211, 10.4642375 ], [ 125.0067562, 10.4643332 ], [ 125.0060803, 10.4651384 ], [ 125.0059062, 10.4653095 ], [ 125.0058089, 10.4653633 ], [ 125.0057044, 10.4653877 ], [ 125.0053923, 10.4653791 ], [ 125.0052113, 10.4654465 ], [ 125.0051323, 10.4654846 ], [ 125.0050455, 10.4655474 ], [ 125.0049804, 10.4656086 ], [ 125.0049291, 10.4656946 ], [ 125.0048789, 10.4658121 ], [ 125.0046254, 10.466854 ], [ 125.0042739, 10.4676625 ], [ 125.0041358, 10.4681137 ], [ 125.0040805, 10.4687224 ], [ 125.0040581, 10.4689922 ], [ 125.0040541, 10.4691102 ], [ 125.0040663, 10.4692281 ], [ 125.0041113, 10.4693149 ], [ 125.0041894, 10.469404 ], [ 125.0042821, 10.4694732 ], [ 125.0043878, 10.4695138 ], [ 125.004493, 10.4695254 ], [ 125.0045951, 10.4695094 ], [ 125.0046899, 10.4694698 ], [ 125.004884, 10.469369 ], [ 125.0052083, 10.4690399 ], [ 125.0055639, 10.4686828 ], [ 125.0057943, 10.468598 ], [ 125.0059128, 10.468596 ], [ 125.0060177, 10.468624 ], [ 125.0061022, 10.468672 ], [ 125.0061095, 10.4686762 ], [ 125.00618, 10.4687488 ], [ 125.0062288, 10.4688371 ], [ 125.0062556, 10.468935 ], [ 125.0062521, 10.4690357 ], [ 125.0062233, 10.4691349 ], [ 125.0060116, 10.4695067 ], [ 125.0059721, 10.4696086 ], [ 125.0058978, 10.4698187 ], [ 125.0059009, 10.469922 ], [ 125.0059012, 10.4699322 ], [ 125.0059271, 10.4700761 ], [ 125.0061375, 10.4706764 ], [ 125.0061505, 10.4707974 ], [ 125.0061446, 10.4708894 ], [ 125.006114, 10.4710006 ], [ 125.0060709, 10.4711019 ], [ 125.0059727, 10.4711839 ], [ 125.0053552, 10.4715813 ], [ 125.0052323, 10.4716845 ], [ 125.0051185, 10.4717801 ], [ 125.0049292, 10.4720106 ], [ 125.004777, 10.4722671 ], [ 125.004669, 10.4725304 ], [ 125.0046348, 10.4726559 ], [ 125.0046173, 10.47291 ], [ 125.0046772, 10.473164 ], [ 125.0048396, 10.473512 ], [ 125.0048758, 10.4736278 ], [ 125.0048861, 10.4737459 ], [ 125.0048663, 10.4738638 ], [ 125.0048166, 10.4739708 ], [ 125.0047416, 10.4740615 ], [ 125.0044629, 10.4742961 ], [ 125.0042946, 10.4744627 ], [ 125.0042284, 10.4745565 ], [ 125.0041846, 10.4746598 ], [ 125.0041634, 10.474769 ], [ 125.0041722, 10.4750088 ], [ 125.0042052, 10.4752535 ], [ 125.0042443, 10.4754923 ], [ 125.0042801, 10.4756056 ], [ 125.0043347, 10.4757096 ], [ 125.0044079, 10.4757975 ], [ 125.0048314, 10.4761689 ], [ 125.0050086, 10.4764329 ], [ 125.0050712, 10.4766287 ], [ 125.0050827, 10.4767326 ], [ 125.0050705, 10.4768365 ], [ 125.0050364, 10.4769377 ], [ 125.0049857, 10.4770292 ], [ 125.0049133, 10.4771121 ], [ 125.004823, 10.4771811 ], [ 125.0047242, 10.4772298 ], [ 125.0046168, 10.4772557 ], [ 125.0045028, 10.4772618 ], [ 125.0041638, 10.4772156 ], [ 125.0038366, 10.4771916 ], [ 125.00364, 10.4772389 ], [ 125.003567, 10.4772686 ], [ 125.003426, 10.4773515 ], [ 125.0033203, 10.4774894 ], [ 125.0033264, 10.4776933 ], [ 125.0034565, 10.478195 ], [ 125.0034991, 10.4786288 ], [ 125.0034922, 10.4787599 ], [ 125.003478, 10.4788971 ], [ 125.0034382, 10.4790105 ], [ 125.0033935, 10.4790856 ], [ 125.0033276, 10.4791878 ], [ 125.0032568, 10.4792839 ], [ 125.0030703, 10.4794544 ], [ 125.002958, 10.4795299 ], [ 125.002709, 10.4796614 ], [ 125.0023172, 10.4798536 ], [ 125.0021222, 10.479918 ], [ 125.0018355, 10.4799957 ], [ 125.0013865, 10.4800436 ], [ 125.0009386, 10.4800913 ], [ 125.0007067, 10.4801669 ], [ 125.0005697, 10.4802557 ], [ 125.0005156, 10.4803031 ], [ 125.0004498, 10.4803941 ], [ 125.0003708, 10.480584 ], [ 125.0003551, 10.4807747 ], [ 125.0003942, 10.4808703 ], [ 125.0005222, 10.4810333 ], [ 125.0008058, 10.4812299 ], [ 125.0014448, 10.4816344 ], [ 125.0015571, 10.4816972 ] ] } },
{ "type": "Feature", "properties": { "u": 504809561, "v": 11137495494, "key": 0, "osmid": [ 399624921, 245524835, 245520863 ], "highway": "tertiary", "oneway": false, "reversed": "True", "length": 696.82193517828728, "lanes": "2", "name": "Diversion Road", "ref": "692", "bridge": "yes", "maxspeed": null, "access": null }, "geometry": { "type": "LineString", "coordinates": [ [ 125.0082205, 10.4215404 ], [ 125.0078989, 10.4214441 ], [ 125.0076006, 10.4213502 ], [ 125.0071346, 10.4211774 ], [ 125.0066438, 10.4209558 ], [ 125.0062314, 10.420791 ], [ 125.0059276, 10.4207024 ], [ 125.0056708, 10.4206393 ], [ 125.005428, 10.4206604 ], [ 125.0051866, 10.4207633 ], [ 125.0049721, 10.4208833 ], [ 125.0043839, 10.4212309 ], [ 125.0041207, 10.4213755 ], [ 125.0039202, 10.4214457 ], [ 125.0034764, 10.4215268 ], [ 125.0028801, 10.4216269 ], [ 125.0025478, 10.4216846 ], [ 125.0024089, 10.4216942 ], [ 125.002323, 10.4216995 ], [ 125.002239, 10.4216915 ] ] } },
{ "type": "Feature", "properties": { "u": 504810693, "v": 470490377, "key": 0, "osmid": "41261154", "highway": "unclassified", "oneway": false, "reversed": "True", "length": 735.64196596809859, "lanes": null, "name": null, "ref": null, "bridge": null, "maxspeed": null, "access": null }, "geometry": { "type": "LineString", "coordinates": [ [ 124.9976222, 10.4984622 ], [ 124.9978724, 10.4983389 ], [ 124.9979972, 10.4982886 ], [ 124.9980888, 10.4982682 ], [ 124.9982371, 10.4982236 ], [ 124.9983905, 10.4982133 ], [ 124.9985133, 10.4982123 ], [ 124.9986407, 10.4982172 ], [ 124.9987941, 10.4982451 ], [ 124.9991143, 10.4983039 ], [ 124.9992632, 10.4983159 ], [ 124.9993909, 10.4983101 ], [ 124.9995343, 10.4982742 ], [ 124.9996363, 10.4982475 ], [ 124.9997551, 10.4981875 ], [ 124.9998375, 10.4981296 ], [ 124.9999203, 10.4980642 ], [ 124.9999849, 10.4979903 ], [ 125.0000216, 10.4979284 ], [ 125.0000397, 10.497852 ], [ 125.0000357, 10.4976802 ], [ 125.0000261, 10.4973711 ], [ 125.0000297, 10.4970961 ], [ 125.0000813, 10.4968126 ], [ 125.0001166, 10.4965551 ], [ 125.000123, 10.4964481 ], [ 125.0001253, 10.4963621 ], [ 125.0001296, 10.4961949 ], [ 125.0000323, 10.4959015 ], [ 124.9998638, 10.4956263 ], [ 124.9996019, 10.4953534 ], [ 124.9991979, 10.4950175 ], [ 124.9991329, 10.4949433 ], [ 124.9990672, 10.4948497 ], [ 124.9989926, 10.49469 ], [ 124.9988128, 10.4943197 ] ] } },
{ "type": "Feature", "properties": { "u": 504810693, "v": 470490377, "key": 1, "osmid": [ 248635553, 41261189, 1215694879 ], "highway": "trunk", "oneway": false, "reversed": "True", "length": 479.78765461254216, "lanes": "2", "name": "Maharlika Highway", "ref": "1", "bridge": "yes", "maxspeed": null, "access": null }, "geometry": { "type": "LineString", "coordinates": [ [ 124.9976222, 10.4984622 ], [ 124.9977364, 10.4982257 ], [ 124.9980121, 10.4972972 ], [ 124.9983688, 10.4959852 ], [ 124.9986757, 10.4951152 ], [ 124.9988128, 10.4943197 ] ] } },
{ "type": "Feature", "properties": { "u": 504810693, "v": 504406794, "key": 0, "osmid": [ 180523488, 180523489, 180523520, 180523523, 248637509, 180523476, 180523477, 245523702, 41261178, 1215694879 ], "highway": "trunk", "oneway": false, "reversed": "False", "length": 5907.6483383365767, "lanes": "2", "name": "Maharlika Highway", "ref": "1", "bridge": [ "viaduct", "yes" ], "maxspeed": null, "access": null }, "geometry": { "type": "LineString", "coordinates": [ [ 124.9976222, 10.4984622 ], [ 124.9975045, 10.4987027 ], [ 124.9973709, 10.498888 ], [ 124.9971741, 10.49902 ], [ 124.9970264, 10.4991016 ], [ 124.9968275, 10.4991598 ], [ 124.9965498, 10.4992092 ], [ 124.996106, 10.4992461 ], [ 124.9958834, 10.4992909 ], [ 124.9957466, 10.4993385 ], [ 124.9956434, 10.4993885 ], [ 124.995516, 10.4994637 ], [ 124.9953939, 10.4995507 ], [ 124.9951954, 10.4997868 ], [ 124.9950493, 10.4999028 ], [ 124.9948856, 10.5000769 ], [ 124.994675, 10.5001745 ], [ 124.994427, 10.5002588 ], [ 124.9942567, 10.5002628 ], [ 124.9939965, 10.5002733 ], [ 124.9937417, 10.5003208 ], [ 124.9934905, 10.5003667 ], [ 124.9933755, 10.500399 ], [ 124.9930791, 10.500509 ], [ 124.9927726, 10.5005651 ], [ 124.9925836, 10.5006325 ], [ 124.9924177, 10.5006571 ], [ 124.9922458, 10.5006648 ], [ 124.9920039, 10.5005823 ], [ 124.9917744, 10.5004866 ], [ 124.9915739, 10.5004151 ], [ 124.9915267, 10.5004064 ], [ 124.9912072, 10.5003473 ], [ 124.9901467, 10.500243 ], [ 124.9898166, 10.500143 ], [ 124.9892934, 10.4999828 ], [ 124.989096, 10.499946 ], [ 124.9889231, 10.5000028 ], [ 124.9888421, 10.5000507 ], [ 124.9887487, 10.5001308 ], [ 124.9887157, 10.5002618 ], [ 124.9887078, 10.5003575 ], [ 124.9887341, 10.5004496 ], [ 124.9887951, 10.5005503 ], [ 124.9889104, 10.5006785 ], [ 124.989123, 10.5008271 ], [ 124.9894138, 10.5009168 ], [ 124.9895762, 10.5009373 ], [ 124.9896543, 10.5009471 ], [ 124.989767, 10.5009446 ], [ 124.9899929, 10.5009582 ], [ 124.990173, 10.5009748 ], [ 124.9903245, 10.5010262 ], [ 124.9904345, 10.5010974 ], [ 124.990519, 10.5012188 ], [ 124.990515, 10.5013888 ], [ 124.9903608, 10.5016289 ], [ 124.9902213, 10.5018174 ], [ 124.9901154, 10.5020113 ], [ 124.9900469, 10.5022355 ], [ 124.9900456, 10.502271 ], [ 124.9900402, 10.5024173 ], [ 124.9900993, 10.5026283 ], [ 124.990228, 10.5028157 ], [ 124.9903097, 10.5029158 ], [ 124.9903821, 10.5030148 ], [ 124.9904453, 10.5031123 ], [ 124.9904908, 10.5032441 ], [ 124.9904962, 10.5033893 ], [ 124.9904895, 10.5034039 ], [ 124.9904344, 10.5035238 ], [ 124.9903313, 10.503645 ], [ 124.990169, 10.5037255 ], [ 124.9899718, 10.5037888 ], [ 124.9896682, 10.5039137 ], [ 124.9891332, 10.5041509 ], [ 124.9888662, 10.5042872 ], [ 124.988569, 10.5044389 ], [ 124.9880111, 10.5047171 ], [ 124.9877202, 10.504848 ], [ 124.9875415, 10.504956 ], [ 124.9873786, 10.5051028 ], [ 124.9872034, 10.505343 ], [ 124.9870223, 10.5056223 ], [ 124.9869747, 10.5057001 ], [ 124.9868022, 10.5059821 ], [ 124.9866127, 10.5061274 ], [ 124.9863903, 10.5062324 ], [ 124.9862083, 10.506279 ], [ 124.9860048, 10.5062995 ], [ 124.9854858, 10.5063494 ], [ 124.9851919, 10.5063989 ], [ 124.9849737, 10.5065153 ], [ 124.9848959, 10.5065872 ], [ 124.9848409, 10.5066732 ], [ 124.9848184, 10.506739 ], [ 124.9847982, 10.5068898 ], [ 124.9848095, 10.5070119 ], [ 124.9849116, 10.5079171 ], [ 124.984905, 10.5081298 ], [ 124.9848794, 10.5082546 ], [ 124.9848304, 10.5083926 ], [ 124.9847733, 10.5084885 ], [ 124.9846075, 10.5087683 ], [ 124.9843599, 10.5091543 ], [ 124.9841301, 10.5094224 ], [ 124.9838988, 10.5096855 ], [ 124.9833028, 10.5102973 ], [ 124.9830754, 10.5105211 ], [ 124.9829915, 10.5106175 ], [ 124.9828972, 10.5107916 ], [ 124.9828267, 10.5110793 ], [ 124.9825269, 10.5123912 ], [ 124.9824052, 10.5127604 ], [ 124.982231, 10.5130684 ], [ 124.9817776, 10.5137459 ], [ 124.9816794, 10.5139009 ], [ 124.9816586, 10.5140003 ], [ 124.9816497, 10.5142021 ], [ 124.981877, 10.5149816 ], [ 124.9818878, 10.5152556 ], [ 124.9818715, 10.5154993 ], [ 124.9818484, 10.5156212 ], [ 124.9817673, 10.5158582 ], [ 124.9817154, 10.515982 ], [ 124.9815208, 10.5163287 ], [ 124.9811024, 10.5172232 ], [ 124.9809247, 10.5175155 ], [ 124.9806874, 10.5178676 ], [ 124.980404, 10.5182571 ], [ 124.9798117, 10.519076 ], [ 124.9795273, 10.5195643 ], [ 124.9794894, 10.5196504 ], [ 124.97936, 10.5199449 ], [ 124.9792849, 10.5201914 ], [ 124.9792428, 10.5204287 ], [ 124.979245, 10.520784 ], [ 124.9792957, 10.5210152 ], [ 124.9795124, 10.5215993 ], [ 124.9795384, 10.5217256 ], [ 124.9795453, 10.5218582 ], [ 124.9795292, 10.5219897 ], [ 124.9794457, 10.5222461 ], [ 124.9790154, 10.5232148 ], [ 124.9788472, 10.5236767 ], [ 124.9787853, 10.524001 ], [ 124.978794, 10.5247118 ], [ 124.9787473, 10.5250377 ], [ 124.9785771, 10.5254334 ], [ 124.9780936, 10.526404 ], [ 124.9780466, 10.5266617 ], [ 124.9780331, 10.5270492 ], [ 124.9780123, 10.527291 ], [ 124.9779508, 10.5275109 ], [ 124.9779005, 10.5276088 ], [ 124.9777605, 10.5277805 ], [ 124.9775651, 10.5279164 ], [ 124.9774527, 10.5279638 ], [ 124.9773315, 10.5279931 ], [ 124.9772039, 10.5280031 ], [ 124.9755131, 10.5278574 ], [ 124.9751415, 10.5278254 ], [ 124.9740224, 10.5277467 ], [ 124.9738623, 10.5277282 ], [ 124.9736518, 10.5276669 ], [ 124.9734541, 10.5275417 ], [ 124.9733747, 10.5274627 ], [ 124.9733299, 10.5273759 ], [ 124.973294, 10.5272931 ], [ 124.9729737, 10.5259255 ], [ 124.9729423, 10.5257834 ], [ 124.972864, 10.525672 ], [ 124.9728049, 10.5256213 ], [ 124.972721, 10.5255638 ], [ 124.9726223, 10.5255243 ], [ 124.9725, 10.5254837 ], [ 124.9720587, 10.5253679 ], [ 124.9706296, 10.5250143 ], [ 124.9704332, 10.5249676 ] ] } },
{ "type": "Feature", "properties": { "u": 505376350, "v": 8314350275, "key": 0, "osmid": [ 165931509, 165931508, 165931093 ], "highway": "trunk", "oneway": false, "reversed": "False", "length": 482.42487840690279, "lanes": "2", "name": "Maharlika Highway", "ref": "1", "bridge": "yes", "maxspeed": null, "access": null }, "geometry": { "type": "LineString", "coordinates": [ [ 125.0187547, 10.3801196 ], [ 125.0186431, 10.3808495 ], [ 125.0185893, 10.3811731 ], [ 125.0181537, 10.3838921 ], [ 125.0179736, 10.3842889 ], [ 125.0179238, 10.3843589 ] ] } },
{ "type": "Feature", "properties": { "u": 505376350, "v": 8323952742, "key": 0, "osmid": [ 165931088, 165931093, 165931087 ], "highway": "trunk", "oneway": false, "reversed": "True", "length": 1001.6671873760459, "lanes": "2", "name": "Maharlika Highway", "ref": "1", "bridge": "yes", "maxspeed": null, "access": null }, "geometry": { "type": "LineString", "coordinates": [ [ 125.0187547, 10.3801196 ], [ 125.0190002, 10.3785939 ], [ 125.0190254, 10.3784362 ], [ 125.0191731, 10.3775052 ], [ 125.0192467, 10.3771979 ], [ 125.0193124, 10.3769434 ], [ 125.0194039, 10.3767046 ], [ 125.0200427, 10.3754694 ], [ 125.0206775, 10.3743067 ], [ 125.0214676, 10.3728307 ], [ 125.0216268, 10.3725606 ], [ 125.0218457, 10.3722748 ], [ 125.0220666, 10.3720282 ], [ 125.0221792, 10.3719188 ] ] } },
{ "type": "Feature", "properties": { "u": 505376350, "v": 12049666961, "key": 0, "osmid": "894226771", "highway": "unclassified", "oneway": false, "reversed": "False", "length": 549.50646191446344, "lanes": null, "name": null, "ref": null, "bridge": null, "maxspeed": null, "access": null }, "geometry": { "type": "LineString", "coordinates": [ [ 125.0187547, 10.3801196 ], [ 125.0185025, 10.3800779 ], [ 125.0178507, 10.3799908 ], [ 125.0175074, 10.3798497 ], [ 125.0173719, 10.3797336 ], [ 125.0165512, 10.37895 ], [ 125.0162213, 10.378673 ], [ 125.0158176, 10.3784184 ], [ 125.0153576, 10.378144 ], [ 125.0152704, 10.3780437 ], [ 125.0150572, 10.3776638 ], [ 125.0149821, 10.3774435 ], [ 125.0149003, 10.3773789 ], [ 125.0148614, 10.3773525 ] ] } },
{ "type": "Feature", "properties": { "u": 505376350, "v": 8324017449, "key": 0, "osmid": "894226771", "highway": "unclassified", "oneway": false, "reversed": "True", "length": 819.82679522304613, "lanes": null, "name": null, "ref": null, "bridge": null, "maxspeed": null, "access": null }, "geometry": { "type": "LineString", "coordinates": [ [ 125.0187547, 10.3801196 ], [ 125.0190557, 10.3801768 ], [ 125.0197108, 10.3803338 ], [ 125.0200273, 10.3804789 ], [ 125.0201467, 10.3805218 ], [ 125.02038, 10.3805541 ], [ 125.0211284, 10.3806464 ], [ 125.0216071, 10.3807942 ], [ 125.0218901, 10.3808614 ], [ 125.022098, 10.3809525 ], [ 125.0224198, 10.3811635 ], [ 125.0227457, 10.381397 ], [ 125.0229241, 10.3814722 ], [ 125.0230448, 10.3814841 ], [ 125.0231977, 10.3815131 ], [ 125.0233881, 10.3815606 ], [ 125.0235665, 10.3816556 ], [ 125.0238615, 10.3818297 ], [ 125.0239809, 10.3818798 ], [ 125.0241096, 10.3819049 ], [ 125.0242598, 10.3819313 ], [ 125.0243926, 10.3819946 ], [ 125.024512, 10.3820896 ], [ 125.0246112, 10.3821621 ], [ 125.0249076, 10.3822729 ], [ 125.0257377, 10.3825236 ] ] } },
{ "type": "Feature", "properties": { "u": 505376369, "v": 8526862761, "key": 0, "osmid": "165931511", "highway": "trunk", "oneway": false, "reversed": "False", "length": 207.6123284320463, "lanes": "2", "name": "Maharlika Highway", "ref": "1", "bridge": null, "maxspeed": null, "access": null }, "geometry": { "type": "LineString", "coordinates": [ [ 125.0028844, 10.4019361 ], [ 125.0027573, 10.4025252 ], [ 125.0026581, 10.4032097 ], [ 125.0026442, 10.403783 ] ] } },
{ "type": "Feature", "properties": { "u": 505376369, "v": 1769463858, "key": 0, "osmid": "165931511", "highway": "trunk", "oneway": false, "reversed": "True", "length": 331.51663413915367, "lanes": "2", "name": "Maharlika Highway", "ref": "1", "bridge": null, "maxspeed": null, "access": null }, "geometry": { "type": "LineString", "coordinates": [ [ 125.0028844, 10.4019361 ], [ 125.003132, 10.4009866 ], [ 125.0033838, 10.4002774 ], [ 125.0038988, 10.3992372 ], [ 125.0039345, 10.3991511 ] ] } },
{ "type": "Feature", "properties": { "u": 505376369, "v": 8526862784, "key": 0, "osmid": [ 918096624, 894795319 ], "highway": "residential", "oneway": false, "reversed": [ false, true ], "length": 766.60332729899517, "lanes": null, "name": null, "ref": null, "bridge": null, "maxspeed": null, "access": null }, "geometry": { "type": "LineString", "coordinates": [ [ 125.0028844, 10.4019361 ], [ 125.0023569, 10.4022363 ], [ 125.0015362, 10.4031715 ], [ 125.0011982, 10.403835 ], [ 125.001107, 10.4041792 ], [ 125.0010628, 10.40438 ], [ 125.001036, 10.4049657 ], [ 125.0011647, 10.4054248 ], [ 125.0011754, 10.4056042 ], [ 125.0010413, 10.4066858 ], [ 125.0008375, 10.4076672 ], [ 125.000816, 10.4080893 ] ] } },
{ "type": "Feature", "properties": { "u": 505376375, "v": 8457292214, "key": 0, "osmid": "165931511", "highway": "trunk", "oneway": false, "reversed": "False", "length": 421.8181183217614, "lanes": "2", "name": "Maharlika Highway", "ref": "1", "bridge": null, "maxspeed": null, "access": null }, "geometry": { "type": "LineString", "coordinates": [ [ 125.0033366, 10.4101734 ], [ 125.0035609, 10.411168 ], [ 125.0037565, 10.4118235 ], [ 125.0044367, 10.4138052 ] ] } },
{ "type": "Feature", "properties": { "u": 505376375, "v": 8526862761, "key": 0, "osmid": "165931511", "highway": "trunk", "oneway": false, "reversed": "True", "length": 716.45722959200009, "lanes": "2", "name": "Maharlika Highway", "ref": "1", "bridge": null, "maxspeed": null, "access": null }, "geometry": { "type": "LineString", "coordinates": [ [ 125.0033366, 10.4101734 ], [ 125.0030811, 10.408991 ], [ 125.0027783, 10.4070531 ], [ 125.0026337, 10.4042162 ], [ 125.0026442, 10.403783 ] ] } },
{ "type": "Feature", "properties": { "u": 505376375, "v": 8317503332, "key": 0, "osmid": "894803230", "highway": "residential", "oneway": false, "reversed": "False", "length": 298.54978961720531, "lanes": null, "name": null, "ref": null, "bridge": null, "maxspeed": null, "access": null }, "geometry": { "type": "LineString", "coordinates": [ [ 125.0033366, 10.4101734 ], [ 125.0029403, 10.410107 ], [ 125.0026546, 10.4100107 ], [ 125.00255, 10.4100134 ], [ 125.0023381, 10.4101202 ], [ 125.0022952, 10.4101235 ], [ 125.0017856, 10.4099989 ], [ 125.0014651, 10.4098735 ], [ 125.0014373, 10.4097891 ], [ 125.0014785, 10.4091217 ] ] } },
{ "type": "Feature", "properties": { "u": 1404221030, "v": 1404221043, "key": 0, "osmid": [ 126748572, 126748573 ], "highway": "residential", "oneway": true, "reversed": "False", "length": 111.06337529736282, "lanes": "2", "name": null, "ref": null, "bridge": null, "maxspeed": null, "access": null }, "geometry": { "type": "LineString", "coordinates": [ [ 124.9827644, 10.3842893 ], [ 124.9827175, 10.383842 ], [ 124.9829766, 10.3838242 ], [ 124.9832746, 10.3838063 ] ] } },
{ "type": "Feature", "properties": { "u": 1404221030, "v": 504407048, "key": 0, "osmid": "818307282", "highway": "tertiary", "oneway": false, "reversed": "True", "length": 63.24087928394782, "lanes": null, "name": "Osmeña Street", "ref": null, "bridge": null, "maxspeed": null, "access": null }, "geometry": { "type": "LineString", "coordinates": [ [ 124.9827644, 10.3842893 ], [ 124.9825673, 10.3843303 ], [ 124.9821926, 10.3843689 ] ] } },
{ "type": "Feature", "properties": { "u": 1404221036, "v": 8323339134, "key": 0, "osmid": "895420438", "highway": "residential", "oneway": false, "reversed": "False", "length": 98.472661352025582, "lanes": null, "name": null, "ref": null, "bridge": null, "maxspeed": null, "access": null }, "geometry": { "type": "LineString", "coordinates": [ [ 124.985856, 10.3907919 ], [ 124.9863535, 10.3911599 ], [ 124.9866298, 10.3911309 ] ] } },
{ "type": "Feature", "properties": { "u": 1404221036, "v": 504407099, "key": 0, "osmid": "1034348213", "highway": "tertiary", "oneway": false, "reversed": "False", "length": 149.90086583548248, "lanes": null, "name": "Don Benito Faelnar Street", "ref": null, "bridge": null, "maxspeed": null, "access": null }, "geometry": { "type": "LineString", "coordinates": [ [ 124.985856, 10.3907919 ], [ 124.9855344, 10.39123 ], [ 124.9854617, 10.3913211 ], [ 124.9852809, 10.3915479 ], [ 124.985073, 10.391631 ], [ 124.9848936, 10.3916794 ] ] } },
{ "type": "Feature", "properties": { "u": 1404221036, "v": 2528239561, "key": 0, "osmid": [ 126748580, 1034348213 ], "highway": "tertiary", "oneway": false, "reversed": "True", "length": 92.603570454953598, "lanes": null, "name": "Don Benito Faelnar Street", "ref": null, "bridge": null, "maxspeed": null, "access": null }, "geometry": { "type": "LineString", "coordinates": [ [ 124.985856, 10.3907919 ], [ 124.9860601, 10.3905612 ], [ 124.9861794, 10.3904333 ], [ 124.9861674, 10.3902697 ], [ 124.9861138, 10.3900878 ] ] } },
{ "type": "Feature", "properties": { "u": 1404221039, "v": 2528239561, "key": 0, "osmid": "126748580", "highway": "tertiary", "oneway": false, "reversed": "False", "length": 468.49286236207342, "lanes": null, "name": "Don Benito Faelnar Street", "ref": null, "bridge": null, "maxspeed": null, "access": null }, "geometry": { "type": "LineString", "coordinates": [ [ 124.9854657, 10.3859481 ], [ 124.9854692, 10.3860619 ], [ 124.9854915, 10.3867872 ], [ 124.9855558, 10.3880114 ], [ 124.9857092, 10.388597 ], [ 124.985755, 10.3887747 ], [ 124.9859528, 10.3895416 ], [ 124.9861138, 10.3900878 ] ] } },
{ "type": "Feature", "properties": { "u": 1404221039, "v": 2528285437, "key": 0, "osmid": "126748580", "highway": "tertiary", "oneway": false, "reversed": "True", "length": 121.2371030315273, "lanes": null, "name": "Don Benito Faelnar Street", "ref": null, "bridge": null, "maxspeed": null, "access": null }, "geometry": { "type": "LineString", "coordinates": [ [ 124.9854657, 10.3859481 ], [ 124.9854067, 10.3849508 ], [ 124.9853989, 10.3848598 ] ] } },
{ "type": "Feature", "properties": { "u": 1404221039, "v": 8323364677, "key": 0, "osmid": "895423131", "highway": "residential", "oneway": false, "reversed": "False", "length": 115.84278509397711, "lanes": null, "name": null, "ref": null, "bridge": null, "maxspeed": null, "access": null }, "geometry": { "type": "LineString", "coordinates": [ [ 124.9854657, 10.3859481 ], [ 124.9863703, 10.3859322 ], [ 124.9863026, 10.3857957 ] ] } },
{ "type": "Feature", "properties": { "u": 1404221043, "v": 1404221050, "key": 0, "osmid": "818307278", "highway": "residential", "oneway": true, "reversed": "False", "length": 37.871536131363143, "lanes": "2", "name": "L. Regis Street", "ref": null, "bridge": null, "maxspeed": null, "access": null }, "geometry": { "type": "LineString", "coordinates": [ [ 124.9832746, 10.3838063 ], [ 124.9832824, 10.3841468 ] ] } },
{ "type": "Feature", "properties": { "u": 1404221050, "v": 1404221054, "key": 0, "osmid": "126748581", "highway": "tertiary", "oneway": false, "reversed": "False", "length": 75.80733915307826, "lanes": null, "name": "Osmeña Street", "ref": null, "bridge": null, "maxspeed": null, "access": null }, "geometry": { "type": "LineString", "coordinates": [ [ 124.9832824, 10.3841468 ], [ 124.983944, 10.3839436 ] ] } },
{ "type": "Feature", "properties": { "u": 1404221050, "v": 1404221030, "key": 0, "osmid": "818307281", "highway": "tertiary", "oneway": true, "reversed": "False", "length": 58.829719610892646, "lanes": null, "name": "Osmeña Street", "ref": null, "bridge": null, "maxspeed": null, "access": null }, "geometry": { "type": "LineString", "coordinates": [ [ 124.9832824, 10.3841468 ], [ 124.9827644, 10.3842893 ] ] } },
{ "type": "Feature", "properties": { "u": 1404221050, "v": 1404221060, "key": 0, "osmid": "126748578", "highway": "tertiary", "oneway": false, "reversed": "False", "length": 118.14589375331293, "lanes": null, "name": "L. Regis Street", "ref": null, "bridge": null, "maxspeed": null, "access": null }, "geometry": { "type": "LineString", "coordinates": [ [ 124.9832824, 10.3841468 ], [ 124.9833159, 10.384648 ], [ 124.9833213, 10.384729 ], [ 124.9833425, 10.3852076 ] ] } },
{ "type": "Feature", "properties": { "u": 1404221053, "v": 1640904240, "key": 0, "osmid": "126748579", "highway": "residential", "oneway": false, "reversed": "False", "length": 133.93094401557306, "lanes": null, "name": null, "ref": null, "bridge": null, "maxspeed": null, "access": null }, "geometry": { "type": "LineString", "coordinates": [ [ 124.9715439, 10.3541423 ], [ 124.9726241, 10.3535752 ] ] } },
{ "type": "Feature", "properties": { "u": 1404221053, "v": 1404221059, "key": 0, "osmid": "126748582", "highway": "residential", "oneway": false, "reversed": "False", "length": 99.68561696305126, "lanes": null, "name": null, "ref": null, "bridge": null, "maxspeed": null, "access": null }, "geometry": { "type": "LineString", "coordinates": [ [ 124.9715439, 10.3541423 ], [ 124.9719134, 10.3549618 ] ] } },
{ "type": "Feature", "properties": { "u": 1404221053, "v": 504406082, "key": 0, "osmid": "126748579", "highway": "residential", "oneway": false, "reversed": "True", "length": 42.670773569844492, "lanes": null, "name": null, "ref": null, "bridge": null, "maxspeed": null, "access": null }, "geometry": { "type": "LineString", "coordinates": [ [ 124.9715439, 10.3541423 ], [ 124.9712925, 10.3542602 ], [ 124.971193, 10.3542105 ] ] } },
{ "type": "Feature", "properties": { "u": 1404221054, "v": 1404221050, "key": 0, "osmid": "126748581", "highway": "tertiary", "oneway": false, "reversed": "True", "length": 75.80733915307826, "lanes": null, "name": "Osmeña Street", "ref": null, "bridge": null, "maxspeed": null, "access": null }, "geometry": { "type": "LineString", "coordinates": [ [ 124.983944, 10.3839436 ], [ 124.9832824, 10.3841468 ] ] } },
{ "type": "Feature", "properties": { "u": 1404221054, "v": 1641042338, "key": 0, "osmid": "126748581", "highway": "tertiary", "oneway": false, "reversed": "False", "length": 130.9732729076145, "lanes": null, "name": "Osmeña Street", "ref": null, "bridge": null, "maxspeed": null, "access": null }, "geometry": { "type": "LineString", "coordinates": [ [ 124.983944, 10.3839436 ], [ 124.9841878, 10.3838488 ], [ 124.9843841, 10.3837792 ], [ 124.9850584, 10.3835128 ] ] } },
{ "type": "Feature", "properties": { "u": 1404221054, "v": 10159017280, "key": 0, "osmid": "245680821", "highway": "residential", "oneway": false, "reversed": "True", "length": 86.705950161260958, "lanes": null, "name": null, "ref": null, "bridge": null, "maxspeed": null, "access": null }, "geometry": { "type": "LineString", "coordinates": [ [ 124.983944, 10.3839436 ], [ 124.9837958, 10.3837473 ], [ 124.9836973, 10.383665 ], [ 124.9835999, 10.3835794 ], [ 124.9834907, 10.3835271 ], [ 124.9834178, 10.3835148 ], [ 124.9833292, 10.3835219 ] ] } },
{ "type": "Feature", "properties": { "u": 1404221056, "v": 1404221059, "key": 0, "osmid": "1361052746", "highway": "residential", "oneway": false, "reversed": "True", "length": 60.619593239734911, "lanes": null, "name": "Bontoc Boulevard", "ref": null, "bridge": null, "maxspeed": null, "access": null }, "geometry": { "type": "LineString", "coordinates": [ [ 124.9714903, 10.3553139 ], [ 124.9719134, 10.3549618 ] ] } },
{ "type": "Feature", "properties": { "u": 1404221056, "v": 1404221058, "key": 0, "osmid": "126748575", "highway": "residential", "oneway": false, "reversed": "False", "length": 90.154075948718855, "lanes": null, "name": null, "ref": null, "bridge": null, "maxspeed": null, "access": null }, "geometry": { "type": "LineString", "coordinates": [ [ 124.9714903, 10.3553139 ], [ 124.9711749, 10.3551171 ], [ 124.9707778, 10.3549074 ] ] } },
{ "type": "Feature", "properties": { "u": 1404221056, "v": 1640904155, "key": 0, "osmid": "1361052746", "highway": "residential", "oneway": false, "reversed": "False", "length": 158.28797391292096, "lanes": null, "name": "Bontoc Boulevard", "ref": null, "bridge": null, "maxspeed": null, "access": null }, "geometry": { "type": "LineString", "coordinates": [ [ 124.9714903, 10.3553139 ], [ 124.9713282, 10.3554033 ], [ 124.971158, 10.3555175 ], [ 124.9710126, 10.3556435 ], [ 124.9706837, 10.3559234 ], [ 124.9704091, 10.3562445 ] ] } },
{ "type": "Feature", "properties": { "u": 1404221058, "v": 1404221056, "key": 0, "osmid": "126748575", "highway": "residential", "oneway": false, "reversed": "True", "length": 90.154075948718855, "lanes": null, "name": null, "ref": null, "bridge": null, "maxspeed": null, "access": null }, "geometry": { "type": "LineString", "coordinates": [ [ 124.9707778, 10.3549074 ], [ 124.9711749, 10.3551171 ], [ 124.9714903, 10.3553139 ] ] } },
{ "type": "Feature", "properties": { "u": 1404221058, "v": 2531870352, "key": 0, "osmid": "273390422", "highway": "primary", "oneway": false, "reversed": "False", "length": 131.13487684455083, "lanes": "2", "name": "Sogod-Bontoc Road", "ref": "692", "bridge": null, "maxspeed": null, "access": null }, "geometry": { "type": "LineString", "coordinates": [ [ 124.9707778, 10.3549074 ], [ 124.9704099, 10.3554442 ], [ 124.9700239, 10.3558167 ] ] } },
{ "type": "Feature", "properties": { "u": 1404221058, "v": 504406082, "key": 0, "osmid": "273390422", "highway": "primary", "oneway": false, "reversed": "True", "length": 89.941771417826587, "lanes": "2", "name": "Sogod-Bontoc Road", "ref": "692", "bridge": null, "maxspeed": null, "access": null }, "geometry": { "type": "LineString", "coordinates": [ [ 124.9707778, 10.3549074 ], [ 124.9710115, 10.3545157 ], [ 124.9711221, 10.3543572 ], [ 124.971193, 10.3542105 ] ] } },
{ "type": "Feature", "properties": { "u": 1404221059, "v": 1404221053, "key": 0, "osmid": "126748582", "highway": "residential", "oneway": false, "reversed": "True", "length": 99.68561696305126, "lanes": null, "name": null, "ref": null, "bridge": null, "maxspeed": null, "access": null }, "geometry": { "type": "LineString", "coordinates": [ [ 124.9719134, 10.3549618 ], [ 124.9715439, 10.3541423 ] ] } },
{ "type": "Feature", "properties": { "u": 1404221059, "v": 1404221056, "key": 0, "osmid": "1361052746", "highway": "residential", "oneway": false, "reversed": "False", "length": 60.619593239734911, "lanes": null, "name": "Bontoc Boulevard", "ref": null, "bridge": null, "maxspeed": null, "access": null }, "geometry": { "type": "LineString", "coordinates": [ [ 124.9719134, 10.3549618 ], [ 124.9714903, 10.3553139 ] ] } },
{ "type": "Feature", "properties": { "u": 1404221059, "v": 1640904240, "key": 0, "osmid": "126748570", "highway": "residential", "oneway": false, "reversed": "True", "length": 205.77129573304626, "lanes": null, "name": "Del Pilar Street", "ref": null, "bridge": null, "maxspeed": null, "access": null }, "geometry": { "type": "LineString", "coordinates": [ [ 124.9719134, 10.3549618 ], [ 124.9728606, 10.3540655 ], [ 124.9728708, 10.353983 ], [ 124.9726241, 10.3535752 ] ] } },
{ "type": "Feature", "properties": { "u": 1404221060, "v": 504407057, "key": 0, "osmid": "126748577", "highway": "residential", "oneway": false, "reversed": "True", "length": 119.54075226265704, "lanes": null, "name": "Bagares Street", "ref": null, "bridge": null, "maxspeed": null, "access": null }, "geometry": { "type": "LineString", "coordinates": [ [ 124.9833425, 10.3852076 ], [ 124.9822511, 10.3851502 ] ] } },
{ "type": "Feature", "properties": { "u": 1404221060, "v": 2528285437, "key": 0, "osmid": "126748577", "highway": "residential", "oneway": false, "reversed": "False", "length": 228.39546994591021, "lanes": null, "name": "Bagares Street", "ref": null, "bridge": null, "maxspeed": null, "access": null }, "geometry": { "type": "LineString", "coordinates": [ [ 124.9833425, 10.3852076 ], [ 124.9841971, 10.3850993 ], [ 124.9852102, 10.3849079 ], [ 124.9853989, 10.3848598 ] ] } },
{ "type": "Feature", "properties": { "u": 1404221060, "v": 1641042377, "key": 0, "osmid": "126748578", "highway": "tertiary", "oneway": false, "reversed": "False", "length": 134.14351493211601, "lanes": null, "name": "L. Regis Street", "ref": null, "bridge": null, "maxspeed": null, "access": null }, "geometry": { "type": "LineString", "coordinates": [ [ 124.9833425, 10.3852076 ], [ 124.983382, 10.3856961 ], [ 124.9834047, 10.3859764 ], [ 124.9834248, 10.3864111 ] ] } },
{ "type": "Feature", "properties": { "u": 1404221060, "v": 1404221050, "key": 0, "osmid": "126748578", "highway": "tertiary", "oneway": false, "reversed": "True", "length": 118.14589375331293, "lanes": null, "name": "L. Regis Street", "ref": null, "bridge": null, "maxspeed": null, "access": null }, "geometry": { "type": "LineString", "coordinates": [ [ 124.9833425, 10.3852076 ], [ 124.9833213, 10.384729 ], [ 124.9833159, 10.384648 ], [ 124.9832824, 10.3841468 ] ] } },
{ "type": "Feature", "properties": { "u": 1404221063, "v": 2528285431, "key": 0, "osmid": "1138545608", "highway": "unclassified", "oneway": false, "reversed": "False", "length": 52.128294022517174, "lanes": null, "name": null, "ref": null, "bridge": null, "maxspeed": null, "access": null }, "geometry": { "type": "LineString", "coordinates": [ [ 124.9790381, 10.3849864 ], [ 124.9790954, 10.384521 ] ] } },
{ "type": "Feature", "properties": { "u": 1404221063, "v": 10613173780, "key": 0, "osmid": "1138545608", "highway": "unclassified", "oneway": false, "reversed": "True", "length": 126.20927301380399, "lanes": null, "name": null, "ref": null, "bridge": null, "maxspeed": null, "access": null }, "geometry": { "type": "LineString", "coordinates": [ [ 124.9790381, 10.3849864 ], [ 124.9789539, 10.3861184 ] ] } },
{ "type": "Feature", "properties": { "u": 1404221063, "v": 1404221068, "key": 0, "osmid": "151284363", "highway": "residential", "oneway": false, "reversed": "False", "length": 123.81055622600253, "lanes": null, "name": "Bagares Street", "ref": null, "bridge": null, "maxspeed": null, "access": null }, "geometry": { "type": "LineString", "coordinates": [ [ 124.9790381, 10.3849864 ], [ 124.979602, 10.3850211 ], [ 124.9798406, 10.3850327 ], [ 124.9801683, 10.3850487 ] ] } },
{ "type": "Feature", "properties": { "u": 1404221067, "v": 504407057, "key": 0, "osmid": "126748577", "highway": "residential", "oneway": false, "reversed": "False", "length": 125.19302218382725, "lanes": null, "name": "Bagares Street", "ref": null, "bridge": null, "maxspeed": null, "access": null }, "geometry": { "type": "LineString", "coordinates": [ [ 124.9811081, 10.38509 ], [ 124.9822511, 10.3851502 ] ] } },
{ "type": "Feature", "properties": { "u": 1404221067, "v": 1641042182, "key": 0, "osmid": "126748574", "highway": "tertiary", "oneway": false, "reversed": "False", "length": 127.31293977474976, "lanes": null, "name": "Concepcion Street", "ref": null, "bridge": null, "maxspeed": null, "access": null }, "geometry": { "type": "LineString", "coordinates": [ [ 124.9811081, 10.38509 ], [ 124.9810615, 10.3858891 ], [ 124.9810516, 10.3862335 ] ] } },
{ "type": "Feature", "properties": { "u": 1404221067, "v": 1641041981, "key": 0, "osmid": "126748574", "highway": "tertiary", "oneway": false, "reversed": "True", "length": 94.830873529000172, "lanes": null, "name": "Concepcion Street", "ref": null, "bridge": null, "maxspeed": null, "access": null }, "geometry": { "type": "LineString", "coordinates": [ [ 124.9811081, 10.38509 ], [ 124.9811041, 10.3846486 ], [ 124.9811229, 10.3842376 ] ] } },
{ "type": "Feature", "properties": { "u": 1404221067, "v": 1404221068, "key": 0, "osmid": "151284363", "highway": "residential", "oneway": false, "reversed": "True", "length": 102.89183182620567, "lanes": null, "name": "Bagares Street", "ref": null, "bridge": null, "maxspeed": null, "access": null }, "geometry": { "type": "LineString", "coordinates": [ [ 124.9811081, 10.38509 ], [ 124.9805921, 10.3850669 ], [ 124.9801683, 10.3850487 ] ] } },
{ "type": "Feature", "properties": { "u": 1404221068, "v": 2528285433, "key": 0, "osmid": "151284367", "highway": "residential", "oneway": false, "reversed": "True", "length": 52.138325161838814, "lanes": null, "name": "Zamora Street", "ref": null, "bridge": null, "maxspeed": null, "access": null }, "geometry": { "type": "LineString", "coordinates": [ [ 124.9801683, 10.3850487 ], [ 124.9801901, 10.3845803 ] ] } },
{ "type": "Feature", "properties": { "u": 1404221068, "v": 1404221067, "key": 0, "osmid": "151284363", "highway": "residential", "oneway": false, "reversed": "False", "length": 102.89183182620567, "lanes": null, "name": "Bagares Street", "ref": null, "bridge": null, "maxspeed": null, "access": null }, "geometry": { "type": "LineString", "coordinates": [ [ 124.9801683, 10.3850487 ], [ 124.9805921, 10.3850669 ], [ 124.9811081, 10.38509 ] ] } },
{ "type": "Feature", "properties": { "u": 1404221068, "v": 1404221063, "key": 0, "osmid": "151284363", "highway": "residential", "oneway": false, "reversed": "True", "length": 123.81055622600255, "lanes": null, "name": "Bagares Street", "ref": null, "bridge": null, "maxspeed": null, "access": null }, "geometry": { "type": "LineString", "coordinates": [ [ 124.9801683, 10.3850487 ], [ 124.9798406, 10.3850327 ], [ 124.979602, 10.3850211 ], [ 124.9790381, 10.3849864 ] ] } },
{ "type": "Feature", "properties": { "u": 1404221068, "v": 1641041991, "key": 0, "osmid": [ 1219756383, 151284367 ], "highway": "residential", "oneway": false, "reversed": "False", "length": 126.16038600783106, "lanes": null, "name": "Zamora Street", "ref": null, "bridge": null, "maxspeed": null, "access": null }, "geometry": { "type": "LineString", "coordinates": [ [ 124.9801683, 10.3850487 ], [ 124.9801545, 10.3861546 ], [ 124.9801541, 10.3861832 ] ] } },
{ "type": "Feature", "properties": { "u": 1640903959, "v": 1640904054, "key": 0, "osmid": "151270515", "highway": "unclassified", "oneway": false, "reversed": "False", "length": 77.885952537463325, "lanes": null, "name": null, "ref": null, "bridge": null, "maxspeed": null, "access": null }, "geometry": { "type": "LineString", "coordinates": [ [ 124.9624121, 10.3570853 ], [ 124.9625584, 10.3577708 ] ] } },
{ "type": "Feature", "properties": { "u": 1640903959, "v": 4028232482, "key": 0, "osmid": "400222903", "highway": "residential", "oneway": false, "reversed": "False", "length": 154.89217288208528, "lanes": null, "name": null, "ref": null, "bridge": null, "maxspeed": null, "access": null }, "geometry": { "type": "LineString", "coordinates": [ [ 124.9624121, 10.3570853 ], [ 124.962316, 10.357001 ], [ 124.9619893, 10.3568846 ], [ 124.9615708, 10.3568117 ], [ 124.9611447, 10.3565275 ] ] } },
{ "type": "Feature", "properties": { "u": 1640903999, "v": 1640904155, "key": 0, "osmid": "151270514", "highway": "residential", "oneway": false, "reversed": "True", "length": 61.969885628958863, "lanes": null, "name": null, "ref": null, "bridge": null, "maxspeed": null, "access": null }, "geometry": { "type": "LineString", "coordinates": [ [ 124.9699808, 10.3558797 ], [ 124.9704091, 10.3562445 ] ] } },
{ "type": "Feature", "properties": { "u": 1640903999, "v": 2531870352, "key": 0, "osmid": "273390422", "highway": "primary", "oneway": false, "reversed": "True", "length": 8.4439346186738131, "lanes": "2", "name": "Sogod-Bontoc Road", "ref": "692", "bridge": null, "maxspeed": null, "access": null }, "geometry": { "type": "LineString", "coordinates": [ [ 124.9699808, 10.3558797 ], [ 124.9700239, 10.3558167 ] ] } },
{ "type": "Feature", "properties": { "u": 1640903999, "v": 2653348714, "key": 0, "osmid": "273390422", "highway": "primary", "oneway": false, "reversed": "False", "length": 95.07609779713377, "lanes": "2", "name": "Sogod-Bontoc Road", "ref": "692", "bridge": null, "maxspeed": null, "access": null }, "geometry": { "type": "LineString", "coordinates": [ [ 124.9699808, 10.3558797 ], [ 124.9697658, 10.356228 ], [ 124.9696885, 10.3563893 ], [ 124.9695625, 10.3566283 ] ] } },
{ "type": "Feature", "properties": { "u": 1640904054, "v": 1640903959, "key": 0, "osmid": "151270515", "highway": "unclassified", "oneway": false, "reversed": "True", "length": 77.885952537463325, "lanes": null, "name": null, "ref": null, "bridge": null, "maxspeed": null, "access": null }, "geometry": { "type": "LineString", "coordinates": [ [ 124.9625584, 10.3577708 ], [ 124.9624121, 10.3570853 ] ] } },
{ "type": "Feature", "properties": { "u": 1640904054, "v": 1640904190, "key": 0, "osmid": "151270523", "highway": "tertiary", "oneway": false, "reversed": "True", "length": 533.4906090160689, "lanes": null, "name": null, "ref": null, "bridge": null, "maxspeed": null, "access": null }, "geometry": { "type": "LineString", "coordinates": [ [ 124.9625584, 10.3577708 ], [ 124.9632875, 10.3571983 ], [ 124.9633632, 10.3571557 ], [ 124.963432, 10.3571448 ], [ 124.9635002, 10.3571554 ], [ 124.9635675, 10.3571908 ], [ 124.9642227, 10.3574916 ], [ 124.9643006, 10.3575192 ], [ 124.9643664, 10.3575255 ], [ 124.9644373, 10.3575164 ], [ 124.96481, 10.3574547 ], [ 124.9654374, 10.3572575 ], [ 124.9670161, 10.3567462 ] ] } },
{ "type": "Feature", "properties": { "u": 1640904054, "v": 4028233266, "key": 0, "osmid": "151270532", "highway": "tertiary", "oneway": false, "reversed": "False", "length": 477.50356336979189, "lanes": null, "name": null, "ref": null, "bridge": null, "maxspeed": null, "access": null }, "geometry": { "type": "LineString", "coordinates": [ [ 124.9625584, 10.3577708 ], [ 124.9624587, 10.357814 ], [ 124.962332, 10.3578606 ], [ 124.9621867, 10.3578772 ], [ 124.9620887, 10.3578772 ], [ 124.9619316, 10.3578608 ], [ 124.9610495, 10.357766 ], [ 124.9598372, 10.3575919 ], [ 124.959467, 10.3575127 ], [ 124.9591827, 10.3573808 ], [ 124.9588609, 10.3572964 ], [ 124.9586919, 10.3572819 ], [ 124.9582973, 10.3573935 ] ] } },
{ "type": "Feature", "properties": { "u": 1640904054, "v": 8323820362, "key": 0, "osmid": "917313926", "highway": "residential", "oneway": false, "reversed": "True", "length": 376.86294701545228, "lanes": null, "name": null, "ref": null, "bridge": null, "maxspeed": "30", "access": null }, "geometry": { "type": "LineString", "coordinates": [ [ 124.9625584, 10.3577708 ], [ 124.9628292, 10.3581877 ], [ 124.963093, 10.3585036 ], [ 124.9635196, 10.3591519 ], [ 124.9636883, 10.3594196 ], [ 124.9638868, 10.3595937 ], [ 124.9642253, 10.3597449 ], [ 124.9647081, 10.3598293 ], [ 124.9649882, 10.3599156 ] ] } },
{ "type": "Feature", "properties": { "u": 1640904060, "v": 10598594715, "key": 0, "osmid": "1136945889", "highway": "residential", "oneway": false, "reversed": "False", "length": 31.435856694903979, "lanes": null, "name": "Barangay Road", "ref": null, "bridge": null, "maxspeed": null, "access": null }, "geometry": { "type": "LineString", "coordinates": [ [ 124.9695756, 10.3594952 ], [ 124.9698496, 10.3594099 ] ] } },
{ "type": "Feature", "properties": { "u": 1640904060, "v": 2528820438, "key": 0, "osmid": "151270522", "highway": "residential", "oneway": false, "reversed": "False", "length": 45.502667414129995, "lanes": null, "name": "Talisay Barangay Road", "ref": null, "bridge": null, "maxspeed": null, "access": null }, "geometry": { "type": "LineString", "coordinates": [ [ 124.9695756, 10.3594952 ], [ 124.9693566, 10.3596023 ], [ 124.9692882, 10.3596382 ], [ 124.969235, 10.3596606 ], [ 124.9692025, 10.3596759 ] ] } },
{ "type": "Feature", "properties": { "u": 1640904060, "v": 1640904113, "key": 0, "osmid": [ 273390421, 245746053 ], "highway": "primary", "oneway": false, "reversed": "False", "length": 454.58562466268819, "lanes": "2", "name": "Sogod-Bontoc Road", "ref": "692", "bridge": null, "maxspeed": null, "access": null }, "geometry": { "type": "LineString", "coordinates": [ [ 124.9695756, 10.3594952 ], [ 124.9699567, 10.3603563 ], [ 124.970755, 10.3625607 ], [ 124.9708217, 10.3628604 ], [ 124.9708359, 10.3630143 ], [ 124.9708192, 10.3633615 ] ] } },
{ "type": "Feature", "properties": { "u": 1640904060, "v": 504406046, "key": 0, "osmid": "245746053", "highway": "primary", "oneway": false, "reversed": "True", "length": 113.08996786646426, "lanes": "2", "name": "Sogod-Bontoc Road", "ref": "692", "bridge": null, "maxspeed": null, "access": null }, "geometry": { "type": "LineString", "coordinates": [ [ 124.9695756, 10.3594952 ], [ 124.9692973, 10.3588535 ], [ 124.9691987, 10.3585492 ] ] } },
{ "type": "Feature", "properties": { "u": 1640904113, "v": 8292321338, "key": 0, "osmid": [ 273390275, 273390276 ], "highway": "primary", "oneway": false, "reversed": "False", "length": 748.33760452525632, "lanes": "2", "name": "Sogod-Bontoc Road", "ref": "692", "bridge": null, "maxspeed": null, "access": null }, "geometry": { "type": "LineString", "coordinates": [ [ 124.9708192, 10.3633615 ], [ 124.9708136, 10.3634772 ], [ 124.9706178, 10.3647141 ], [ 124.9704824, 10.3653297 ], [ 124.9703287, 10.3658054 ], [ 124.9700714, 10.3664458 ], [ 124.9700405, 10.3665143 ], [ 124.970022, 10.3665551 ], [ 124.9697854, 10.3670792 ], [ 124.9696129, 10.3673702 ], [ 124.9692545, 10.3678941 ], [ 124.9691272, 10.3681708 ], [ 124.9690858, 10.3683203 ], [ 124.9690472, 10.3686294 ], [ 124.9690455, 10.3687894 ], [ 124.9690744, 10.3697422 ] ] } },
{ "type": "Feature", "properties": { "u": 1640904113, "v": 1640904060, "key": 0, "osmid": [ 273390421, 245746053 ], "highway": "primary", "oneway": false, "reversed": "True", "length": 454.58562466268813, "lanes": "2", "name": "Sogod-Bontoc Road", "ref": "692", "bridge": null, "maxspeed": null, "access": null }, "geometry": { "type": "LineString", "coordinates": [ [ 124.9708192, 10.3633615 ], [ 124.9708359, 10.3630143 ], [ 124.9708217, 10.3628604 ], [ 124.970755, 10.3625607 ], [ 124.9699567, 10.3603563 ], [ 124.9695756, 10.3594952 ] ] } },
{ "type": "Feature", "properties": { "u": 1640904113, "v": 8323820362, "key": 0, "osmid": "917313926", "highway": "residential", "oneway": false, "reversed": "False", "length": 745.31832327494317, "lanes": null, "name": null, "ref": null, "bridge": null, "maxspeed": "30", "access": null }, "geometry": { "type": "LineString", "coordinates": [ [ 124.9708192, 10.3633615 ], [ 124.9694443, 10.3624802 ], [ 124.9682266, 10.3617467 ], [ 124.9674702, 10.3612665 ], [ 124.9669338, 10.3609393 ], [ 124.9663389, 10.3605628 ], [ 124.9660063, 10.3603781 ], [ 124.9652392, 10.3599929 ], [ 124.9649882, 10.3599156 ] ] } },
{ "type": "Feature", "properties": { "u": 1640904130, "v": 1640904266, "key": 0, "osmid": "151270512", "highway": "residential", "oneway": false, "reversed": "False", "length": 147.84405599989239, "lanes": null, "name": null, "ref": null, "bridge": null, "maxspeed": null, "access": null }, "geometry": { "type": "LineString", "coordinates": [ [ 124.9720037, 10.3522497 ], [ 124.9708065, 10.3528668 ] ] } },
{ "type": "Feature", "properties": { "u": 1640904130, "v": 12599724645, "key": 0, "osmid": "893287618", "highway": "residential", "oneway": false, "reversed": "False", "length": 72.326643368492199, "lanes": null, "name": null, "ref": null, "bridge": null, "maxspeed": null, "access": null }, "geometry": { "type": "LineString", "coordinates": [ [ 124.9720037, 10.3522497 ], [ 124.9725951, 10.3519588 ] ] } },
{ "type": "Feature", "properties": { "u": 1640904130, "v": 1640904240, "key": 0, "osmid": "126748570", "highway": "residential", "oneway": false, "reversed": "False", "length": 162.30325745352576, "lanes": null, "name": "Del Pilar Street", "ref": null, "bridge": null, "maxspeed": null, "access": null }, "geometry": { "type": "LineString", "coordinates": [ [ 124.9720037, 10.3522497 ], [ 124.9723931, 10.353043 ], [ 124.9726241, 10.3535752 ] ] } },
{ "type": "Feature", "properties": { "u": 1640904130, "v": 8302416579, "key": 0, "osmid": "893287617", "highway": "residential", "oneway": false, "reversed": "False", "length": 90.771992472833887, "lanes": null, "name": null, "ref": null, "bridge": null, "maxspeed": null, "access": null }, "geometry": { "type": "LineString", "coordinates": [ [ 124.9720037, 10.3522497 ], [ 124.9718951, 10.3520327 ], [ 124.9718656, 10.3518532 ], [ 124.9719071, 10.3514627 ] ] } },
{ "type": "Feature", "properties": { "u": 1640904131, "v": 2531870348, "key": 0, "osmid": "246108677", "highway": "residential", "oneway": false, "reversed": "True", "length": 84.665495591041477, "lanes": null, "name": null, "ref": null, "bridge": null, "maxspeed": null, "access": null }, "geometry": { "type": "LineString", "coordinates": [ [ 124.9666768, 10.3555286 ], [ 124.9659173, 10.3556754 ] ] } },
{ "type": "Feature", "properties": { "u": 1640904131, "v": 1640904190, "key": 0, "osmid": "151270526", "highway": "residential", "oneway": false, "reversed": "True", "length": 141.7386380068312, "lanes": null, "name": null, "ref": null, "bridge": null, "maxspeed": null, "access": null }, "geometry": { "type": "LineString", "coordinates": [ [ 124.9666768, 10.3555286 ], [ 124.9668914, 10.3565523 ], [ 124.9670161, 10.3567462 ] ] } },
{ "type": "Feature", "properties": { "u": 1640904131, "v": 8302416581, "key": 0, "osmid": "246108677", "highway": "residential", "oneway": false, "reversed": "False", "length": 253.1334787704707, "lanes": null, "name": null, "ref": null, "bridge": null, "maxspeed": null, "access": null }, "geometry": { "type": "LineString", "coordinates": [ [ 124.9666768, 10.3555286 ], [ 124.9673211, 10.3553592 ], [ 124.9689125, 10.3549408 ] ] } },
{ "type": "Feature", "properties": { "u": 1640904155, "v": 1640903999, "key": 0, "osmid": "151270514", "highway": "residential", "oneway": false, "reversed": "False", "length": 61.969885628958863, "lanes": null, "name": null, "ref": null, "bridge": null, "maxspeed": null, "access": null }, "geometry": { "type": "LineString", "coordinates": [ [ 124.9704091, 10.3562445 ], [ 124.9699808, 10.3558797 ] ] } },
{ "type": "Feature", "properties": { "u": 1640904155, "v": 8302489629, "key": 0, "osmid": [ 1361052749, 1130789238 ], "highway": [ "unclassified", "residential" ], "oneway": false, "reversed": "False", "length": 152.7512338348875, "lanes": null, "name": "Bontoc Boulevard", "ref": null, "bridge": null, "maxspeed": null, "access": null }, "geometry": { "type": "LineString", "coordinates": [ [ 124.9704091, 10.3562445 ], [ 124.9701798, 10.3565101 ], [ 124.9700737, 10.3566189 ], [ 124.9700275, 10.3567 ], [ 124.9699157, 10.3569899 ], [ 124.9696494, 10.3568915 ], [ 124.9694689, 10.3568194 ] ] } },
{ "type": "Feature", "properties": { "u": 1640904155, "v": 1404221056, "key": 0, "osmid": "1361052746", "highway": "residential", "oneway": false, "reversed": "True", "length": 158.28797391292096, "lanes": null, "name": "Bontoc Boulevard", "ref": null, "bridge": null, "maxspeed": null, "access": null }, "geometry": { "type": "LineString", "coordinates": [ [ 124.9704091, 10.3562445 ], [ 124.9706837, 10.3559234 ], [ 124.9710126, 10.3556435 ], [ 124.971158, 10.3555175 ], [ 124.9713282, 10.3554033 ], [ 124.9714903, 10.3553139 ] ] } },
{ "type": "Feature", "properties": { "u": 1640904190, "v": 2653348713, "key": 0, "osmid": "151270523", "highway": "tertiary", "oneway": false, "reversed": "True", "length": 264.65872671842453, "lanes": null, "name": null, "ref": null, "bridge": null, "maxspeed": null, "access": null }, "geometry": { "type": "LineString", "coordinates": [ [ 124.9670161, 10.3567462 ], [ 124.9693405, 10.3560853 ] ] } },
{ "type": "Feature", "properties": { "u": 1640904190, "v": 1640904054, "key": 0, "osmid": "151270523", "highway": "tertiary", "oneway": false, "reversed": "False", "length": 533.4906090160689, "lanes": null, "name": null, "ref": null, "bridge": null, "maxspeed": null, "access": null }, "geometry": { "type": "LineString", "coordinates": [ [ 124.9670161, 10.3567462 ], [ 124.9654374, 10.3572575 ], [ 124.96481, 10.3574547 ], [ 124.9644373, 10.3575164 ], [ 124.9643664, 10.3575255 ], [ 124.9643006, 10.3575192 ], [ 124.9642227, 10.3574916 ], [ 124.9635675, 10.3571908 ], [ 124.9635002, 10.3571554 ], [ 124.963432, 10.3571448 ], [ 124.9633632, 10.3571557 ], [ 124.9632875, 10.3571983 ], [ 124.9625584, 10.3577708 ] ] } },
{ "type": "Feature", "properties": { "u": 1640904190, "v": 1640904131, "key": 0, "osmid": "151270526", "highway": "residential", "oneway": false, "reversed": "False", "length": 141.7386380068312, "lanes": null, "name": null, "ref": null, "bridge": null, "maxspeed": null, "access": null }, "geometry": { "type": "LineString", "coordinates": [ [ 124.9670161, 10.3567462 ], [ 124.9668914, 10.3565523 ], [ 124.9666768, 10.3555286 ] ] } },
{ "type": "Feature", "properties": { "u": 1640904190, "v": 12599724648, "key": 0, "osmid": "151270526", "highway": "residential", "oneway": false, "reversed": "True", "length": 314.20588088154796, "lanes": null, "name": null, "ref": null, "bridge": null, "maxspeed": null, "access": null }, "geometry": { "type": "LineString", "coordinates": [ [ 124.9670161, 10.3567462 ], [ 124.968726, 10.3570853 ], [ 124.9692263, 10.3571725 ], [ 124.9692786, 10.3571422 ], [ 124.9694613, 10.3566969 ], [ 124.9694791, 10.3566811 ], [ 124.9695186, 10.3566916 ], [ 124.9695239, 10.3566951 ] ] } },
{ "type": "Feature", "properties": { "u": 1640904236, "v": 1640904275, "key": 0, "osmid": "151270532", "highway": "tertiary", "oneway": false, "reversed": "False", "length": 94.400363937632321, "lanes": null, "name": null, "ref": null, "bridge": null, "maxspeed": null, "access": null }, "geometry": { "type": "LineString", "coordinates": [ [ 124.9567661, 10.3574743 ], [ 124.9559211, 10.3573017 ] ] } },
{ "type": "Feature", "properties": { "u": 1640904236, "v": 1640904275, "key": 1, "osmid": "400222907", "highway": "residential", "oneway": false, "reversed": "True", "length": 184.6785978972905, "lanes": null, "name": null, "ref": null, "bridge": null, "maxspeed": null, "access": null }, "geometry": { "type": "LineString", "coordinates": [ [ 124.9567661, 10.3574743 ], [ 124.9566551, 10.3569035 ], [ 124.9559963, 10.356877 ], [ 124.9559211, 10.3573017 ] ] } },
{ "type": "Feature", "properties": { "u": 1640904236, "v": 4028233266, "key": 0, "osmid": "151270532", "highway": "tertiary", "oneway": false, "reversed": "True", "length": 171.0832753052488, "lanes": null, "name": null, "ref": null, "bridge": null, "maxspeed": null, "access": null }, "geometry": { "type": "LineString", "coordinates": [ [ 124.9567661, 10.3574743 ], [ 124.9572462, 10.3575813 ], [ 124.9574715, 10.3575761 ], [ 124.9581997, 10.3574177 ], [ 124.9582973, 10.3573935 ] ] } },
{ "type": "Feature", "properties": { "u": 1640904240, "v": 1404221053, "key": 0, "osmid": "126748579", "highway": "residential", "oneway": false, "reversed": "True", "length": 133.93094401557306, "lanes": null, "name": null, "ref": null, "bridge": null, "maxspeed": null, "access": null }, "geometry": { "type": "LineString", "coordinates": [ [ 124.9726241, 10.3535752 ], [ 124.9715439, 10.3541423 ] ] } },
{ "type": "Feature", "properties": { "u": 1640904240, "v": 1404221059, "key": 0, "osmid": "126748570", "highway": "residential", "oneway": false, "reversed": "False", "length": 205.77129573304626, "lanes": null, "name": "Del Pilar Street", "ref": null, "bridge": null, "maxspeed": null, "access": null }, "geometry": { "type": "LineString", "coordinates": [ [ 124.9726241, 10.3535752 ], [ 124.9728708, 10.353983 ], [ 124.9728606, 10.3540655 ], [ 124.9719134, 10.3549618 ] ] } },
{ "type": "Feature", "properties": { "u": 1640904240, "v": 1640904130, "key": 0, "osmid": "126748570", "highway": "residential", "oneway": false, "reversed": "True", "length": 162.30325745352576, "lanes": null, "name": "Del Pilar Street", "ref": null, "bridge": null, "maxspeed": null, "access": null }, "geometry": { "type": "LineString", "coordinates": [ [ 124.9726241, 10.3535752 ], [ 124.9723931, 10.353043 ], [ 124.9720037, 10.3522497 ] ] } },
{ "type": "Feature", "properties": { "u": 1640904266, "v": 1640904130, "key": 0, "osmid": "151270512", "highway": "residential", "oneway": false, "reversed": "True", "length": 147.84405599989239, "lanes": null, "name": null, "ref": null, "bridge": null, "maxspeed": null, "access": null }, "geometry": { "type": "LineString", "coordinates": [ [ 124.9708065, 10.3528668 ], [ 124.9720037, 10.3522497 ] ] } },
{ "type": "Feature", "properties": { "u": 1640904266, "v": 2531870352, "key": 0, "osmid": "246108678", "highway": "residential", "oneway": false, "reversed": "True", "length": 362.947606144514, "lanes": null, "name": null, "ref": null, "bridge": null, "maxspeed": null, "access": null }, "geometry": { "type": "LineString", "coordinates": [ [ 124.9708065, 10.3528668 ], [ 124.9707221, 10.3529029 ], [ 124.9705307, 10.3529734 ], [ 124.970448, 10.3530131 ], [ 124.9703951, 10.3530929 ], [ 124.9702895, 10.3534977 ], [ 124.9702175, 10.3538671 ], [ 124.9701282, 10.3541818 ], [ 124.9700689, 10.354467 ], [ 124.9699431, 10.3555076 ], [ 124.9699671, 10.3557305 ], [ 124.9700239, 10.3558167 ] ] } },
{ "type": "Feature", "properties": { "u": 1640904266, "v": 504406082, "key": 0, "osmid": "273390422", "highway": "primary", "oneway": false, "reversed": "False", "length": 155.40769139398014, "lanes": "2", "name": "Sogod-Bontoc Road", "ref": "692", "bridge": null, "maxspeed": null, "access": null }, "geometry": { "type": "LineString", "coordinates": [ [ 124.9708065, 10.3528668 ], [ 124.9710234, 10.3535344 ], [ 124.9711619, 10.3540464 ], [ 124.971193, 10.3542105 ] ] } },
{ "type": "Feature", "properties": { "u": 1640904266, "v": 504406063, "key": 0, "osmid": [ 156891603, 273390422 ], "highway": "primary", "oneway": false, "reversed": "True", "length": 306.75613154974531, "lanes": "2", "name": [ "Sogod-Bontoc Road", "Bontoc Economic Road" ], "ref": "692", "bridge": null, "maxspeed": null, "access": null }, "geometry": { "type": "LineString", "coordinates": [ [ 124.9708065, 10.3528668 ], [ 124.9707745, 10.3527106 ], [ 124.9707618, 10.3525438 ], [ 124.9707652, 10.3522234 ], [ 124.9708125, 10.3518151 ], [ 124.970904, 10.3510195 ], [ 124.9710263, 10.3501275 ] ] } },
{ "type": "Feature", "properties": { "u": 1640904275, "v": 1640904236, "key": 0, "osmid": "151270532", "highway": "tertiary", "oneway": false, "reversed": "True", "length": 94.400363937632321, "lanes": null, "name": null, "ref": null, "bridge": null, "maxspeed": null, "access": null }, "geometry": { "type": "LineString", "coordinates": [ [ 124.9559211, 10.3573017 ], [ 124.9567661, 10.3574743 ] ] } },
{ "type": "Feature", "properties": { "u": 1640904275, "v": 1640904236, "key": 1, "osmid": "400222907", "highway": "residential", "oneway": false, "reversed": "False", "length": 184.6785978972905, "lanes": null, "name": null, "ref": null, "bridge": null, "maxspeed": null, "access": null }, "geometry": { "type": "LineString", "coordinates": [ [ 124.9559211, 10.3573017 ], [ 124.9559963, 10.356877 ], [ 124.9566551, 10.3569035 ], [ 124.9567661, 10.3574743 ] ] } },
{ "type": "Feature", "properties": { "u": 1640904275, "v": 4028232994, "key": 0, "osmid": "151270532", "highway": "tertiary", "oneway": false, "reversed": "False", "length": 54.493705527580282, "lanes": null, "name": null, "ref": null, "bridge": null, "maxspeed": null, "access": null }, "geometry": { "type": "LineString", "coordinates": [ [ 124.9559211, 10.3573017 ], [ 124.9556047, 10.357233 ], [ 124.9554378, 10.357184 ] ] } },
{ "type": "Feature", "properties": { "u": 1641041858, "v": 1641042280, "key": 0, "osmid": "151284356", "highway": "residential", "oneway": false, "reversed": "False", "length": 102.08105176241156, "lanes": null, "name": null, "ref": null, "bridge": null, "maxspeed": null, "access": null }, "geometry": { "type": "LineString", "coordinates": [ [ 124.9802542, 10.3833954 ], [ 124.9811875, 10.3833894 ] ] } },
{ "type": "Feature", "properties": { "u": 1641041858, "v": 1641041873, "key": 0, "osmid": "151284356", "highway": "residential", "oneway": false, "reversed": "True", "length": 111.69757073250489, "lanes": null, "name": null, "ref": null, "bridge": null, "maxspeed": null, "access": null }, "geometry": { "type": "LineString", "coordinates": [ [ 124.9802542, 10.3833954 ], [ 124.9792343, 10.3833439 ] ] } },
{ "type": "Feature", "properties": { "u": 1641041858, "v": 1641042100, "key": 0, "osmid": "151284367", "highway": "residential", "oneway": false, "reversed": "False", "length": 77.892144437918745, "lanes": null, "name": "Zamora Street", "ref": null, "bridge": null, "maxspeed": null, "access": null }, "geometry": { "type": "LineString", "coordinates": [ [ 124.9802542, 10.3833954 ], [ 124.9802273, 10.3840954 ] ] } },
{ "type": "Feature", "properties": { "u": 1641041873, "v": 1641041858, "key": 0, "osmid": "151284356", "highway": "residential", "oneway": false, "reversed": "False", "length": 111.69757073250489, "lanes": null, "name": null, "ref": null, "bridge": null, "maxspeed": null, "access": null }, "geometry": { "type": "LineString", "coordinates": [ [ 124.9792343, 10.3833439 ], [ 124.9802542, 10.3833954 ] ] } },
{ "type": "Feature", "properties": { "u": 1641041873, "v": 1641042310, "key": 0, "osmid": "1141867644", "highway": "residential", "oneway": false, "reversed": "True", "length": 36.330351644875364, "lanes": null, "name": null, "ref": null, "bridge": null, "maxspeed": null, "access": null }, "geometry": { "type": "LineString", "coordinates": [ [ 124.9792343, 10.3833439 ], [ 124.9792002, 10.3836689 ] ] } },
{ "type": "Feature", "properties": { "u": 1641041873, "v": 1641042162, "key": 0, "osmid": "892528669", "highway": "residential", "oneway": false, "reversed": "False", "length": 98.96814385087832, "lanes": null, "name": null, "ref": null, "bridge": null, "maxspeed": null, "access": null }, "geometry": { "type": "LineString", "coordinates": [ [ 124.9792343, 10.3833439 ], [ 124.9793207, 10.3825195 ], [ 124.9793323, 10.3824593 ] ] } },
{ "type": "Feature", "properties": { "u": 1641041941, "v": 2528253763, "key": 0, "osmid": "151284368", "highway": "residential", "oneway": false, "reversed": "True", "length": 196.4498172154205, "lanes": null, "name": null, "ref": null, "bridge": null, "maxspeed": null, "access": null }, "geometry": { "type": "LineString", "coordinates": [ [ 124.9815304, 10.3933856 ], [ 124.9816067, 10.3931725 ], [ 124.9817616, 10.3927189 ], [ 124.9818045, 10.3923601 ], [ 124.9817986, 10.3919543 ], [ 124.9817961, 10.3918796 ], [ 124.9817975, 10.3917998 ], [ 124.9817995, 10.3916592 ] ] } },
{ "type": "Feature", "properties": { "u": 1641041941, "v": 2528253886, "key": 0, "osmid": "893631839", "highway": "residential", "oneway": false, "reversed": "False", "length": 171.17664756209894, "lanes": null, "name": null, "ref": null, "bridge": null, "maxspeed": null, "access": null }, "geometry": { "type": "LineString", "coordinates": [ [ 124.9815304, 10.3933856 ], [ 124.981783, 10.3934604 ], [ 124.9819252, 10.3934551 ], [ 124.9830824, 10.3933915 ] ] } },
{ "type": "Feature", "properties": { "u": 1641041941, "v": 3967718048, "key": 0, "osmid": "1081727903", "highway": "residential", "oneway": false, "reversed": "False", "length": 323.29193768176395, "lanes": null, "name": null, "ref": null, "bridge": null, "maxspeed": null, "access": null }, "geometry": { "type": "LineString", "coordinates": [ [ 124.9815304, 10.3933856 ], [ 124.9813158, 10.3939449 ], [ 124.9810797, 10.3943565 ], [ 124.9808657, 10.3946976 ], [ 124.9808367, 10.3947524 ], [ 124.9805599, 10.3952753 ], [ 124.9804205, 10.395774 ], [ 124.98041, 10.3960415 ] ] } },
{ "type": "Feature", "properties": { "u": 1641041948, "v": 1641042182, "key": 0, "osmid": "126748574", "highway": "tertiary", "oneway": false, "reversed": "True", "length": 76.274614124113455, "lanes": null, "name": "Concepcion Street", "ref": null, "bridge": null, "maxspeed": null, "access": null }, "geometry": { "type": "LineString", "coordinates": [ [ 124.9810236, 10.3869189 ], [ 124.9810516, 10.3862335 ] ] } },
{ "type": "Feature", "properties": { "u": 1641041948, "v": 1641041952, "key": 0, "osmid": "126748574", "highway": "tertiary", "oneway": false, "reversed": "False", "length": 118.11816855583533, "lanes": null, "name": "Concepcion Street", "ref": null, "bridge": null, "maxspeed": null, "access": null }, "geometry": { "type": "LineString", "coordinates": [ [ 124.9810236, 10.3869189 ], [ 124.9809805, 10.387788 ], [ 124.980971, 10.3879799 ] ] } },
{ "type": "Feature", "properties": { "u": 1641041948, "v": 1641042218, "key": 0, "osmid": "893631837", "highway": "residential", "oneway": false, "reversed": "True", "length": 100.68092668192607, "lanes": null, "name": null, "ref": null, "bridge": null, "maxspeed": null, "access": null }, "geometry": { "type": "LineString", "coordinates": [ [ 124.9810236, 10.3869189 ], [ 124.9805492, 10.3869203 ], [ 124.9803082, 10.3869217 ], [ 124.9801033, 10.3869311 ] ] } },
{ "type": "Feature", "properties": { "u": 1641041952, "v": 1641041973, "key": 0, "osmid": "914897839", "highway": "tertiary", "oneway": false, "reversed": "True", "length": 163.09883523593578, "lanes": null, "name": "Flores Street", "ref": null, "bridge": null, "maxspeed": null, "access": null }, "geometry": { "type": "LineString", "coordinates": [ [ 124.980971, 10.3879799 ], [ 124.9824613, 10.3879283 ] ] } },
{ "type": "Feature", "properties": { "u": 1641041952, "v": 1641041948, "key": 0, "osmid": "126748574", "highway": "tertiary", "oneway": false, "reversed": "True", "length": 118.11816855583533, "lanes": null, "name": "Concepcion Street", "ref": null, "bridge": null, "maxspeed": null, "access": null }, "geometry": { "type": "LineString", "coordinates": [ [ 124.980971, 10.3879799 ], [ 124.9809805, 10.387788 ], [ 124.9810236, 10.3869189 ] ] } },
{ "type": "Feature", "properties": { "u": 1641041952, "v": 1641042380, "key": 0, "osmid": "151284357", "highway": "tertiary", "oneway": false, "reversed": "False", "length": 306.95320081773718, "lanes": null, "name": "Flores Street", "ref": null, "bridge": null, "maxspeed": null, "access": null }, "geometry": { "type": "LineString", "coordinates": [ [ 124.980971, 10.3879799 ], [ 124.9803443, 10.3879989 ], [ 124.9800631, 10.3880074 ], [ 124.9797652, 10.3880249 ], [ 124.979476, 10.3880531 ], [ 124.9793527, 10.388088 ], [ 124.9792765, 10.3881643 ], [ 124.9792129, 10.3882791 ], [ 124.9789041, 10.3891515 ] ] } },
{ "type": "Feature", "properties": { "u": 1641041952, "v": 1641042230, "key": 0, "osmid": "914897838", "highway": "residential", "oneway": false, "reversed": "False", "length": 114.50422088659852, "lanes": null, "name": "Concepcion Street", "ref": null, "bridge": null, "maxspeed": null, "access": null }, "geometry": { "type": "LineString", "coordinates": [ [ 124.980971, 10.3879799 ], [ 124.9809522, 10.3883153 ], [ 124.9809487, 10.3883774 ], [ 124.9809134, 10.3890081 ] ] } },
{ "type": "Feature", "properties": { "u": 1641041964, "v": 2528253763, "key": 0, "osmid": "151284368", "highway": "residential", "oneway": false, "reversed": "False", "length": 71.450961068639756, "lanes": null, "name": null, "ref": null, "bridge": null, "maxspeed": null, "access": null }, "geometry": { "type": "LineString", "coordinates": [ [ 124.9818388, 10.3910178 ], [ 124.9818138, 10.3914526 ], [ 124.9817995, 10.3916592 ] ] } },
{ "type": "Feature", "properties": { "u": 1641041964, "v": 1641042347, "key": 0, "osmid": "151284368", "highway": "residential", "oneway": false, "reversed": "True", "length": 242.87236318220872, "lanes": null, "name": null, "ref": null, "bridge": null, "maxspeed": null, "access": null }, "geometry": { "type": "LineString", "coordinates": [ [ 124.9818388, 10.3910178 ], [ 124.981821, 10.3909336 ], [ 124.9818384, 10.3906469 ], [ 124.981842, 10.3905873 ], [ 124.9819595, 10.3902514 ], [ 124.9819873, 10.3901904 ], [ 124.982091, 10.3899627 ], [ 124.9821902, 10.3897449 ], [ 124.9823028, 10.3893913 ], [ 124.9823833, 10.3889275 ] ] } },
{ "type": "Feature", "properties": { "u": 1641041964, "v": 1641042230, "key": 0, "osmid": [ 914897838, 245672646 ], "highway": "residential", "oneway": false, "reversed": [ false, true ], "length": 311.72317567773848, "lanes": null, "name": [ "Concepcion Street", "Don Vicente Street" ], "ref": null, "bridge": null, "maxspeed": "30", "access": null }, "geometry": { "type": "LineString", "coordinates": [ [ 124.9818388, 10.3910178 ], [ 124.9813428, 10.3909203 ], [ 124.9808315, 10.3907935 ], [ 124.980874, 10.3899225 ], [ 124.9809052, 10.3891976 ], [ 124.9809134, 10.3890081 ] ] } },
{ "type": "Feature", "properties": { "u": 1641041964, "v": 2528253758, "key": 0, "osmid": "245672646", "highway": "residential", "oneway": false, "reversed": "True", "length": 233.85526492807557, "lanes": null, "name": "Don Vicente Street", "ref": null, "bridge": null, "maxspeed": "30", "access": null }, "geometry": { "type": "LineString", "coordinates": [ [ 124.9818388, 10.3910178 ], [ 124.9824092, 10.391119 ], [ 124.9826573, 10.3911795 ], [ 124.9830749, 10.3913273 ], [ 124.9833094, 10.3914092 ], [ 124.9834017, 10.391437 ], [ 124.9835793, 10.3914997 ], [ 124.9837579, 10.3915085 ], [ 124.9838117, 10.3915132 ], [ 124.9839037, 10.3915198 ] ] } },
{ "type": "Feature", "properties": { "u": 1641041968, "v": 1641042267, "key": 0, "osmid": "894243857", "highway": "residential", "oneway": false, "reversed": "False", "length": 84.287647533654209, "lanes": null, "name": null, "ref": null, "bridge": null, "maxspeed": null, "access": null }, "geometry": { "type": "LineString", "coordinates": [ [ 124.9789466, 10.3869892 ], [ 124.9789416, 10.3862312 ] ] } },
{ "type": "Feature", "properties": { "u": 1641041968, "v": 1641042218, "key": 0, "osmid": "151284365", "highway": "residential", "oneway": false, "reversed": "False", "length": 126.68127409280409, "lanes": null, "name": null, "ref": null, "bridge": null, "maxspeed": null, "access": null }, "geometry": { "type": "LineString", "coordinates": [ [ 124.9789466, 10.3869892 ], [ 124.9795361, 10.3869559 ], [ 124.9800535, 10.3869346 ], [ 124.9801033, 10.3869311 ] ] } },
{ "type": "Feature", "properties": { "u": 1641041968, "v": 2528285450, "key": 0, "osmid": [ 151284365, 245676055 ], "highway": "residential", "oneway": false, "reversed": "True", "length": 158.29204946483284, "lanes": null, "name": null, "ref": null, "bridge": null, "maxspeed": null, "access": null }, "geometry": { "type": "LineString", "coordinates": [ [ 124.9789466, 10.3869892 ], [ 124.9786033, 10.3870178 ], [ 124.9782793, 10.387054 ], [ 124.9782206, 10.3870605 ], [ 124.9780232, 10.387076 ], [ 124.9779243, 10.3865743 ] ] } },
{ "type": "Feature", "properties": { "u": 1641041973, "v": 1641041952, "key": 0, "osmid": "914897839", "highway": "tertiary", "oneway": false, "reversed": "False", "length": 163.09883523593578, "lanes": null, "name": "Flores Street", "ref": null, "bridge": null, "maxspeed": null, "access": null }, "geometry": { "type": "LineString", "coordinates": [ [ 124.9824613, 10.3879283 ], [ 124.980971, 10.3879799 ] ] } },
{ "type": "Feature", "properties": { "u": 1641041973, "v": 504407078, "key": 0, "osmid": "914897839", "highway": "tertiary", "oneway": false, "reversed": "True", "length": 8.4172291992173047, "lanes": null, "name": "Flores Street", "ref": null, "bridge": null, "maxspeed": null, "access": null }, "geometry": { "type": "LineString", "coordinates": [ [ 124.9824613, 10.3879283 ], [ 124.9825197, 10.387879 ] ] } },
{ "type": "Feature", "properties": { "u": 1641041973, "v": 1641042347, "key": 0, "osmid": "151284368", "highway": "residential", "oneway": false, "reversed": "False", "length": 111.4605586032056, "lanes": null, "name": null, "ref": null, "bridge": null, "maxspeed": null, "access": null }, "geometry": { "type": "LineString", "coordinates": [ [ 124.9824613, 10.3879283 ], [ 124.9824321, 10.3882339 ], [ 124.9824048, 10.3887265 ], [ 124.9823833, 10.3889275 ] ] } },
{ "type": "Feature", "properties": { "u": 1641041981, "v": 1641042280, "key": 0, "osmid": "892528667", "highway": "residential", "oneway": false, "reversed": "True", "length": 94.579954189140665, "lanes": null, "name": null, "ref": null, "bridge": null, "maxspeed": null, "access": null }, "geometry": { "type": "LineString", "coordinates": [ [ 124.9811229, 10.3842376 ], [ 124.9811875, 10.3833894 ] ] } },
{ "type": "Feature", "properties": { "u": 1641041981, "v": 1404221067, "key": 0, "osmid": "126748574", "highway": "tertiary", "oneway": false, "reversed": "False", "length": 94.830873529000172, "lanes": null, "name": "Concepcion Street", "ref": null, "bridge": null, "maxspeed": null, "access": null }, "geometry": { "type": "LineString", "coordinates": [ [ 124.9811229, 10.3842376 ], [ 124.9811041, 10.3846486 ], [ 124.9811081, 10.38509 ] ] } },
{ "type": "Feature", "properties": { "u": 1641041981, "v": 504407048, "key": 0, "osmid": "273390274", "highway": "primary", "oneway": false, "reversed": "False", "length": 118.03190667877347, "lanes": "2", "name": "Osmeña Street", "ref": "692", "bridge": null, "maxspeed": null, "access": null }, "geometry": { "type": "LineString", "coordinates": [ [ 124.9811229, 10.3842376 ], [ 124.9815621, 10.3842671 ], [ 124.9821926, 10.3843689 ] ] } },
{ "type": "Feature", "properties": { "u": 1641041981, "v": 1641042100, "key": 0, "osmid": "273390274", "highway": "primary", "oneway": false, "reversed": "True", "length": 99.487274384176288, "lanes": "2", "name": "Osmeña Street", "ref": "692", "bridge": null, "maxspeed": null, "access": null }, "geometry": { "type": "LineString", "coordinates": [ [ 124.9811229, 10.3842376 ], [ 124.980774, 10.3842143 ], [ 124.9802273, 10.3840954 ] ] } },
{ "type": "Feature", "properties": { "u": 1641041991, "v": 1641042182, "key": 0, "osmid": "1138545607", "highway": "residential", "oneway": false, "reversed": "False", "length": 98.321607217644413, "lanes": null, "name": null, "ref": null, "bridge": null, "maxspeed": null, "access": null }, "geometry": { "type": "LineString", "coordinates": [ [ 124.9801541, 10.3861832 ], [ 124.9810516, 10.3862335 ] ] } },
{ "type": "Feature", "properties": { "u": 1641041991, "v": 10613173780, "key": 0, "osmid": "1138545607", "highway": "residential", "oneway": false, "reversed": "True", "length": 131.46727348118961, "lanes": null, "name": null, "ref": null, "bridge": null, "maxspeed": null, "access": null }, "geometry": { "type": "LineString", "coordinates": [ [ 124.9801541, 10.3861832 ], [ 124.9789539, 10.3861184 ] ] } },
{ "type": "Feature", "properties": { "u": 1641041991, "v": 1641042218, "key": 0, "osmid": "1219756383", "highway": "residential", "oneway": false, "reversed": "False", "length": 83.348201074194748, "lanes": null, "name": "Zamora Street", "ref": null, "bridge": null, "maxspeed": null, "access": null }, "geometry": { "type": "LineString", "coordinates": [ [ 124.9801541, 10.3861832 ], [ 124.9801063, 10.386887 ], [ 124.9801033, 10.3869311 ] ] } },
{ "type": "Feature", "properties": { "u": 1641041991, "v": 1404221068, "key": 0, "osmid": [ 151284367, 1219756383 ], "highway": "residential", "oneway": false, "reversed": "True", "length": 126.16038600783106, "lanes": null, "name": "Zamora Street", "ref": null, "bridge": null, "maxspeed": null, "access": null }, "geometry": { "type": "LineString", "coordinates": [ [ 124.9801541, 10.3861832 ], [ 124.9801545, 10.3861546 ], [ 124.9801683, 10.3850487 ] ] } },
{ "type": "Feature", "properties": { "u": 1641042033, "v": 2528329583, "key": 0, "osmid": "151284355", "highway": "tertiary", "oneway": false, "reversed": "False", "length": 129.4770051905499, "lanes": null, "name": null, "ref": null, "bridge": null, "maxspeed": null, "access": null }, "geometry": { "type": "LineString", "coordinates": [ [ 124.9766707, 10.3867935 ], [ 124.9760163, 10.3868779 ], [ 124.975501, 10.3869704 ] ] } },
{ "type": "Feature", "properties": { "u": 1641042033, "v": 1641042343, "key": 0, "osmid": "151284355", "highway": "tertiary", "oneway": false, "reversed": "True", "length": 122.22351697016339, "lanes": null, "name": null, "ref": null, "bridge": null, "maxspeed": null, "access": null }, "geometry": { "type": "LineString", "coordinates": [ [ 124.9766707, 10.3867935 ], [ 124.9771911, 10.3866985 ], [ 124.9777704, 10.3865982 ] ] } },
{ "type": "Feature", "properties": { "u": 1641042033, "v": 2528329552, "key": 0, "osmid": [ 245680809, 151284359 ], "highway": "residential", "oneway": false, "reversed": "False", "length": 256.58229988361313, "lanes": null, "name": null, "ref": null, "bridge": null, "maxspeed": null, "access": null }, "geometry": { "type": "LineString", "coordinates": [ [ 124.9766707, 10.3867935 ], [ 124.9765869, 10.3863702 ], [ 124.9765031, 10.3861856 ], [ 124.9764134, 10.3858839 ], [ 124.9777907, 10.3857673 ] ] } },
{ "type": "Feature", "properties": { "u": 1641042100, "v": 2528285433, "key": 0, "osmid": "151284367", "highway": "residential", "oneway": false, "reversed": "False", "length": 54.07179101178005, "lanes": null, "name": "Zamora Street", "ref": null, "bridge": null, "maxspeed": null, "access": null }, "geometry": { "type": "LineString", "coordinates": [ [ 124.9802273, 10.3840954 ], [ 124.9801901, 10.3845803 ] ] } },
{ "type": "Feature", "properties": { "u": 1641042100, "v": 1641041858, "key": 0, "osmid": "151284367", "highway": "residential", "oneway": false, "reversed": "True", "length": 77.892144437918745, "lanes": null, "name": "Zamora Street", "ref": null, "bridge": null, "maxspeed": null, "access": null }, "geometry": { "type": "LineString", "coordinates": [ [ 124.9802273, 10.3840954 ], [ 124.9802542, 10.3833954 ] ] } },
{ "type": "Feature", "properties": { "u": 1641042100, "v": 1641042310, "key": 0, "osmid": "273390274", "highway": "primary", "oneway": false, "reversed": "True", "length": 121.93820627171064, "lanes": "2", "name": "Osmeña Street", "ref": "692", "bridge": null, "maxspeed": null, "access": null }, "geometry": { "type": "LineString", "coordinates": [ [ 124.9802273, 10.3840954 ], [ 124.9792002, 10.3836689 ] ] } },
{ "type": "Feature", "properties": { "u": 1641042100, "v": 1641041981, "key": 0, "osmid": "273390274", "highway": "primary", "oneway": false, "reversed": "False", "length": 99.487274384176288, "lanes": "2", "name": "Osmeña Street", "ref": "692", "bridge": null, "maxspeed": null, "access": null }, "geometry": { "type": "LineString", "coordinates": [ [ 124.9802273, 10.3840954 ], [ 124.980774, 10.3842143 ], [ 124.9811229, 10.3842376 ] ] } },
{ "type": "Feature", "properties": { "u": 1641042110, "v": 2528285422, "key": 0, "osmid": "151284370", "highway": "residential", "oneway": false, "reversed": "False", "length": 3.8000418031813705, "lanes": null, "name": null, "ref": null, "bridge": null, "maxspeed": null, "access": null }, "geometry": { "type": "LineString", "coordinates": [ [ 124.9759352, 10.3832076 ], [ 124.9759258, 10.3832405 ] ] } },
{ "type": "Feature", "properties": { "u": 1641042110, "v": 8305491687, "key": 0, "osmid": "893631841", "highway": "residential", "oneway": false, "reversed": "True", "length": 12.0899452932741, "lanes": null, "name": null, "ref": null, "bridge": null, "maxspeed": null, "access": null }, "geometry": { "type": "LineString", "coordinates": [ [ 124.9759352, 10.3832076 ], [ 124.9758285, 10.3831792 ] ] } },
{ "type": "Feature", "properties": { "u": 1641042110, "v": 1641042156, "key": 0, "osmid": "151284370", "highway": "residential", "oneway": false, "reversed": "True", "length": 119.41021635863703, "lanes": null, "name": null, "ref": null, "bridge": null, "maxspeed": null, "access": null }, "geometry": { "type": "LineString", "coordinates": [ [ 124.9759352, 10.3832076 ], [ 124.9760565, 10.3828653 ], [ 124.9762309, 10.3823983 ], [ 124.9763271, 10.3822065 ] ] } },
{ "type": "Feature", "properties": { "u": 1641042140, "v": 1641042330, "key": 0, "osmid": "151284370", "highway": "residential", "oneway": false, "reversed": "False", "length": 249.05454321483319, "lanes": null, "name": null, "ref": null, "bridge": null, "maxspeed": null, "access": null }, "geometry": { "type": "LineString", "coordinates": [ [ 124.975221, 10.3850247 ], [ 124.9748549, 10.3858228 ], [ 124.9746913, 10.3862132 ], [ 124.9745894, 10.3865562 ], [ 124.9745057, 10.3869405 ], [ 124.9744594, 10.3871266 ] ] } },
{ "type": "Feature", "properties": { "u": 1641042140, "v": 2528285422, "key": 0, "osmid": "151284370", "highway": "residential", "oneway": false, "reversed": "True", "length": 213.04797320199918, "lanes": null, "name": null, "ref": null, "bridge": null, "maxspeed": null, "access": null }, "geometry": { "type": "LineString", "coordinates": [ [ 124.975221, 10.3850247 ], [ 124.975396, 10.3846521 ], [ 124.9755974, 10.384169 ], [ 124.97574, 10.3838032 ], [ 124.9759258, 10.3832405 ] ] } },
{ "type": "Feature", "properties": { "u": 1641042140, "v": 12953473777, "key": 0, "osmid": "1409681753", "highway": "residential", "oneway": false, "reversed": "False", "length": 81.528546535062304, "lanes": null, "name": null, "ref": null, "bridge": null, "maxspeed": null, "access": null }, "geometry": { "type": "LineString", "coordinates": [ [ 124.975221, 10.3850247 ], [ 124.9746442, 10.3847668 ], [ 124.9745424, 10.3847213 ] ] } },
{ "type": "Feature", "properties": { "u": 1641042144, "v": 8305491682, "key": 0, "osmid": "245374749", "highway": "residential", "oneway": false, "reversed": "True", "length": 21.214051725796192, "lanes": null, "name": "Pandan Road", "ref": null, "bridge": null, "maxspeed": null, "access": null }, "geometry": { "type": "LineString", "coordinates": [ [ 124.98138, 10.3981126 ], [ 124.9815057, 10.3979673 ] ] } },
{ "type": "Feature", "properties": { "u": 1641042144, "v": 2525826741, "key": 0, "osmid": "245676046", "highway": "residential", "oneway": false, "reversed": "False", "length": 675.76112019499385, "lanes": null, "name": "Pandan Barangay Road", "ref": null, "bridge": null, "maxspeed": null, "access": null }, "geometry": { "type": "LineString", "coordinates": [ [ 124.98138, 10.3981126 ], [ 124.9811549, 10.3985362 ], [ 124.9809711, 10.3990074 ], [ 124.9807184, 10.3997518 ], [ 124.9806381, 10.3999138 ], [ 124.980355, 10.4004845 ], [ 124.980137, 10.4015568 ], [ 124.9800391, 10.4019586 ], [ 124.9797848, 10.4024895 ], [ 124.9794669, 10.4031134 ], [ 124.979174, 10.4037548 ] ] } },
{ "type": "Feature", "properties": { "u": 1641042144, "v": 3967718048, "key": 0, "osmid": [ 393566067, 1249070733, 1136942414 ], "highway": "residential", "oneway": false, "reversed": [ false, true ], "length": 255.84639759084138, "lanes": null, "name": "Pandan Barangay Road", "ref": null, "bridge": "yes", "maxspeed": null, "access": null }, "geometry": { "type": "LineString", "coordinates": [ [ 124.98138, 10.3981126 ], [ 124.9810749, 10.3975415 ], [ 124.9808603, 10.397093 ], [ 124.9806028, 10.3966129 ], [ 124.9805747, 10.3965598 ], [ 124.9804698, 10.396383 ], [ 124.9804038, 10.3961979 ], [ 124.98041, 10.3960415 ] ] } },
{ "type": "Feature", "properties": { "u": 1641042148, "v": 1641042280, "key": 0, "osmid": "151284364", "highway": "unclassified", "oneway": false, "reversed": "False", "length": 47.329410413501286, "lanes": null, "name": null, "ref": null, "bridge": null, "maxspeed": null, "access": null }, "geometry": { "type": "LineString", "coordinates": [ [ 124.9812288, 10.3829657 ], [ 124.9811875, 10.3833894 ] ] } },
{ "type": "Feature", "properties": { "u": 1641042156, "v": 1641042110, "key": 0, "osmid": "151284370", "highway": "residential", "oneway": false, "reversed": "False", "length": 119.41021635863703, "lanes": null, "name": null, "ref": null, "bridge": null, "maxspeed": null, "access": null }, "geometry": { "type": "LineString", "coordinates": [ [ 124.9763271, 10.3822065 ], [ 124.9762309, 10.3823983 ], [ 124.9760565, 10.3828653 ], [ 124.9759352, 10.3832076 ] ] } },
{ "type": "Feature", "properties": { "u": 1641042156, "v": 12953473795, "key": 0, "osmid": [ 245680805, 1409681758 ], "highway": "residential", "oneway": false, "reversed": "False", "length": 217.51972225151542, "lanes": null, "name": "Veloso Street", "ref": null, "bridge": null, "maxspeed": null, "access": null }, "geometry": { "type": "LineString", "coordinates": [ [ 124.9763271, 10.3822065 ], [ 124.9766481, 10.3813746 ], [ 124.9769162, 10.3815124 ], [ 124.9770013, 10.381585 ], [ 124.9770094, 10.3817037 ], [ 124.9772883, 10.3818317 ], [ 124.9775109, 10.3819207 ] ] } },
{ "type": "Feature", "properties": { "u": 1641042156, "v": 1641042171, "key": 0, "osmid": "273390274", "highway": "primary", "oneway": false, "reversed": "False", "length": 259.45277732393333, "lanes": "2", "name": "Osmeña Street", "ref": "692", "bridge": null, "maxspeed": null, "access": null }, "geometry": { "type": "LineString", "coordinates": [ [ 124.9763271, 10.3822065 ], [ 124.9766489, 10.382417 ], [ 124.977039, 10.3826845 ], [ 124.9772417, 10.3828051 ], [ 124.9775183, 10.3829569 ], [ 124.977814, 10.3830925 ], [ 124.9779018, 10.3831248 ], [ 124.9781858, 10.3832227 ], [ 124.9783257, 10.3832806 ], [ 124.978402, 10.3833147 ] ] } },
{ "type": "Feature", "properties": { "u": 1641042156, "v": 10181758507, "key": 0, "osmid": "273390274", "highway": "primary", "oneway": false, "reversed": "True", "length": 61.597277551512214, "lanes": "2", "name": "Osmeña Street", "ref": "692", "bridge": null, "maxspeed": null, "access": null }, "geometry": { "type": "LineString", "coordinates": [ [ 124.9763271, 10.3822065 ], [ 124.9762103, 10.3821128 ], [ 124.9759641, 10.3819303 ], [ 124.9758776, 10.3818732 ] ] } },
{ "type": "Feature", "properties": { "u": 1641042162, "v": 1641041873, "key": 0, "osmid": "892528669", "highway": "residential", "oneway": false, "reversed": "True", "length": 98.96814385087832, "lanes": null, "name": null, "ref": null, "bridge": null, "maxspeed": null, "access": null }, "geometry": { "type": "LineString", "coordinates": [ [ 124.9793323, 10.3824593 ], [ 124.9793207, 10.3825195 ], [ 124.9792343, 10.3833439 ] ] } },
{ "type": "Feature", "properties": { "u": 1641042171, "v": 2528285430, "key": 0, "osmid": "151284354", "highway": "residential", "oneway": false, "reversed": "False", "length": 85.880335385900423, "lanes": null, "name": "T. Dagohoy Street", "ref": null, "bridge": null, "maxspeed": null, "access": null }, "geometry": { "type": "LineString", "coordinates": [ [ 124.978402, 10.3833147 ], [ 124.9780992, 10.3840273 ] ] } },
{ "type": "Feature", "properties": { "u": 1641042171, "v": 10181758495, "key": 0, "osmid": "273390274", "highway": "primary", "oneway": false, "reversed": "False", "length": 59.966476384616165, "lanes": "2", "name": "Osmeña Street", "ref": "692", "bridge": null, "maxspeed": null, "access": null }, "geometry": { "type": "LineString", "coordinates": [ [ 124.978402, 10.3833147 ], [ 124.9789012, 10.3835377 ] ] } },
{ "type": "Feature", "properties": { "u": 1641042171, "v": 1641042300, "key": 0, "osmid": "892528670", "highway": "residential", "oneway": false, "reversed": "True", "length": 124.23806404734269, "lanes": null, "name": null, "ref": null, "bridge": null, "maxspeed": null, "access": null }, "geometry": { "type": "LineString", "coordinates": [ [ 124.978402, 10.3833147 ], [ 124.9784992, 10.3822015 ] ] } },
{ "type": "Feature", "properties": { "u": 1641042171, "v": 1641042156, "key": 0, "osmid": "273390274", "highway": "primary", "oneway": false, "reversed": "True", "length": 259.45277732393328, "lanes": "2", "name": "Osmeña Street", "ref": "692", "bridge": null, "maxspeed": null, "access": null }, "geometry": { "type": "LineString", "coordinates": [ [ 124.978402, 10.3833147 ], [ 124.9783257, 10.3832806 ], [ 124.9781858, 10.3832227 ], [ 124.9779018, 10.3831248 ], [ 124.977814, 10.3830925 ], [ 124.9775183, 10.3829569 ], [ 124.9772417, 10.3828051 ], [ 124.977039, 10.3826845 ], [ 124.9766489, 10.382417 ], [ 124.9763271, 10.3822065 ] ] } },
{ "type": "Feature", "properties": { "u": 1641042182, "v": 1641041948, "key": 0, "osmid": "126748574", "highway": "tertiary", "oneway": false, "reversed": "False", "length": 76.274614124113455, "lanes": null, "name": "Concepcion Street", "ref": null, "bridge": null, "maxspeed": null, "access": null }, "geometry": { "type": "LineString", "coordinates": [ [ 124.9810516, 10.3862335 ], [ 124.9810236, 10.3869189 ] ] } },
{ "type": "Feature", "properties": { "u": 1641042182, "v": 504407060, "key": 0, "osmid": "1138545607", "highway": "residential", "oneway": false, "reversed": "False", "length": 140.21413923879567, "lanes": null, "name": null, "ref": null, "bridge": null, "maxspeed": null, "access": null }, "geometry": { "type": "LineString", "coordinates": [ [ 124.9810516, 10.3862335 ], [ 124.9823315, 10.3863053 ] ] } },
{ "type": "Feature", "properties": { "u": 1641042182, "v": 1641041991, "key": 0, "osmid": "1138545607", "highway": "residential", "oneway": false, "reversed": "True", "length": 98.321607217644413, "lanes": null, "name": null, "ref": null, "bridge": null, "maxspeed": null, "access": null }, "geometry": { "type": "LineString", "coordinates": [ [ 124.9810516, 10.3862335 ], [ 124.9801541, 10.3861832 ] ] } },
{ "type": "Feature", "properties": { "u": 1641042182, "v": 1404221067, "key": 0, "osmid": "126748574", "highway": "tertiary", "oneway": false, "reversed": "True", "length": 127.31293977474976, "lanes": null, "name": "Concepcion Street", "ref": null, "bridge": null, "maxspeed": null, "access": null }, "geometry": { "type": "LineString", "coordinates": [ [ 124.9810516, 10.3862335 ], [ 124.9810615, 10.3858891 ], [ 124.9811081, 10.38509 ] ] } },
{ "type": "Feature", "properties": { "u": 1641042218, "v": 1641041968, "key": 0, "osmid": "151284365", "highway": "residential", "oneway": false, "reversed": "True", "length": 126.68127409280407, "lanes": null, "name": null, "ref": null, "bridge": null, "maxspeed": null, "access": null }, "geometry": { "type": "LineString", "coordinates": [ [ 124.9801033, 10.3869311 ], [ 124.9800535, 10.3869346 ], [ 124.9795361, 10.3869559 ], [ 124.9789466, 10.3869892 ] ] } },
{ "type": "Feature", "properties": { "u": 1641042218, "v": 1641041948, "key": 0, "osmid": "893631837", "highway": "residential", "oneway": false, "reversed": "False", "length": 100.68092668192605, "lanes": null, "name": null, "ref": null, "bridge": null, "maxspeed": null, "access": null }, "geometry": { "type": "LineString", "coordinates": [ [ 124.9801033, 10.3869311 ], [ 124.9803082, 10.3869217 ], [ 124.9805492, 10.3869203 ], [ 124.9810236, 10.3869189 ] ] } },
{ "type": "Feature", "properties": { "u": 1641042218, "v": 1641041991, "key": 0, "osmid": "1219756383", "highway": "residential", "oneway": false, "reversed": "True", "length": 83.348201074194748, "lanes": null, "name": "Zamora Street", "ref": null, "bridge": null, "maxspeed": null, "access": null }, "geometry": { "type": "LineString", "coordinates": [ [ 124.9801033, 10.3869311 ], [ 124.9801063, 10.386887 ], [ 124.9801541, 10.3861832 ] ] } },
{ "type": "Feature", "properties": { "u": 1641042230, "v": 1641042380, "key": 0, "osmid": "151284369", "highway": "residential", "oneway": false, "reversed": "False", "length": 220.45485480185658, "lanes": null, "name": "Veloso Street", "ref": null, "bridge": null, "maxspeed": null, "access": null }, "geometry": { "type": "LineString", "coordinates": [ [ 124.9809134, 10.3890081 ], [ 124.9805028, 10.3890225 ], [ 124.980478, 10.3890234 ], [ 124.9799746, 10.3890782 ], [ 124.9795292, 10.3890945 ], [ 124.9789041, 10.3891515 ] ] } },
{ "type": "Feature", "properties": { "u": 1641042230, "v": 1641042347, "key": 0, "osmid": "151284369", "highway": "residential", "oneway": false, "reversed": "True", "length": 161.03485670627759, "lanes": null, "name": "Veloso Street", "ref": null, "bridge": null, "maxspeed": null, "access": null }, "geometry": { "type": "LineString", "coordinates": [ [ 124.9809134, 10.3890081 ], [ 124.981233, 10.3889864 ], [ 124.9814418, 10.3889705 ], [ 124.9814945, 10.3889668 ], [ 124.9821418, 10.3889345 ], [ 124.9823833, 10.3889275 ] ] } },
{ "type": "Feature", "properties": { "u": 1641042230, "v": 1641041964, "key": 0, "osmid": [ 245672646, 914897838 ], "highway": "residential", "oneway": false, "reversed": [ false, true ], "length": 311.72317567773842, "lanes": null, "name": [ "Concepcion Street", "Don Vicente Street" ], "ref": null, "bridge": null, "maxspeed": "30", "access": null }, "geometry": { "type": "LineString", "coordinates": [ [ 124.9809134, 10.3890081 ], [ 124.9809052, 10.3891976 ], [ 124.980874, 10.3899225 ], [ 124.9808315, 10.3907935 ], [ 124.9813428, 10.3909203 ], [ 124.9818388, 10.3910178 ] ] } },
{ "type": "Feature", "properties": { "u": 1641042230, "v": 1641041952, "key": 0, "osmid": "914897838", "highway": "residential", "oneway": false, "reversed": "True", "length": 114.50422088659852, "lanes": null, "name": "Concepcion Street", "ref": null, "bridge": null, "maxspeed": null, "access": null }, "geometry": { "type": "LineString", "coordinates": [ [ 124.9809134, 10.3890081 ], [ 124.9809487, 10.3883774 ], [ 124.9809522, 10.3883153 ], [ 124.980971, 10.3879799 ] ] } },
{ "type": "Feature", "properties": { "u": 1641042267, "v": 1641041968, "key": 0, "osmid": "894243857", "highway": "residential", "oneway": false, "reversed": "True", "length": 84.287647533654209, "lanes": null, "name": null, "ref": null, "bridge": null, "maxspeed": null, "access": null }, "geometry": { "type": "LineString", "coordinates": [ [ 124.9789416, 10.3862312 ], [ 124.9789466, 10.3869892 ] ] } },
{ "type": "Feature", "properties": { "u": 1641042267, "v": 10613173780, "key": 0, "osmid": "1138545608", "highway": "unclassified", "oneway": false, "reversed": "False", "length": 12.614744269107067, "lanes": null, "name": null, "ref": null, "bridge": null, "maxspeed": null, "access": null }, "geometry": { "type": "LineString", "coordinates": [ [ 124.9789416, 10.3862312 ], [ 124.9789539, 10.3861184 ] ] } },
{ "type": "Feature", "properties": { "u": 1641042267, "v": 2528285450, "key": 0, "osmid": "151284355", "highway": "tertiary", "oneway": false, "reversed": "False", "length": 121.13351352896862, "lanes": null, "name": null, "ref": null, "bridge": null, "maxspeed": null, "access": null }, "geometry": { "type": "LineString", "coordinates": [ [ 124.9789416, 10.3862312 ], [ 124.9788375, 10.3863403 ], [ 124.9786712, 10.3864432 ], [ 124.978382, 10.3865033 ], [ 124.9779243, 10.3865743 ] ] } },
{ "type": "Feature", "properties": { "u": 1641042274, "v": 2528285420, "key": 0, "osmid": "245676050", "highway": "residential", "oneway": false, "reversed": "False", "length": 59.240075981558334, "lanes": null, "name": null, "ref": null, "bridge": null, "maxspeed": null, "access": null }, "geometry": { "type": "LineString", "coordinates": [ [ 124.9842214, 10.3822453 ], [ 124.9847225, 10.3820431 ] ] } },
{ "type": "Feature", "properties": { "u": 1641042274, "v": 2528329378, "key": 0, "osmid": [ 151284366, 818307279 ], "highway": "residential", "oneway": false, "reversed": "False", "length": 197.20721410555416, "lanes": null, "name": null, "ref": null, "bridge": null, "maxspeed": null, "access": null }, "geometry": { "type": "LineString", "coordinates": [ [ 124.9842214, 10.3822453 ], [ 124.9840112, 10.3823306 ], [ 124.9837182, 10.3824496 ], [ 124.9835064, 10.3825381 ], [ 124.9832707, 10.3826435 ], [ 124.9830341, 10.3827493 ], [ 124.9830232, 10.3828109 ], [ 124.9831275, 10.3832376 ] ] } },
{ "type": "Feature", "properties": { "u": 1641042274, "v": 1641042338, "key": 0, "osmid": "818307277", "highway": "residential", "oneway": false, "reversed": "False", "length": 168.93993901295312, "lanes": null, "name": null, "ref": null, "bridge": null, "maxspeed": null, "access": null }, "geometry": { "type": "LineString", "coordinates": [ [ 124.9842214, 10.3822453 ], [ 124.9845832, 10.3829294 ], [ 124.9846186, 10.3829701 ], [ 124.9848676, 10.3833001 ], [ 124.9850584, 10.3835128 ] ] } },
{ "type": "Feature", "properties": { "u": 1641042280, "v": 2528329397, "key": 0, "osmid": "151284356", "highway": "residential", "oneway": false, "reversed": "False", "length": 101.99079416110011, "lanes": null, "name": null, "ref": null, "bridge": null, "maxspeed": null, "access": null }, "geometry": { "type": "LineString", "coordinates": [ [ 124.9811875, 10.3833894 ], [ 124.9821193, 10.3834248 ] ] } },
{ "type": "Feature", "properties": { "u": 1641042280, "v": 1641041858, "key": 0, "osmid": "151284356", "highway": "residential", "oneway": false, "reversed": "True", "length": 102.08105176241156, "lanes": null, "name": null, "ref": null, "bridge": null, "maxspeed": null, "access": null }, "geometry": { "type": "LineString", "coordinates": [ [ 124.9811875, 10.3833894 ], [ 124.9802542, 10.3833954 ] ] } },
{ "type": "Feature", "properties": { "u": 1641042280, "v": 1641042148, "key": 0, "osmid": "151284364", "highway": "unclassified", "oneway": false, "reversed": "True", "length": 47.329410413501286, "lanes": null, "name": null, "ref": null, "bridge": null, "maxspeed": null, "access": null }, "geometry": { "type": "LineString", "coordinates": [ [ 124.9811875, 10.3833894 ], [ 124.9812288, 10.3829657 ] ] } },
{ "type": "Feature", "properties": { "u": 1641042280, "v": 1641041981, "key": 0, "osmid": "892528667", "highway": "residential", "oneway": false, "reversed": "False", "length": 94.579954189140665, "lanes": null, "name": null, "ref": null, "bridge": null, "maxspeed": null, "access": null }, "geometry": { "type": "LineString", "coordinates": [ [ 124.9811875, 10.3833894 ], [ 124.9811229, 10.3842376 ] ] } },
{ "type": "Feature", "properties": { "u": 1641042300, "v": 1641042171, "key": 0, "osmid": "892528670", "highway": "residential", "oneway": false, "reversed": "False", "length": 124.23806404734269, "lanes": null, "name": null, "ref": null, "bridge": null, "maxspeed": null, "access": null }, "geometry": { "type": "LineString", "coordinates": [ [ 124.9784992, 10.3822015 ], [ 124.978402, 10.3833147 ] ] } },
{ "type": "Feature", "properties": { "u": 1641042310, "v": 1641042100, "key": 0, "osmid": "273390274", "highway": "primary", "oneway": false, "reversed": "False", "length": 121.93820627171064, "lanes": "2", "name": "Osmeña Street", "ref": "692", "bridge": null, "maxspeed": null, "access": null }, "geometry": { "type": "LineString", "coordinates": [ [ 124.9792002, 10.3836689 ], [ 124.9802273, 10.3840954 ] ] } },
{ "type": "Feature", "properties": { "u": 1641042310, "v": 2528285431, "key": 0, "osmid": "1138545608", "highway": "unclassified", "oneway": false, "reversed": "True", "length": 95.440148313921426, "lanes": null, "name": null, "ref": null, "bridge": null, "maxspeed": null, "access": null }, "geometry": { "type": "LineString", "coordinates": [ [ 124.9792002, 10.3836689 ], [ 124.9790954, 10.384521 ] ] } },
{ "type": "Feature", "properties": { "u": 1641042310, "v": 1641041873, "key": 0, "osmid": "1141867644", "highway": "residential", "oneway": false, "reversed": "False", "length": 36.330351644875364, "lanes": null, "name": null, "ref": null, "bridge": null, "maxspeed": null, "access": null }, "geometry": { "type": "LineString", "coordinates": [ [ 124.9792002, 10.3836689 ], [ 124.9792343, 10.3833439 ] ] } },
{ "type": "Feature", "properties": { "u": 1641042310, "v": 10181758495, "key": 0, "osmid": "273390274", "highway": "primary", "oneway": false, "reversed": "True", "length": 35.812305239684335, "lanes": "2", "name": "Osmeña Street", "ref": "692", "bridge": null, "maxspeed": null, "access": null }, "geometry": { "type": "LineString", "coordinates": [ [ 124.9792002, 10.3836689 ], [ 124.9791358, 10.3836425 ], [ 124.9789012, 10.3835377 ] ] } },
{ "type": "Feature", "properties": { "u": 1641042330, "v": 2528329662, "key": 0, "osmid": [ 245680824, 151284355 ], "highway": "tertiary", "oneway": false, "reversed": "False", "length": 560.37835678265355, "lanes": null, "name": null, "ref": null, "bridge": null, "maxspeed": null, "access": null }, "geometry": { "type": "LineString", "coordinates": [ [ 124.9744594, 10.3871266 ], [ 124.9741816, 10.3871998 ], [ 124.9737096, 10.3872947 ], [ 124.9733292, 10.3872702 ], [ 124.9731605, 10.3872747 ], [ 124.972921, 10.3873897 ], [ 124.9724918, 10.3875797 ], [ 124.9720573, 10.3878066 ], [ 124.9718422, 10.3879139 ], [ 124.9715633, 10.3881197 ], [ 124.9712414, 10.3882675 ], [ 124.9709142, 10.3884363 ], [ 124.970566, 10.3886561 ], [ 124.97033, 10.3888724 ], [ 124.9702458, 10.3889316 ], [ 124.9702055, 10.3890187 ], [ 124.9701814, 10.3891105 ], [ 124.9701862, 10.3892103 ], [ 124.970183, 10.3893337 ] ] } },
{ "type": "Feature", "properties": { "u": 1641042330, "v": 2528329583, "key": 0, "osmid": "151284355", "highway": "tertiary", "oneway": false, "reversed": "True", "length": 115.24801180548795, "lanes": null, "name": null, "ref": null, "bridge": null, "maxspeed": null, "access": null }, "geometry": { "type": "LineString", "coordinates": [ [ 124.9744594, 10.3871266 ], [ 124.9753403, 10.3869992 ], [ 124.975501, 10.3869704 ] ] } },
{ "type": "Feature", "properties": { "u": 1641042330, "v": 1641042140, "key": 0, "osmid": "151284370", "highway": "residential", "oneway": false, "reversed": "True", "length": 249.05454321483316, "lanes": null, "name": null, "ref": null, "bridge": null, "maxspeed": null, "access": null }, "geometry": { "type": "LineString", "coordinates": [ [ 124.9744594, 10.3871266 ], [ 124.9745057, 10.3869405 ], [ 124.9745894, 10.3865562 ], [ 124.9746913, 10.3862132 ], [ 124.9748549, 10.3858228 ], [ 124.975221, 10.3850247 ] ] } },
{ "type": "Feature", "properties": { "u": 1641042338, "v": 2528285437, "key": 0, "osmid": "126748580", "highway": "tertiary", "oneway": false, "reversed": "False", "length": 157.00768197127496, "lanes": null, "name": "Don Benito Faelnar Street", "ref": null, "bridge": null, "maxspeed": null, "access": null }, "geometry": { "type": "LineString", "coordinates": [ [ 124.9850584, 10.3835128 ], [ 124.9851108, 10.3835774 ], [ 124.985208, 10.3837387 ], [ 124.9852541, 10.3838288 ], [ 124.9852673, 10.3839316 ], [ 124.9853504, 10.3844504 ], [ 124.9853989, 10.3848598 ] ] } },
{ "type": "Feature", "properties": { "u": 1641042338, "v": 1404221054, "key": 0, "osmid": "126748581", "highway": "tertiary", "oneway": false, "reversed": "True", "length": 130.9732729076145, "lanes": null, "name": "Osmeña Street", "ref": null, "bridge": null, "maxspeed": null, "access": null }, "geometry": { "type": "LineString", "coordinates": [ [ 124.9850584, 10.3835128 ], [ 124.9843841, 10.3837792 ], [ 124.9841878, 10.3838488 ], [ 124.983944, 10.3839436 ] ] } },
{ "type": "Feature", "properties": { "u": 1641042338, "v": 1641042274, "key": 0, "osmid": "818307277", "highway": "residential", "oneway": false, "reversed": "True", "length": 168.93993901295312, "lanes": null, "name": null, "ref": null, "bridge": null, "maxspeed": null, "access": null }, "geometry": { "type": "LineString", "coordinates": [ [ 124.9850584, 10.3835128 ], [ 124.9848676, 10.3833001 ], [ 124.9846186, 10.3829701 ], [ 124.9845832, 10.3829294 ], [ 124.9842214, 10.3822453 ] ] } },
{ "type": "Feature", "properties": { "u": 1641042343, "v": 2528329552, "key": 0, "osmid": "151284354", "highway": "residential", "oneway": false, "reversed": "True", "length": 92.418668964525835, "lanes": null, "name": "T. Dagohoy Street", "ref": null, "bridge": null, "maxspeed": null, "access": null }, "geometry": { "type": "LineString", "coordinates": [ [ 124.9777704, 10.3865982 ], [ 124.9777907, 10.3857673 ] ] } },
{ "type": "Feature", "properties": { "u": 1641042343, "v": 2528285450, "key": 0, "osmid": "151284355", "highway": "tertiary", "oneway": false, "reversed": "True", "length": 17.041006318900543, "lanes": null, "name": null, "ref": null, "bridge": null, "maxspeed": null, "access": null }, "geometry": { "type": "LineString", "coordinates": [ [ 124.9777704, 10.3865982 ], [ 124.9779243, 10.3865743 ] ] } },
{ "type": "Feature", "properties": { "u": 1641042343, "v": 1641042033, "key": 0, "osmid": "151284355", "highway": "tertiary", "oneway": false, "reversed": "False", "length": 122.22351697016339, "lanes": null, "name": null, "ref": null, "bridge": null, "maxspeed": null, "access": null }, "geometry": { "type": "LineString", "coordinates": [ [ 124.9777704, 10.3865982 ], [ 124.9771911, 10.3866985 ], [ 124.9766707, 10.3867935 ] ] } },
{ "type": "Feature", "properties": { "u": 1641042347, "v": 1641041964, "key": 0, "osmid": "151284368", "highway": "residential", "oneway": false, "reversed": "False", "length": 242.87236318220866, "lanes": null, "name": null, "ref": null, "bridge": null, "maxspeed": null, "access": null }, "geometry": { "type": "LineString", "coordinates": [ [ 124.9823833, 10.3889275 ], [ 124.9823028, 10.3893913 ], [ 124.9821902, 10.3897449 ], [ 124.982091, 10.3899627 ], [ 124.9819873, 10.3901904 ], [ 124.9819595, 10.3902514 ], [ 124.981842, 10.3905873 ], [ 124.9818384, 10.3906469 ], [ 124.981821, 10.3909336 ], [ 124.9818388, 10.3910178 ] ] } },
{ "type": "Feature", "properties": { "u": 1641042347, "v": 1641041973, "key": 0, "osmid": "151284368", "highway": "residential", "oneway": false, "reversed": "True", "length": 111.4605586032056, "lanes": null, "name": null, "ref": null, "bridge": null, "maxspeed": null, "access": null }, "geometry": { "type": "LineString", "coordinates": [ [ 124.9823833, 10.3889275 ], [ 124.9824048, 10.3887265 ], [ 124.9824321, 10.3882339 ], [ 124.9824613, 10.3879283 ] ] } },
{ "type": "Feature", "properties": { "u": 1641042347, "v": 1641042230, "key": 0, "osmid": "151284369", "highway": "residential", "oneway": false, "reversed": "False", "length": 161.03485670627759, "lanes": null, "name": "Veloso Street", "ref": null, "bridge": null, "maxspeed": null, "access": null }, "geometry": { "type": "LineString", "coordinates": [ [ 124.9823833, 10.3889275 ], [ 124.9821418, 10.3889345 ], [ 124.9814945, 10.3889668 ], [ 124.9814418, 10.3889705 ], [ 124.981233, 10.3889864 ], [ 124.9809134, 10.3890081 ] ] } },
{ "type": "Feature", "properties": { "u": 1641042347, "v": 8305491666, "key": 0, "osmid": "1409653878", "highway": "residential", "oneway": false, "reversed": "True", "length": 121.54065848631841, "lanes": null, "name": "CTH Drive", "ref": null, "bridge": null, "maxspeed": null, "access": "permissive" }, "geometry": { "type": "LineString", "coordinates": [ [ 124.9823833, 10.3889275 ], [ 124.9829417, 10.3890493 ], [ 124.9831241, 10.389077 ], [ 124.9832529, 10.3890651 ], [ 124.9834668, 10.3889953 ] ] } },
{ "type": "Feature", "properties": { "u": 1641042377, "v": 504407084, "key": 0, "osmid": "126748578", "highway": "tertiary", "oneway": false, "reversed": "False", "length": 234.34060012190844, "lanes": null, "name": "L. Regis Street", "ref": null, "bridge": null, "maxspeed": null, "access": null }, "geometry": { "type": "LineString", "coordinates": [ [ 124.9834248, 10.3864111 ], [ 124.9834218, 10.3870367 ], [ 124.9834422, 10.3873758 ], [ 124.9834452, 10.3875506 ], [ 124.9834173, 10.3877137 ], [ 124.9832941, 10.3880223 ], [ 124.9831304, 10.3884643 ] ] } },
{ "type": "Feature", "properties": { "u": 1641042377, "v": 1404221060, "key": 0, "osmid": "126748578", "highway": "tertiary", "oneway": false, "reversed": "True", "length": 134.14351493211603, "lanes": null, "name": "L. Regis Street", "ref": null, "bridge": null, "maxspeed": null, "access": null }, "geometry": { "type": "LineString", "coordinates": [ [ 124.9834248, 10.3864111 ], [ 124.9834047, 10.3859764 ], [ 124.983382, 10.3856961 ], [ 124.9833425, 10.3852076 ] ] } },
{ "type": "Feature", "properties": { "u": 1641042377, "v": 504407060, "key": 0, "osmid": "151284360", "highway": "residential", "oneway": false, "reversed": "False", "length": 120.45538681705776, "lanes": null, "name": null, "ref": null, "bridge": null, "maxspeed": null, "access": null }, "geometry": { "type": "LineString", "coordinates": [ [ 124.9834248, 10.3864111 ], [ 124.9831933, 10.386359 ], [ 124.9830599, 10.3863462 ], [ 124.9829883, 10.3863394 ], [ 124.9827654, 10.386321 ], [ 124.9823315, 10.3863053 ] ] } },
{ "type": "Feature", "properties": { "u": 1641042380, "v": 2528285468, "key": 0, "osmid": "151284357", "highway": "tertiary", "oneway": false, "reversed": "False", "length": 310.54989808762451, "lanes": null, "name": "Flores Street", "ref": null, "bridge": null, "maxspeed": null, "access": null }, "geometry": { "type": "LineString", "coordinates": [ [ 124.9789041, 10.3891515 ], [ 124.9786877, 10.3897694 ], [ 124.9786288, 10.3900571 ], [ 124.9786077, 10.3902161 ], [ 124.9785907, 10.390378 ], [ 124.9785808, 10.3906797 ], [ 124.9785483, 10.3909619 ], [ 124.9784599, 10.3912198 ], [ 124.9783122, 10.3914579 ], [ 124.9780977, 10.3917164 ], [ 124.9780672, 10.391759 ] ] } },
{ "type": "Feature", "properties": { "u": 1641042380, "v": 2528285468, "key": 1, "osmid": [ 245676048, 893651337 ], "highway": "residential", "oneway": false, "reversed": [ false, true ], "length": 427.37172899786771, "lanes": null, "name": null, "ref": null, "bridge": null, "maxspeed": null, "access": null }, "geometry": { "type": "LineString", "coordinates": [ [ 124.9789041, 10.3891515 ], [ 124.9782163, 10.3891824 ], [ 124.9779795, 10.389238 ], [ 124.9779167, 10.3892681 ], [ 124.9778397, 10.3894975 ], [ 124.9777581, 10.3897207 ], [ 124.9776041, 10.3902629 ], [ 124.9774465, 10.3907769 ], [ 124.9774158, 10.3908771 ], [ 124.9773939, 10.3909765 ], [ 124.977382, 10.3910307 ], [ 124.9773884, 10.391102 ], [ 124.9774271, 10.3911795 ], [ 124.9775317, 10.3913141 ], [ 124.9777071, 10.3914724 ], [ 124.9779309, 10.391664 ], [ 124.9780672, 10.391759 ] ] } },
{ "type": "Feature", "properties": { "u": 1641042380, "v": 1641041952, "key": 0, "osmid": "151284357", "highway": "tertiary", "oneway": false, "reversed": "True", "length": 306.95320081773718, "lanes": null, "name": "Flores Street", "ref": null, "bridge": null, "maxspeed": null, "access": null }, "geometry": { "type": "LineString", "coordinates": [ [ 124.9789041, 10.3891515 ], [ 124.9792129, 10.3882791 ], [ 124.9792765, 10.3881643 ], [ 124.9793527, 10.388088 ], [ 124.979476, 10.3880531 ], [ 124.9797652, 10.3880249 ], [ 124.9800631, 10.3880074 ], [ 124.9803443, 10.3879989 ], [ 124.980971, 10.3879799 ] ] } },
{ "type": "Feature", "properties": { "u": 1641042380, "v": 1641042230, "key": 0, "osmid": "151284369", "highway": "residential", "oneway": false, "reversed": "True", "length": 220.45485480185664, "lanes": null, "name": "Veloso Street", "ref": null, "bridge": null, "maxspeed": null, "access": null }, "geometry": { "type": "LineString", "coordinates": [ [ 124.9789041, 10.3891515 ], [ 124.9795292, 10.3890945 ], [ 124.9799746, 10.3890782 ], [ 124.980478, 10.3890234 ], [ 124.9805028, 10.3890225 ], [ 124.9809134, 10.3890081 ] ] } },
{ "type": "Feature", "properties": { "u": 1769455568, "v": 1769455611, "key": 0, "osmid": "165395773", "highway": "unclassified", "oneway": false, "reversed": "False", "length": 1272.8852628527793, "lanes": null, "name": "Dagsa Barangay Road", "ref": null, "bridge": null, "maxspeed": null, "access": null }, "geometry": { "type": "LineString", "coordinates": [ [ 124.9921908, 10.419242 ], [ 124.9921271, 10.4193383 ], [ 124.9921036, 10.4194194 ], [ 124.9921591, 10.4197205 ], [ 124.9922231, 10.4200974 ], [ 124.9922865, 10.4204708 ], [ 124.9923105, 10.4206122 ], [ 124.9923326, 10.4207777 ], [ 124.9923945, 10.4212401 ], [ 124.9924434, 10.4214841 ], [ 124.992551, 10.4217505 ], [ 124.9926252, 10.4218643 ], [ 124.9925561, 10.4220433 ], [ 124.9925006, 10.4222021 ], [ 124.9923492, 10.4223725 ], [ 124.9922701, 10.4225099 ], [ 124.992191, 10.4227332 ], [ 124.9920716, 10.4231964 ], [ 124.9920295, 10.4235224 ], [ 124.9920988, 10.4236967 ], [ 124.9921221, 10.4239029 ], [ 124.9921591, 10.4242255 ], [ 124.9922667, 10.4248839 ], [ 124.9922583, 10.4249964 ], [ 124.9921793, 10.4252876 ], [ 124.9921658, 10.4254961 ], [ 124.9921759, 10.4256946 ], [ 124.9922146, 10.4260106 ], [ 124.992292, 10.4263398 ], [ 124.9923391, 10.4269503 ], [ 124.9923761, 10.4273506 ], [ 124.9924535, 10.4276005 ], [ 124.9924921, 10.4278271 ], [ 124.9925308, 10.4280455 ], [ 124.9925443, 10.4283698 ], [ 124.9925409, 10.4287767 ], [ 124.9925275, 10.4289984 ], [ 124.9924602, 10.4298819 ], [ 124.9924736, 10.4299447 ], [ 124.99244, 10.4301002 ], [ 124.9923744, 10.4302111 ], [ 124.9922794, 10.4303479 ] ] } },
{ "type": "Feature", "properties": { "u": 1769455568, "v": 2525825471, "key": 0, "osmid": [ 245676057, 399624922, 399624921 ], "highway": "tertiary", "oneway": false, "reversed": "False", "length": 544.05751401627435, "lanes": "2", "name": "Diversion Road", "ref": "692", "bridge": "yes", "maxspeed": null, "access": null }, "geometry": { "type": "LineString", "coordinates": [ [ 124.9921908, 10.419242 ], [ 124.9922171, 10.4193131 ], [ 124.9922888, 10.4194423 ], [ 124.9925005, 10.4196336 ], [ 124.9927558, 10.4199582 ], [ 124.9929839, 10.4200471 ], [ 124.9930812, 10.4200761 ], [ 124.9931952, 10.4200814 ], [ 124.993332, 10.4200701 ], [ 124.9934488, 10.4200395 ], [ 124.9938349, 10.4199229 ], [ 124.994434, 10.4197413 ], [ 124.9946353, 10.4196428 ], [ 124.9950526, 10.4194436 ], [ 124.9954475, 10.4192359 ], [ 124.9956286, 10.419199 ], [ 124.9957949, 10.419195 ], [ 124.9959719, 10.4192293 ], [ 124.9961945, 10.4193137 ], [ 124.996544, 10.4194763 ] ] } },
{ "type": "Feature", "properties": { "u": 1769455568, "v": 8317379551, "key": 0, "osmid": "245676057", "highway": "tertiary", "oneway": false, "reversed": "True", "length": 651.58788617323114, "lanes": "2", "name": "Diversion Road", "ref": "692", "bridge": null, "maxspeed": null, "access": null }, "geometry": { "type": "LineString", "coordinates": [ [ 124.9921908, 10.419242 ], [ 124.9921656, 10.4191737 ], [ 124.9921348, 10.4190296 ], [ 124.9921244, 10.4188837 ], [ 124.9921316, 10.4187363 ], [ 124.9921754, 10.4184354 ], [ 124.9922464, 10.4181355 ], [ 124.9923027, 10.4178232 ], [ 124.9925897, 10.4172983 ], [ 124.9927157, 10.4170424 ], [ 124.9927801, 10.4168722 ], [ 124.992875, 10.4164614 ], [ 124.9929142, 10.4163189 ], [ 124.9934458, 10.4151296 ], [ 124.9934836, 10.4149816 ], [ 124.9934964, 10.4148302 ], [ 124.993485, 10.4146876 ], [ 124.9934415, 10.4145482 ], [ 124.9933789, 10.4144187 ], [ 124.9932951, 10.4142994 ], [ 124.9928673, 10.4138642 ] ] } },
{ "type": "Feature", "properties": { "u": 1769455611, "v": 1769455568, "key": 0, "osmid": "165395773", "highway": "unclassified", "oneway": false, "reversed": "True", "length": 1272.8852628527793, "lanes": null, "name": "Dagsa Barangay Road", "ref": null, "bridge": null, "maxspeed": null, "access": null }, "geometry": { "type": "LineString", "coordinates": [ [ 124.9922794, 10.4303479 ], [ 124.9923744, 10.4302111 ], [ 124.99244, 10.4301002 ], [ 124.9924736, 10.4299447 ], [ 124.9924602, 10.4298819 ], [ 124.9925275, 10.4289984 ], [ 124.9925409, 10.4287767 ], [ 124.9925443, 10.4283698 ], [ 124.9925308, 10.4280455 ], [ 124.9924921, 10.4278271 ], [ 124.9924535, 10.4276005 ], [ 124.9923761, 10.4273506 ], [ 124.9923391, 10.4269503 ], [ 124.992292, 10.4263398 ], [ 124.9922146, 10.4260106 ], [ 124.9921759, 10.4256946 ], [ 124.9921658, 10.4254961 ], [ 124.9921793, 10.4252876 ], [ 124.9922583, 10.4249964 ], [ 124.9922667, 10.4248839 ], [ 124.9921591, 10.4242255 ], [ 124.9921221, 10.4239029 ], [ 124.9920988, 10.4236967 ], [ 124.9920295, 10.4235224 ], [ 124.9920716, 10.4231964 ], [ 124.992191, 10.4227332 ], [ 124.9922701, 10.4225099 ], [ 124.9923492, 10.4223725 ], [ 124.9925006, 10.4222021 ], [ 124.9925561, 10.4220433 ], [ 124.9926252, 10.4218643 ], [ 124.992551, 10.4217505 ], [ 124.9924434, 10.4214841 ], [ 124.9923945, 10.4212401 ], [ 124.9923326, 10.4207777 ], [ 124.9923105, 10.4206122 ], [ 124.9922865, 10.4204708 ], [ 124.9922231, 10.4200974 ], [ 124.9921591, 10.4197205 ], [ 124.9921036, 10.4194194 ], [ 124.9921271, 10.4193383 ], [ 124.9921908, 10.419242 ] ] } },
{ "type": "Feature", "properties": { "u": 1769461678, "v": 1769461681, "key": 0, "osmid": "165396348", "highway": "residential", "oneway": false, "reversed": "False", "length": 131.5271165138131, "lanes": null, "name": null, "ref": null, "bridge": null, "maxspeed": null, "access": null }, "geometry": { "type": "LineString", "coordinates": [ [ 125.0062138, 10.3809664 ], [ 125.0067379, 10.382031 ] ] } },
{ "type": "Feature", "properties": { "u": 1769461679, "v": 1769461685, "key": 0, "osmid": "894231953", "highway": "residential", "oneway": false, "reversed": "True", "length": 151.00878450289648, "lanes": "2", "name": null, "ref": null, "bridge": null, "maxspeed": null, "access": null }, "geometry": { "type": "LineString", "coordinates": [ [ 125.0053131, 10.3811812 ], [ 125.0054218, 10.3814008 ], [ 125.005911, 10.3824053 ] ] } },
{ "type": "Feature", "properties": { "u": 1769461681, "v": 1769461685, "key": 0, "osmid": "165396342", "highway": "residential", "oneway": false, "reversed": "False", "length": 99.558881897569421, "lanes": null, "name": null, "ref": null, "bridge": null, "maxspeed": null, "access": null }, "geometry": { "type": "LineString", "coordinates": [ [ 125.0067379, 10.382031 ], [ 125.005911, 10.3824053 ] ] } },
{ "type": "Feature", "properties": { "u": 1769461681, "v": 1769461683, "key": 0, "osmid": "165396348", "highway": "residential", "oneway": false, "reversed": "False", "length": 39.225638352060919, "lanes": null, "name": null, "ref": null, "bridge": null, "maxspeed": null, "access": null }, "geometry": { "type": "LineString", "coordinates": [ [ 125.0067379, 10.382031 ], [ 125.0068942, 10.3823485 ] ] } },
{ "type": "Feature", "properties": { "u": 1769461681, "v": 1769461678, "key": 0, "osmid": "165396348", "highway": "residential", "oneway": false, "reversed": "True", "length": 131.5271165138131, "lanes": null, "name": null, "ref": null, "bridge": null, "maxspeed": null, "access": null }, "geometry": { "type": "LineString", "coordinates": [ [ 125.0067379, 10.382031 ], [ 125.0062138, 10.3809664 ] ] } },
{ "type": "Feature", "properties": { "u": 1769461683, "v": 1769461689, "key": 0, "osmid": "165396343", "highway": "residential", "oneway": false, "reversed": "False", "length": 99.744354386669471, "lanes": null, "name": null, "ref": null, "bridge": null, "maxspeed": null, "access": null }, "geometry": { "type": "LineString", "coordinates": [ [ 125.0068942, 10.3823485 ], [ 125.0060582, 10.3827069 ] ] } },
{ "type": "Feature", "properties": { "u": 1769461683, "v": 1769461681, "key": 0, "osmid": "165396348", "highway": "residential", "oneway": false, "reversed": "True", "length": 39.225638352060919, "lanes": null, "name": null, "ref": null, "bridge": null, "maxspeed": null, "access": null }, "geometry": { "type": "LineString", "coordinates": [ [ 125.0068942, 10.3823485 ], [ 125.0067379, 10.382031 ] ] } },
{ "type": "Feature", "properties": { "u": 1769461683, "v": 1769461687, "key": 0, "osmid": "165396346", "highway": "residential", "oneway": false, "reversed": "True", "length": 147.97109400822376, "lanes": null, "name": null, "ref": null, "bridge": null, "maxspeed": null, "access": null }, "geometry": { "type": "LineString", "coordinates": [ [ 125.0068942, 10.3823485 ], [ 125.0076344, 10.3820864 ], [ 125.0079543, 10.3825459 ] ] } },
{ "type": "Feature", "properties": { "u": 1769461683, "v": 1769461692, "key": 0, "osmid": "165396348", "highway": "residential", "oneway": false, "reversed": "False", "length": 74.466957304105506, "lanes": null, "name": null, "ref": null, "bridge": null, "maxspeed": null, "access": null }, "geometry": { "type": "LineString", "coordinates": [ [ 125.0068942, 10.3823485 ], [ 125.0069052, 10.3823708 ], [ 125.0069714, 10.3825053 ], [ 125.0071962, 10.3829487 ] ] } },
{ "type": "Feature", "properties": { "u": 1769461685, "v": 1769461681, "key": 0, "osmid": "165396342", "highway": "residential", "oneway": false, "reversed": "True", "length": 99.558881897569421, "lanes": null, "name": null, "ref": null, "bridge": null, "maxspeed": null, "access": null }, "geometry": { "type": "LineString", "coordinates": [ [ 125.005911, 10.3824053 ], [ 125.0067379, 10.382031 ] ] } },
{ "type": "Feature", "properties": { "u": 1769461685, "v": 1769461679, "key": 0, "osmid": "894231953", "highway": "residential", "oneway": false, "reversed": "False", "length": 151.00878450289648, "lanes": "2", "name": null, "ref": null, "bridge": null, "maxspeed": null, "access": null }, "geometry": { "type": "LineString", "coordinates": [ [ 125.005911, 10.3824053 ], [ 125.0054218, 10.3814008 ], [ 125.0053131, 10.3811812 ] ] } },
{ "type": "Feature", "properties": { "u": 1769461685, "v": 1769461689, "key": 0, "osmid": "894231953", "highway": "residential", "oneway": false, "reversed": "True", "length": 37.201107195800979, "lanes": "2", "name": null, "ref": null, "bridge": null, "maxspeed": null, "access": null }, "geometry": { "type": "LineString", "coordinates": [ [ 125.005911, 10.3824053 ], [ 125.0060497, 10.3826902 ], [ 125.0060582, 10.3827069 ] ] } },
{ "type": "Feature", "properties": { "u": 1769461687, "v": 1769461690, "key": 0, "osmid": "165396344", "highway": "residential", "oneway": false, "reversed": "False", "length": 54.889412797556446, "lanes": null, "name": null, "ref": null, "bridge": null, "maxspeed": null, "access": null }, "geometry": { "type": "LineString", "coordinates": [ [ 125.0079543, 10.3825459 ], [ 125.0075188, 10.3827912 ] ] } },
{ "type": "Feature", "properties": { "u": 1769461687, "v": 1769461683, "key": 0, "osmid": "165396346", "highway": "residential", "oneway": false, "reversed": "False", "length": 147.97109400822376, "lanes": null, "name": null, "ref": null, "bridge": null, "maxspeed": null, "access": null }, "geometry": { "type": "LineString", "coordinates": [ [ 125.0079543, 10.3825459 ], [ 125.0076344, 10.3820864 ], [ 125.0068942, 10.3823485 ] ] } },
{ "type": "Feature", "properties": { "u": 1769461687, "v": 1769461697, "key": 0, "osmid": "165396346", "highway": "residential", "oneway": false, "reversed": "True", "length": 94.729609078031032, "lanes": null, "name": null, "ref": null, "bridge": null, "maxspeed": null, "access": null }, "geometry": { "type": "LineString", "coordinates": [ [ 125.0079543, 10.3825459 ], [ 125.0082365, 10.382973 ], [ 125.0084263, 10.3832602 ] ] } },
{ "type": "Feature", "properties": { "u": 1769461689, "v": 1769461683, "key": 0, "osmid": "165396343", "highway": "residential", "oneway": false, "reversed": "True", "length": 99.744354386669471, "lanes": null, "name": null, "ref": null, "bridge": null, "maxspeed": null, "access": null }, "geometry": { "type": "LineString", "coordinates": [ [ 125.0060582, 10.3827069 ], [ 125.0068942, 10.3823485 ] ] } },
{ "type": "Feature", "properties": { "u": 1769461689, "v": 1769461685, "key": 0, "osmid": "894231953", "highway": "residential", "oneway": false, "reversed": "False", "length": 37.201107195800979, "lanes": "2", "name": null, "ref": null, "bridge": null, "maxspeed": null, "access": null }, "geometry": { "type": "LineString", "coordinates": [ [ 125.0060582, 10.3827069 ], [ 125.0060497, 10.3826902 ], [ 125.005911, 10.3824053 ] ] } },
{ "type": "Feature", "properties": { "u": 1769461689, "v": 1769461702, "key": 0, "osmid": "894231953", "highway": "residential", "oneway": false, "reversed": "True", "length": 195.66779595269674, "lanes": "2", "name": null, "ref": null, "bridge": null, "maxspeed": null, "access": null }, "geometry": { "type": "LineString", "coordinates": [ [ 125.0060582, 10.3827069 ], [ 125.0063697, 10.383318 ], [ 125.0065692, 10.3836665 ], [ 125.0068837, 10.3842677 ] ] } },
{ "type": "Feature", "properties": { "u": 1769461690, "v": 1769461692, "key": 0, "osmid": "165396344", "highway": "residential", "oneway": false, "reversed": "False", "length": 39.39142609505339, "lanes": null, "name": null, "ref": null, "bridge": null, "maxspeed": null, "access": null }, "geometry": { "type": "LineString", "coordinates": [ [ 125.0075188, 10.3827912 ], [ 125.0071962, 10.3829487 ] ] } },
{ "type": "Feature", "properties": { "u": 1769461690, "v": 1769461687, "key": 0, "osmid": "165396344", "highway": "residential", "oneway": false, "reversed": "True", "length": 54.889412797556446, "lanes": null, "name": null, "ref": null, "bridge": null, "maxspeed": null, "access": null }, "geometry": { "type": "LineString", "coordinates": [ [ 125.0075188, 10.3827912 ], [ 125.0079543, 10.3825459 ] ] } },
{ "type": "Feature", "properties": { "u": 1769461690, "v": 1769461699, "key": 0, "osmid": "165396345", "highway": "residential", "oneway": false, "reversed": "True", "length": 103.74511464278092, "lanes": null, "name": null, "ref": null, "bridge": null, "maxspeed": null, "access": null }, "geometry": { "type": "LineString", "coordinates": [ [ 125.0075188, 10.3827912 ], [ 125.0076661, 10.3829253 ], [ 125.0078397, 10.3831551 ], [ 125.0079357, 10.3832092 ], [ 125.0081185, 10.3834983 ] ] } },
{ "type": "Feature", "properties": { "u": 1769461692, "v": 1769461690, "key": 0, "osmid": "165396344", "highway": "residential", "oneway": false, "reversed": "True", "length": 39.39142609505339, "lanes": null, "name": null, "ref": null, "bridge": null, "maxspeed": null, "access": null }, "geometry": { "type": "LineString", "coordinates": [ [ 125.0071962, 10.3829487 ], [ 125.0075188, 10.3827912 ] ] } },
{ "type": "Feature", "properties": { "u": 1769461692, "v": 1769461701, "key": 0, "osmid": "165396348", "highway": "residential", "oneway": false, "reversed": "False", "length": 105.9614106228133, "lanes": null, "name": null, "ref": null, "bridge": null, "maxspeed": null, "access": null }, "geometry": { "type": "LineString", "coordinates": [ [ 125.0071962, 10.3829487 ], [ 125.0076285, 10.3838015 ] ] } },
{ "type": "Feature", "properties": { "u": 1769461692, "v": 1769461683, "key": 0, "osmid": "165396348", "highway": "residential", "oneway": false, "reversed": "True", "length": 74.466957304105492, "lanes": null, "name": null, "ref": null, "bridge": null, "maxspeed": null, "access": null }, "geometry": { "type": "LineString", "coordinates": [ [ 125.0071962, 10.3829487 ], [ 125.0069714, 10.3825053 ], [ 125.0069052, 10.3823708 ], [ 125.0068942, 10.3823485 ] ] } },
{ "type": "Feature", "properties": { "u": 1769461694, "v": 1769461697, "key": 0, "osmid": "165396347", "highway": "residential", "oneway": false, "reversed": "True", "length": 59.272511302458, "lanes": null, "name": null, "ref": null, "bridge": null, "maxspeed": null, "access": null }, "geometry": { "type": "LineString", "coordinates": [ [ 125.0089214, 10.3830436 ], [ 125.008745, 10.383125 ], [ 125.0084263, 10.3832602 ] ] } },
{ "type": "Feature", "properties": { "u": 1769461697, "v": 1769461699, "key": 0, "osmid": "165396347", "highway": "residential", "oneway": false, "reversed": "True", "length": 42.828857101877908, "lanes": null, "name": null, "ref": null, "bridge": null, "maxspeed": null, "access": null }, "geometry": { "type": "LineString", "coordinates": [ [ 125.0084263, 10.3832602 ], [ 125.0081185, 10.3834983 ] ] } },
{ "type": "Feature", "properties": { "u": 1769461697, "v": 1769461687, "key": 0, "osmid": "165396346", "highway": "residential", "oneway": false, "reversed": "False", "length": 94.729609078031032, "lanes": null, "name": null, "ref": null, "bridge": null, "maxspeed": null, "access": null }, "geometry": { "type": "LineString", "coordinates": [ [ 125.0084263, 10.3832602 ], [ 125.0082365, 10.382973 ], [ 125.0079543, 10.3825459 ] ] } },
{ "type": "Feature", "properties": { "u": 1769461697, "v": 1769461694, "key": 0, "osmid": "165396347", "highway": "residential", "oneway": false, "reversed": "False", "length": 59.272511302458, "lanes": null, "name": null, "ref": null, "bridge": null, "maxspeed": null, "access": null }, "geometry": { "type": "LineString", "coordinates": [ [ 125.0084263, 10.3832602 ], [ 125.008745, 10.383125 ], [ 125.0089214, 10.3830436 ] ] } },
{ "type": "Feature", "properties": { "u": 1769461699, "v": 1769461697, "key": 0, "osmid": "165396347", "highway": "residential", "oneway": false, "reversed": "False", "length": 42.828857101877908, "lanes": null, "name": null, "ref": null, "bridge": null, "maxspeed": null, "access": null }, "geometry": { "type": "LineString", "coordinates": [ [ 125.0081185, 10.3834983 ], [ 125.0084263, 10.3832602 ] ] } },
{ "type": "Feature", "properties": { "u": 1769461699, "v": 1769461701, "key": 0, "osmid": "165396347", "highway": "residential", "oneway": false, "reversed": "True", "length": 63.315849070580136, "lanes": null, "name": null, "ref": null, "bridge": null, "maxspeed": null, "access": null }, "geometry": { "type": "LineString", "coordinates": [ [ 125.0081185, 10.3834983 ], [ 125.0076285, 10.3838015 ] ] } },
{ "type": "Feature", "properties": { "u": 1769461699, "v": 1769461690, "key": 0, "osmid": "165396345", "highway": "residential", "oneway": false, "reversed": "False", "length": 103.74511464278092, "lanes": null, "name": null, "ref": null, "bridge": null, "maxspeed": null, "access": null }, "geometry": { "type": "LineString", "coordinates": [ [ 125.0081185, 10.3834983 ], [ 125.0079357, 10.3832092 ], [ 125.0078397, 10.3831551 ], [ 125.0076661, 10.3829253 ], [ 125.0075188, 10.3827912 ] ] } },
{ "type": "Feature", "properties": { "u": 1769461701, "v": 1769461699, "key": 0, "osmid": "165396347", "highway": "residential", "oneway": false, "reversed": "False", "length": 63.315849070580136, "lanes": null, "name": null, "ref": null, "bridge": null, "maxspeed": null, "access": null }, "geometry": { "type": "LineString", "coordinates": [ [ 125.0076285, 10.3838015 ], [ 125.0081185, 10.3834983 ] ] } },
{ "type": "Feature", "properties": { "u": 1769461701, "v": 1769461702, "key": 0, "osmid": "165396347", "highway": "residential", "oneway": false, "reversed": "True", "length": 96.557251537902644, "lanes": null, "name": null, "ref": null, "bridge": null, "maxspeed": null, "access": null }, "geometry": { "type": "LineString", "coordinates": [ [ 125.0076285, 10.3838015 ], [ 125.0068837, 10.3842677 ] ] } },
{ "type": "Feature", "properties": { "u": 1769461701, "v": 1769461692, "key": 0, "osmid": "165396348", "highway": "residential", "oneway": false, "reversed": "True", "length": 105.9614106228133, "lanes": null, "name": null, "ref": null, "bridge": null, "maxspeed": null, "access": null }, "geometry": { "type": "LineString", "coordinates": [ [ 125.0076285, 10.3838015 ], [ 125.0071962, 10.3829487 ] ] } },
{ "type": "Feature", "properties": { "u": 1769461702, "v": 1769461701, "key": 0, "osmid": "165396347", "highway": "residential", "oneway": false, "reversed": "False", "length": 96.557251537902644, "lanes": null, "name": null, "ref": null, "bridge": null, "maxspeed": null, "access": null }, "geometry": { "type": "LineString", "coordinates": [ [ 125.0068837, 10.3842677 ], [ 125.0076285, 10.3838015 ] ] } },
{ "type": "Feature", "properties": { "u": 1769461702, "v": 2527244212, "key": 0, "osmid": "894231953", "highway": "residential", "oneway": false, "reversed": "True", "length": 32.844253472103325, "lanes": "2", "name": null, "ref": null, "bridge": null, "maxspeed": null, "access": null }, "geometry": { "type": "LineString", "coordinates": [ [ 125.0068837, 10.3842677 ], [ 125.0070057, 10.3845376 ] ] } },
{ "type": "Feature", "properties": { "u": 1769461702, "v": 1769461689, "key": 0, "osmid": "894231953", "highway": "residential", "oneway": false, "reversed": "False", "length": 195.66779595269674, "lanes": "2", "name": null, "ref": null, "bridge": null, "maxspeed": null, "access": null }, "geometry": { "type": "LineString", "coordinates": [ [ 125.0068837, 10.3842677 ], [ 125.0065692, 10.3836665 ], [ 125.0063697, 10.383318 ], [ 125.0060582, 10.3827069 ] ] } },
{ "type": "Feature", "properties": { "u": 1769461709, "v": 2527244212, "key": 0, "osmid": "165396341", "highway": "unclassified", "oneway": false, "reversed": "False", "length": 459.27185454184519, "lanes": "2", "name": null, "ref": null, "bridge": null, "maxspeed": null, "access": null }, "geometry": { "type": "LineString", "coordinates": [ [ 125.0079884, 10.3885216 ], [ 125.0080016, 10.3880267 ], [ 125.007987, 10.3877922 ], [ 125.0079164, 10.3874895 ], [ 125.0077194, 10.386689 ], [ 125.0075567, 10.3860236 ], [ 125.0074171, 10.385648 ], [ 125.0072336, 10.3851544 ], [ 125.0070303, 10.3846074 ], [ 125.0070057, 10.3845376 ] ] } },
{ "type": "Feature", "properties": { "u": 1769461709, "v": 1769463858, "key": 0, "osmid": "920142266", "highway": "trunk", "oneway": false, "reversed": "False", "length": 1268.5273217849126, "lanes": "2", "name": "Maharlika Highway", "ref": "1", "bridge": null, "maxspeed": null, "access": null }, "geometry": { "type": "LineString", "coordinates": [ [ 125.0079884, 10.3885216 ], [ 125.007908, 10.3886325 ], [ 125.0074446, 10.3897711 ], [ 125.0065463, 10.3920878 ], [ 125.006192, 10.3930218 ], [ 125.0060062, 10.3937426 ], [ 125.0057358, 10.3953161 ], [ 125.0056243, 10.3956783 ], [ 125.0054213, 10.3961724 ], [ 125.00498, 10.3970523 ], [ 125.0039345, 10.3991511 ] ] } },
{ "type": "Feature", "properties": { "u": 1769461709, "v": 8314350273, "key": 0, "osmid": "920142266", "highway": "trunk", "oneway": false, "reversed": "True", "length": 179.58704753793899, "lanes": "2", "name": "Maharlika Highway", "ref": "1", "bridge": null, "maxspeed": null, "access": null }, "geometry": { "type": "LineString", "coordinates": [ [ 125.0079884, 10.3885216 ], [ 125.0082987, 10.3880935 ], [ 125.0092443, 10.3875265 ] ] } },
{ "type": "Feature", "properties": { "u": 1769463822, "v": 2528628278, "key": 0, "osmid": [ 393549778, 165396534 ], "highway": "unclassified", "oneway": false, "reversed": [ false, true ], "length": 1022.8912376136655, "lanes": null, "name": null, "ref": null, "bridge": null, "maxspeed": null, "access": null }, "geometry": { "type": "LineString", "coordinates": [ [ 124.9989334, 10.3926886 ], [ 124.9981974, 10.3916673 ], [ 124.998174, 10.3916348 ], [ 124.9979889, 10.3912496 ], [ 124.997946, 10.3908671 ], [ 124.9981177, 10.3904819 ], [ 124.9981635, 10.390146 ], [ 124.9981767, 10.3899094 ], [ 124.9981767, 10.3897471 ], [ 124.9982475, 10.3891663 ], [ 124.9982994, 10.3890378 ], [ 124.9983475, 10.3889395 ], [ 124.9983609, 10.3888412 ], [ 124.9983537, 10.3887275 ], [ 124.9982585, 10.38868 ], [ 124.9981123, 10.3886655 ], [ 124.9979822, 10.3886364 ], [ 124.9979085, 10.3885731 ], [ 124.9978538, 10.3885239 ], [ 124.997887, 10.3879571 ], [ 124.9980319, 10.3873397 ], [ 124.9981202, 10.3870378 ], [ 124.9982289, 10.3867838 ], [ 124.9982533, 10.3866475 ], [ 124.9982125, 10.386447 ], [ 124.9980604, 10.3859659 ], [ 124.997756, 10.3851373 ], [ 124.9977125, 10.3848513 ], [ 124.9975313, 10.3843475 ] ] } },
{ "type": "Feature", "properties": { "u": 1769463822, "v": 1769463866, "key": 0, "osmid": "165396534", "highway": "unclassified", "oneway": false, "reversed": "True", "length": 880.07397670987666, "lanes": null, "name": null, "ref": null, "bridge": null, "maxspeed": null, "access": null }, "geometry": { "type": "LineString", "coordinates": [ [ 124.9989334, 10.3926886 ], [ 124.9990635, 10.3929028 ], [ 124.9991852, 10.3932007 ], [ 124.9992606, 10.3934005 ], [ 124.9993056, 10.3935896 ], [ 124.9993904, 10.3938839 ], [ 124.9994266, 10.3940045 ], [ 124.9995209, 10.3941746 ], [ 124.999606, 10.3942823 ], [ 124.9996997, 10.3943649 ], [ 124.9999831, 10.394536 ], [ 125.0000804, 10.3946269 ], [ 125.0001583, 10.394743 ], [ 125.0002142, 10.3948997 ], [ 125.0002653, 10.3951641 ], [ 125.0003529, 10.3956535 ], [ 125.0004209, 10.3961058 ], [ 125.0004612, 10.3963737 ], [ 125.0005159, 10.3967231 ], [ 125.0005816, 10.396966 ], [ 125.0007312, 10.3973991 ], [ 125.0008115, 10.3976767 ], [ 125.000921, 10.3982844 ], [ 125.0009636, 10.3985656 ], [ 125.0009975, 10.39874 ], [ 125.001039, 10.3989533 ], [ 125.0011837, 10.3995 ], [ 125.0013107, 10.4000673 ] ] } },
{ "type": "Feature", "properties": { "u": 1769463822, "v": 8323662797, "key": 0, "osmid": "895454468", "highway": "residential", "oneway": false, "reversed": "False", "length": 339.3436196525646, "lanes": null, "name": "LuzViMin", "ref": null, "bridge": null, "maxspeed": null, "access": null }, "geometry": { "type": "LineString", "coordinates": [ [ 124.9989334, 10.3926886 ], [ 124.999389, 10.3923577 ], [ 124.99955, 10.3923075 ], [ 125.0001749, 10.3923629 ], [ 125.0004405, 10.3925555 ], [ 125.0008173, 10.3928075 ], [ 125.0012116, 10.3927864 ], [ 125.0017709, 10.3927718 ] ] } },
{ "type": "Feature", "properties": { "u": 1769463858, "v": 1769463866, "key": 0, "osmid": "165396533", "highway": "primary", "oneway": false, "reversed": "False", "length": 305.31379363591333, "lanes": "2", "name": "Immaculada Concepcion Barangay Road", "ref": null, "bridge": null, "maxspeed": null, "access": null }, "geometry": { "type": "LineString", "coordinates": [ [ 125.0039345, 10.3991511 ], [ 125.0036346, 10.3993139 ], [ 125.0033369, 10.3994408 ], [ 125.0030823, 10.3995135 ], [ 125.0026643, 10.3996252 ], [ 125.0020674, 10.3998249 ], [ 125.0013819, 10.4000458 ], [ 125.001338, 10.40006 ], [ 125.0013107, 10.4000673 ] ] } },
{ "type": "Feature", "properties": { "u": 1769463858, "v": 505376369, "key": 0, "osmid": "165931511", "highway": "trunk", "oneway": false, "reversed": "False", "length": 331.51663413915367, "lanes": "2", "name": "Maharlika Highway", "ref": "1", "bridge": null, "maxspeed": null, "access": null }, "geometry": { "type": "LineString", "coordinates": [ [ 125.0039345, 10.3991511 ], [ 125.0038988, 10.3992372 ], [ 125.0033838, 10.4002774 ], [ 125.003132, 10.4009866 ], [ 125.0028844, 10.4019361 ] ] } },
{ "type": "Feature", "properties": { "u": 1769463858, "v": 2527308637, "key": 0, "osmid": "245550229", "highway": "residential", "oneway": false, "reversed": "False", "length": 901.14594745130319, "lanes": null, "name": null, "ref": null, "bridge": null, "maxspeed": null, "access": null }, "geometry": { "type": "LineString", "coordinates": [ [ 125.0039345, 10.3991511 ], [ 125.0047324, 10.3995002 ], [ 125.0067713, 10.4000581 ], [ 125.0081773, 10.3998831 ], [ 125.0087996, 10.3998065 ], [ 125.0090986, 10.3998408 ], [ 125.0094125, 10.3998778 ], [ 125.0097759, 10.400131 ], [ 125.0103126, 10.4005481 ], [ 125.0111023, 10.4017548 ] ] } },
{ "type": "Feature", "properties": { "u": 1769463858, "v": 1769461709, "key": 0, "osmid": "920142266", "highway": "trunk", "oneway": false, "reversed": "True", "length": 1268.5273217849126, "lanes": "2", "name": "Maharlika Highway", "ref": "1", "bridge": null, "maxspeed": null, "access": null }, "geometry": { "type": "LineString", "coordinates": [ [ 125.0039345, 10.3991511 ], [ 125.00498, 10.3970523 ], [ 125.0054213, 10.3961724 ], [ 125.0056243, 10.3956783 ], [ 125.0057358, 10.3953161 ], [ 125.0060062, 10.3937426 ], [ 125.006192, 10.3930218 ], [ 125.0065463, 10.3920878 ], [ 125.0074446, 10.3897711 ], [ 125.007908, 10.3886325 ], [ 125.0079884, 10.3885216 ] ] } },
{ "type": "Feature", "properties": { "u": 1769463866, "v": 1769463869, "key": 0, "osmid": "165396533", "highway": "primary", "oneway": false, "reversed": "False", "length": 421.29929269226557, "lanes": "2", "name": "Immaculada Concepcion Barangay Road", "ref": null, "bridge": null, "maxspeed": null, "access": null }, "geometry": { "type": "LineString", "coordinates": [ [ 125.0013107, 10.4000673 ], [ 125.0002473, 10.4003511 ], [ 124.9995885, 10.4005287 ], [ 124.9975651, 10.4009449 ] ] } },
{ "type": "Feature", "properties": { "u": 1769463866, "v": 1769463858, "key": 0, "osmid": "165396533", "highway": "primary", "oneway": false, "reversed": "True", "length": 305.31379363591327, "lanes": "2", "name": "Immaculada Concepcion Barangay Road", "ref": null, "bridge": null, "maxspeed": null, "access": null }, "geometry": { "type": "LineString", "coordinates": [ [ 125.0013107, 10.4000673 ], [ 125.001338, 10.40006 ], [ 125.0013819, 10.4000458 ], [ 125.0020674, 10.3998249 ], [ 125.0026643, 10.3996252 ], [ 125.0030823, 10.3995135 ], [ 125.0033369, 10.3994408 ], [ 125.0036346, 10.3993139 ], [ 125.0039345, 10.3991511 ] ] } },
{ "type": "Feature", "properties": { "u": 1769463866, "v": 1769463822, "key": 0, "osmid": "165396534", "highway": "unclassified", "oneway": false, "reversed": "False", "length": 880.07397670987632, "lanes": null, "name": null, "ref": null, "bridge": null, "maxspeed": null, "access": null }, "geometry": { "type": "LineString", "coordinates": [ [ 125.0013107, 10.4000673 ], [ 125.0011837, 10.3995 ], [ 125.001039, 10.3989533 ], [ 125.0009975, 10.39874 ], [ 125.0009636, 10.3985656 ], [ 125.000921, 10.3982844 ], [ 125.0008115, 10.3976767 ], [ 125.0007312, 10.3973991 ], [ 125.0005816, 10.396966 ], [ 125.0005159, 10.3967231 ], [ 125.0004612, 10.3963737 ], [ 125.0004209, 10.3961058 ], [ 125.0003529, 10.3956535 ], [ 125.0002653, 10.3951641 ], [ 125.0002142, 10.3948997 ], [ 125.0001583, 10.394743 ], [ 125.0000804, 10.3946269 ], [ 124.9999831, 10.394536 ], [ 124.9996997, 10.3943649 ], [ 124.999606, 10.3942823 ], [ 124.9995209, 10.3941746 ], [ 124.9994266, 10.3940045 ], [ 124.9993904, 10.3938839 ], [ 124.9993056, 10.3935896 ], [ 124.9992606, 10.3934005 ], [ 124.9991852, 10.3932007 ], [ 124.9990635, 10.3929028 ], [ 124.9989334, 10.3926886 ] ] } },
{ "type": "Feature", "properties": { "u": 1769463869, "v": 12049727182, "key": 0, "osmid": "165396533", "highway": "primary", "oneway": false, "reversed": "False", "length": 357.74876946265863, "lanes": "2", "name": "Immaculada Concepcion Barangay Road", "ref": null, "bridge": null, "maxspeed": null, "access": null }, "geometry": { "type": "LineString", "coordinates": [ [ 124.9975651, 10.4009449 ], [ 124.9955204, 10.4014508 ], [ 124.9943869, 10.4017053 ] ] } },
{ "type": "Feature", "properties": { "u": 1769463869, "v": 1769463866, "key": 0, "osmid": "165396533", "highway": "primary", "oneway": false, "reversed": "True", "length": 421.29929269226551, "lanes": "2", "name": "Immaculada Concepcion Barangay Road", "ref": null, "bridge": null, "maxspeed": null, "access": null }, "geometry": { "type": "LineString", "coordinates": [ [ 124.9975651, 10.4009449 ], [ 124.9995885, 10.4005287 ], [ 125.0002473, 10.4003511 ], [ 125.0013107, 10.4000673 ] ] } },
{ "type": "Feature", "properties": { "u": 1769463869, "v": 8323381161, "key": 0, "osmid": "895424779", "highway": "residential", "oneway": false, "reversed": "False", "length": 806.24603921098333, "lanes": null, "name": null, "ref": null, "bridge": null, "maxspeed": null, "access": null }, "geometry": { "type": "LineString", "coordinates": [ [ 124.9975651, 10.4009449 ], [ 124.9966317, 10.3993699 ], [ 124.9961838, 10.3987421 ], [ 124.9958432, 10.3983648 ], [ 124.9955535, 10.398101 ], [ 124.9951941, 10.3978952 ], [ 124.9941614, 10.3973386 ], [ 124.9940568, 10.3969481 ], [ 124.9938717, 10.3965418 ], [ 124.9937671, 10.395848 ], [ 124.9936599, 10.3957504 ], [ 124.9931475, 10.3958005 ] ] } },
{ "type": "Feature", "properties": { "u": 1774376366, "v": 2527260034, "key": 0, "osmid": "165931095", "highway": "trunk", "oneway": false, "reversed": "True", "length": 23.300603034480151, "lanes": "2", "name": "Maharlika Highway", "ref": "1", "bridge": null, "maxspeed": null, "access": null }, "geometry": { "type": "LineString", "coordinates": [ [ 125.0272293, 10.3633929 ], [ 125.0273113, 10.3631995 ] ] } },
{ "type": "Feature", "properties": { "u": 1774376366, "v": 2533620304, "key": 0, "osmid": [ 165931092, 165931086, 165931095 ], "highway": "trunk", "oneway": false, "reversed": "False", "length": 267.05118360121986, "lanes": "2", "name": "Maharlika Highway", "ref": "1", "bridge": "yes", "maxspeed": null, "access": null }, "geometry": { "type": "LineString", "coordinates": [ [ 125.0272293, 10.3633929 ], [ 125.0271111, 10.3637071 ], [ 125.0270211, 10.3639521 ], [ 125.0269312, 10.3642942 ], [ 125.0268808, 10.3645122 ], [ 125.0266412, 10.3655744 ], [ 125.0266074, 10.3657116 ] ] } },
{ "type": "Feature", "properties": { "u": 1774376366, "v": 1774379188, "key": 0, "osmid": "165931446", "highway": "residential", "oneway": false, "reversed": "False", "length": 249.01397938613451, "lanes": null, "name": null, "ref": null, "bridge": null, "maxspeed": null, "access": null }, "geometry": { "type": "LineString", "coordinates": [ [ 125.0272293, 10.3633929 ], [ 125.0271501, 10.3633452 ], [ 125.0270878, 10.3633076 ], [ 125.0266765, 10.3630596 ], [ 125.0264218, 10.3629186 ], [ 125.0264019, 10.3628873 ], [ 125.0265133, 10.3625937 ], [ 125.0266168, 10.3622726 ], [ 125.0266626, 10.3619927 ], [ 125.0267555, 10.3616616 ] ] } },
{ "type": "Feature", "properties": { "u": 1774376380, "v": 1774379226, "key": 0, "osmid": "165931086", "highway": "trunk", "oneway": false, "reversed": "True", "length": 114.17864357205738, "lanes": "2", "name": "Maharlika Highway", "ref": "1", "bridge": null, "maxspeed": null, "access": null }, "geometry": { "type": "LineString", "coordinates": [ [ 125.0235904, 10.3706335 ], [ 125.0243666, 10.3699469 ] ] } },
{ "type": "Feature", "properties": { "u": 1774376380, "v": 8323952742, "key": 0, "osmid": [ 165931091, 165931086, 165931087 ], "highway": "trunk", "oneway": false, "reversed": "False", "length": 210.40697102352769, "lanes": "2", "name": "Maharlika Highway", "ref": "1", "bridge": "yes", "maxspeed": null, "access": null }, "geometry": { "type": "LineString", "coordinates": [ [ 125.0235904, 10.3706335 ], [ 125.0232831, 10.3709242 ], [ 125.0227966, 10.3713434 ], [ 125.0226479, 10.3714765 ], [ 125.0221792, 10.3719188 ] ] } },
{ "type": "Feature", "properties": { "u": 1774376380, "v": 8323952743, "key": 0, "osmid": "895487655", "highway": "residential", "oneway": false, "reversed": "False", "length": 65.609979996118994, "lanes": null, "name": null, "ref": null, "bridge": null, "maxspeed": null, "access": null }, "geometry": { "type": "LineString", "coordinates": [ [ 125.0235904, 10.3706335 ], [ 125.0233787, 10.3704881 ], [ 125.0232735, 10.3703898 ], [ 125.0231588, 10.3702328 ] ] } },
{ "type": "Feature", "properties": { "u": 1774379155, "v": 1774379156, "key": 0, "osmid": "165931441", "highway": "residential", "oneway": false, "reversed": "False", "length": 45.001159189432968, "lanes": null, "name": null, "ref": null, "bridge": null, "maxspeed": null, "access": null }, "geometry": { "type": "LineString", "coordinates": [ [ 125.0309759, 10.3502299 ], [ 125.0313347, 10.3504279 ] ] } },
{ "type": "Feature", "properties": { "u": 1774379156, "v": 8303002724, "key": 0, "osmid": "165931441", "highway": "residential", "oneway": false, "reversed": "False", "length": 37.773489504841507, "lanes": null, "name": null, "ref": null, "bridge": null, "maxspeed": null, "access": null }, "geometry": { "type": "LineString", "coordinates": [ [ 125.0313347, 10.3504279 ], [ 125.0316353, 10.3505951 ] ] } },
{ "type": "Feature", "properties": { "u": 1774379156, "v": 1774379155, "key": 0, "osmid": "165931441", "highway": "residential", "oneway": false, "reversed": "True", "length": 45.001159189432968, "lanes": null, "name": null, "ref": null, "bridge": null, "maxspeed": null, "access": null }, "geometry": { "type": "LineString", "coordinates": [ [ 125.0313347, 10.3504279 ], [ 125.0309759, 10.3502299 ] ] } },
{ "type": "Feature", "properties": { "u": 1774379156, "v": 1774379158, "key": 0, "osmid": "165931447", "highway": "residential", "oneway": false, "reversed": "False", "length": 73.444121255831234, "lanes": null, "name": null, "ref": null, "bridge": null, "maxspeed": null, "access": null }, "geometry": { "type": "LineString", "coordinates": [ [ 125.0313347, 10.3504279 ], [ 125.0310451, 10.3510238 ] ] } },
{ "type": "Feature", "properties": { "u": 1774379157, "v": 8303002724, "key": 0, "osmid": "165931441", "highway": "residential", "oneway": false, "reversed": "True", "length": 24.323212294565351, "lanes": null, "name": null, "ref": null, "bridge": null, "maxspeed": null, "access": null }, "geometry": { "type": "LineString", "coordinates": [ [ 125.0318289, 10.3507027 ], [ 125.0316353, 10.3505951 ] ] } },
{ "type": "Feature", "properties": { "u": 1774379157, "v": 1774379159, "key": 0, "osmid": "165930812", "highway": "trunk", "oneway": false, "reversed": "False", "length": 83.048570974180137, "lanes": "2", "name": "Maharlika Highway", "ref": "1", "bridge": null, "maxspeed": null, "access": null }, "geometry": { "type": "LineString", "coordinates": [ [ 125.0318289, 10.3507027 ], [ 125.0316697, 10.3509733 ], [ 125.0316197, 10.3510884 ], [ 125.0315437, 10.3512975 ], [ 125.0315227, 10.351382 ] ] } },
{ "type": "Feature", "properties": { "u": 1774379158, "v": 1774379156, "key": 0, "osmid": "165931447", "highway": "residential", "oneway": false, "reversed": "True", "length": 73.444121255831234, "lanes": null, "name": null, "ref": null, "bridge": null, "maxspeed": null, "access": null }, "geometry": { "type": "LineString", "coordinates": [ [ 125.0310451, 10.3510238 ], [ 125.0313347, 10.3504279 ] ] } },
{ "type": "Feature", "properties": { "u": 1774379159, "v": 1774379171, "key": 0, "osmid": "165930812", "highway": "trunk", "oneway": false, "reversed": "False", "length": 166.56250677450453, "lanes": "2", "name": "Maharlika Highway", "ref": "1", "bridge": null, "maxspeed": null, "access": null }, "geometry": { "type": "LineString", "coordinates": [ [ 125.0315227, 10.351382 ], [ 125.031493, 10.351501 ], [ 125.0314297, 10.3518318 ], [ 125.0313566, 10.3525266 ], [ 125.0313197, 10.3528269 ], [ 125.0313142, 10.3528643 ] ] } },
{ "type": "Feature", "properties": { "u": 1774379159, "v": 1774379157, "key": 0, "osmid": "165930812", "highway": "trunk", "oneway": false, "reversed": "True", "length": 83.048570974180137, "lanes": "2", "name": "Maharlika Highway", "ref": "1", "bridge": null, "maxspeed": null, "access": null }, "geometry": { "type": "LineString", "coordinates": [ [ 125.0315227, 10.351382 ], [ 125.0315437, 10.3512975 ], [ 125.0316197, 10.3510884 ], [ 125.0316697, 10.3509733 ], [ 125.0318289, 10.3507027 ] ] } },
{ "type": "Feature", "properties": { "u": 1774379159, "v": 1774379164, "key": 0, "osmid": "165931445", "highway": "residential", "oneway": false, "reversed": "False", "length": 79.686129076443549, "lanes": null, "name": null, "ref": null, "bridge": null, "maxspeed": null, "access": null }, "geometry": { "type": "LineString", "coordinates": [ [ 125.0315227, 10.351382 ], [ 125.031429, 10.3514396 ], [ 125.0313502, 10.3515226 ], [ 125.0313146, 10.3515889 ], [ 125.0311156, 10.3519598 ] ] } },
{ "type": "Feature", "properties": { "u": 1774379160, "v": 1774379163, "key": 0, "osmid": "165931440", "highway": "residential", "oneway": false, "reversed": "True", "length": 27.275084470584172, "lanes": null, "name": null, "ref": null, "bridge": null, "maxspeed": null, "access": null }, "geometry": { "type": "LineString", "coordinates": [ [ 125.0307015, 10.3514271 ], [ 125.0305528, 10.351624 ] ] } },
{ "type": "Feature", "properties": { "u": 1774379163, "v": 1774379160, "key": 0, "osmid": "165931440", "highway": "residential", "oneway": false, "reversed": "False", "length": 27.275084470584172, "lanes": null, "name": null, "ref": null, "bridge": null, "maxspeed": null, "access": null }, "geometry": { "type": "LineString", "coordinates": [ [ 125.0305528, 10.351624 ], [ 125.0307015, 10.3514271 ] ] } },
{ "type": "Feature", "properties": { "u": 1774379163, "v": 1774379167, "key": 0, "osmid": "165931440", "highway": "residential", "oneway": false, "reversed": "True", "length": 77.021260886035932, "lanes": null, "name": null, "ref": null, "bridge": null, "maxspeed": null, "access": null }, "geometry": { "type": "LineString", "coordinates": [ [ 125.0305528, 10.351624 ], [ 125.030133, 10.3521801 ] ] } },
{ "type": "Feature", "properties": { "u": 1774379163, "v": 1774379164, "key": 0, "osmid": "165931437", "highway": "residential", "oneway": false, "reversed": "False", "length": 72.000695029035299, "lanes": null, "name": null, "ref": null, "bridge": null, "maxspeed": null, "access": null }, "geometry": { "type": "LineString", "coordinates": [ [ 125.0305528, 10.351624 ], [ 125.0308243, 10.351786 ], [ 125.0311156, 10.3519598 ] ] } },
{ "type": "Feature", "properties": { "u": 1774379164, "v": 1774379169, "key": 0, "osmid": "165931445", "highway": "residential", "oneway": false, "reversed": "False", "length": 81.037492322844614, "lanes": null, "name": null, "ref": null, "bridge": null, "maxspeed": null, "access": null }, "geometry": { "type": "LineString", "coordinates": [ [ 125.0311156, 10.3519598 ], [ 125.0307409, 10.3525885 ] ] } },
{ "type": "Feature", "properties": { "u": 1774379164, "v": 1774379163, "key": 0, "osmid": "165931437", "highway": "residential", "oneway": false, "reversed": "True", "length": 72.000695029035299, "lanes": null, "name": null, "ref": null, "bridge": null, "maxspeed": null, "access": null }, "geometry": { "type": "LineString", "coordinates": [ [ 125.0311156, 10.3519598 ], [ 125.0308243, 10.351786 ], [ 125.0305528, 10.351624 ] ] } },
{ "type": "Feature", "properties": { "u": 1774379164, "v": 1774379159, "key": 0, "osmid": "165931445", "highway": "residential", "oneway": false, "reversed": "True", "length": 79.686129076443535, "lanes": null, "name": null, "ref": null, "bridge": null, "maxspeed": null, "access": null }, "geometry": { "type": "LineString", "coordinates": [ [ 125.0311156, 10.3519598 ], [ 125.0313146, 10.3515889 ], [ 125.0313502, 10.3515226 ], [ 125.031429, 10.3514396 ], [ 125.0315227, 10.351382 ] ] } },
{ "type": "Feature", "properties": { "u": 1774379165, "v": 1774379167, "key": 0, "osmid": "165931444", "highway": "residential", "oneway": false, "reversed": "False", "length": 27.321416039091162, "lanes": null, "name": null, "ref": null, "bridge": null, "maxspeed": null, "access": null }, "geometry": { "type": "LineString", "coordinates": [ [ 125.0299515, 10.3520113 ], [ 125.030133, 10.3521801 ] ] } },
{ "type": "Feature", "properties": { "u": 1774379167, "v": 1774379163, "key": 0, "osmid": "165931440", "highway": "residential", "oneway": false, "reversed": "False", "length": 77.021260886035932, "lanes": null, "name": null, "ref": null, "bridge": null, "maxspeed": null, "access": null }, "geometry": { "type": "LineString", "coordinates": [ [ 125.030133, 10.3521801 ], [ 125.0305528, 10.351624 ] ] } },
{ "type": "Feature", "properties": { "u": 1774379167, "v": 1774379165, "key": 0, "osmid": "165931444", "highway": "residential", "oneway": false, "reversed": "True", "length": 27.321416039091162, "lanes": null, "name": null, "ref": null, "bridge": null, "maxspeed": null, "access": null }, "geometry": { "type": "LineString", "coordinates": [ [ 125.030133, 10.3521801 ], [ 125.0299515, 10.3520113 ] ] } },
{ "type": "Feature", "properties": { "u": 1774379167, "v": 1774379169, "key": 0, "osmid": "165931444", "highway": "residential", "oneway": false, "reversed": "False", "length": 81.012931779654949, "lanes": null, "name": null, "ref": null, "bridge": null, "maxspeed": null, "access": null }, "geometry": { "type": "LineString", "coordinates": [ [ 125.030133, 10.3521801 ], [ 125.030525, 10.352486 ], [ 125.0305411, 10.3524985 ], [ 125.0307119, 10.3525754 ], [ 125.0307409, 10.3525885 ] ] } },
{ "type": "Feature", "properties": { "u": 1774379169, "v": 1774379164, "key": 0, "osmid": "165931445", "highway": "residential", "oneway": false, "reversed": "True", "length": 81.037492322844614, "lanes": null, "name": null, "ref": null, "bridge": null, "maxspeed": null, "access": null }, "geometry": { "type": "LineString", "coordinates": [ [ 125.0307409, 10.3525885 ], [ 125.0311156, 10.3519598 ] ] } },
{ "type": "Feature", "properties": { "u": 1774379169, "v": 1774379171, "key": 0, "osmid": "165931444", "highway": "residential", "oneway": false, "reversed": "False", "length": 69.80750063754121, "lanes": null, "name": null, "ref": null, "bridge": null, "maxspeed": null, "access": null }, "geometry": { "type": "LineString", "coordinates": [ [ 125.0307409, 10.3525885 ], [ 125.0307973, 10.3526156 ], [ 125.0313142, 10.3528643 ] ] } },
{ "type": "Feature", "properties": { "u": 1774379169, "v": 1774379167, "key": 0, "osmid": "165931444", "highway": "residential", "oneway": false, "reversed": "True", "length": 81.012931779654949, "lanes": null, "name": null, "ref": null, "bridge": null, "maxspeed": null, "access": null }, "geometry": { "type": "LineString", "coordinates": [ [ 125.0307409, 10.3525885 ], [ 125.0307119, 10.3525754 ], [ 125.0305411, 10.3524985 ], [ 125.030525, 10.352486 ], [ 125.030133, 10.3521801 ] ] } },
{ "type": "Feature", "properties": { "u": 1774379169, "v": 8526832426, "key": 0, "osmid": [ 918090728, 165931445 ], "highway": "residential", "oneway": false, "reversed": [ false, true ], "length": 208.48368712066883, "lanes": null, "name": null, "ref": null, "bridge": null, "maxspeed": null, "access": null }, "geometry": { "type": "LineString", "coordinates": [ [ 125.0307409, 10.3525885 ], [ 125.0305974, 10.3528349 ], [ 125.0305326, 10.3529775 ], [ 125.0304968, 10.3530691 ], [ 125.0306121, 10.3534989 ], [ 125.0306256, 10.3535494 ], [ 125.0309652, 10.35432 ] ] } },
{ "type": "Feature", "properties": { "u": 1774379171, "v": 1774379173, "key": 0, "osmid": "165930812", "highway": "trunk", "oneway": false, "reversed": "False", "length": 28.574664146967006, "lanes": "2", "name": "Maharlika Highway", "ref": "1", "bridge": null, "maxspeed": null, "access": null }, "geometry": { "type": "LineString", "coordinates": [ [ 125.0313142, 10.3528643 ], [ 125.0312903, 10.3531202 ] ] } },
{ "type": "Feature", "properties": { "u": 1774379171, "v": 1774379159, "key": 0, "osmid": "165930812", "highway": "trunk", "oneway": false, "reversed": "True", "length": 166.56250677450453, "lanes": "2", "name": "Maharlika Highway", "ref": "1", "bridge": null, "maxspeed": null, "access": null }, "geometry": { "type": "LineString", "coordinates": [ [ 125.0313142, 10.3528643 ], [ 125.0313197, 10.3528269 ], [ 125.0313566, 10.3525266 ], [ 125.0314297, 10.3518318 ], [ 125.031493, 10.351501 ], [ 125.0315227, 10.351382 ] ] } },
{ "type": "Feature", "properties": { "u": 1774379171, "v": 1774379169, "key": 0, "osmid": "165931444", "highway": "residential", "oneway": false, "reversed": "True", "length": 69.80750063754121, "lanes": null, "name": null, "ref": null, "bridge": null, "maxspeed": null, "access": null }, "geometry": { "type": "LineString", "coordinates": [ [ 125.0313142, 10.3528643 ], [ 125.0307973, 10.3526156 ], [ 125.0307409, 10.3525885 ] ] } },
{ "type": "Feature", "properties": { "u": 1774379173, "v": 1774379171, "key": 0, "osmid": "165930812", "highway": "trunk", "oneway": false, "reversed": "True", "length": 28.574664146967006, "lanes": "2", "name": "Maharlika Highway", "ref": "1", "bridge": null, "maxspeed": null, "access": null }, "geometry": { "type": "LineString", "coordinates": [ [ 125.0312903, 10.3531202 ], [ 125.0313142, 10.3528643 ] ] } },
{ "type": "Feature", "properties": { "u": 1774379173, "v": 8526832426, "key": 0, "osmid": "165930812", "highway": "trunk", "oneway": false, "reversed": "False", "length": 138.72490217854184, "lanes": "2", "name": "Maharlika Highway", "ref": "1", "bridge": null, "maxspeed": null, "access": null }, "geometry": { "type": "LineString", "coordinates": [ [ 125.0312903, 10.3531202 ], [ 125.0312399, 10.3534704 ], [ 125.0311882, 10.3537258 ], [ 125.0311047, 10.353958 ], [ 125.0310329, 10.3541518 ], [ 125.0309652, 10.35432 ] ] } },
{ "type": "Feature", "properties": { "u": 1774379173, "v": 1774379177, "key": 0, "osmid": "165931442", "highway": "residential", "oneway": false, "reversed": "False", "length": 117.22521215783124, "lanes": null, "name": null, "ref": null, "bridge": null, "maxspeed": null, "access": null }, "geometry": { "type": "LineString", "coordinates": [ [ 125.0312903, 10.3531202 ], [ 125.0314628, 10.3532326 ], [ 125.0317414, 10.3534277 ], [ 125.0321674, 10.3537258 ] ] } },
{ "type": "Feature", "properties": { "u": 1774379177, "v": 1774379173, "key": 0, "osmid": "165931442", "highway": "residential", "oneway": false, "reversed": "True", "length": 117.22521215783124, "lanes": null, "name": null, "ref": null, "bridge": null, "maxspeed": null, "access": null }, "geometry": { "type": "LineString", "coordinates": [ [ 125.0321674, 10.3537258 ], [ 125.0317414, 10.3534277 ], [ 125.0314628, 10.3532326 ], [ 125.0312903, 10.3531202 ] ] } },
{ "type": "Feature", "properties": { "u": 1774379178, "v": 1774379188, "key": 0, "osmid": "165931435", "highway": "residential", "oneway": false, "reversed": "True", "length": 170.85600536688767, "lanes": null, "name": null, "ref": null, "bridge": null, "maxspeed": null, "access": null }, "geometry": { "type": "LineString", "coordinates": [ [ 125.026695, 10.3602256 ], [ 125.0266835, 10.3603069 ], [ 125.0266815, 10.3603598 ], [ 125.0266537, 10.360487 ], [ 125.0266767, 10.3606898 ], [ 125.0266238, 10.361135 ], [ 125.0266112, 10.3615792 ], [ 125.0266358, 10.3616244 ], [ 125.0267555, 10.3616616 ] ] } },
{ "type": "Feature", "properties": { "u": 1774379188, "v": 1774379178, "key": 0, "osmid": "165931435", "highway": "residential", "oneway": false, "reversed": "False", "length": 170.85600536688773, "lanes": null, "name": null, "ref": null, "bridge": null, "maxspeed": null, "access": null }, "geometry": { "type": "LineString", "coordinates": [ [ 125.0267555, 10.3616616 ], [ 125.0266358, 10.3616244 ], [ 125.0266112, 10.3615792 ], [ 125.0266238, 10.361135 ], [ 125.0266767, 10.3606898 ], [ 125.0266537, 10.360487 ], [ 125.0266815, 10.3603598 ], [ 125.0266835, 10.3603069 ], [ 125.026695, 10.3602256 ] ] } },
{ "type": "Feature", "properties": { "u": 1774379188, "v": 1774379192, "key": 0, "osmid": "165931435", "highway": "residential", "oneway": false, "reversed": "True", "length": 121.64217954199184, "lanes": null, "name": null, "ref": null, "bridge": null, "maxspeed": null, "access": null }, "geometry": { "type": "LineString", "coordinates": [ [ 125.0267555, 10.3616616 ], [ 125.0272427, 10.3618064 ], [ 125.0274397, 10.3618867 ], [ 125.0277829, 10.3620687 ] ] } },
{ "type": "Feature", "properties": { "u": 1774379188, "v": 1774376366, "key": 0, "osmid": "165931446", "highway": "residential", "oneway": false, "reversed": "True", "length": 249.01397938613445, "lanes": null, "name": null, "ref": null, "bridge": null, "maxspeed": null, "access": null }, "geometry": { "type": "LineString", "coordinates": [ [ 125.0267555, 10.3616616 ], [ 125.0266626, 10.3619927 ], [ 125.0266168, 10.3622726 ], [ 125.0265133, 10.3625937 ], [ 125.0264019, 10.3628873 ], [ 125.0264218, 10.3629186 ], [ 125.0266765, 10.3630596 ], [ 125.0270878, 10.3633076 ], [ 125.0271501, 10.3633452 ], [ 125.0272293, 10.3633929 ] ] } },
{ "type": "Feature", "properties": { "u": 1774379192, "v": 2527260034, "key": 0, "osmid": "165931095", "highway": "trunk", "oneway": false, "reversed": "False", "length": 135.91194377088593, "lanes": "2", "name": "Maharlika Highway", "ref": "1", "bridge": null, "maxspeed": null, "access": null }, "geometry": { "type": "LineString", "coordinates": [ [ 125.0277829, 10.3620687 ], [ 125.0275783, 10.3625693 ], [ 125.0273113, 10.3631995 ] ] } },
{ "type": "Feature", "properties": { "u": 1774379192, "v": 2533625392, "key": 0, "osmid": [ 165931089, 165931094, 165931095 ], "highway": "trunk", "oneway": false, "reversed": "True", "length": 683.61556480840397, "lanes": "2", "name": "Maharlika Highway", "ref": "1", "bridge": "yes", "maxspeed": null, "access": null }, "geometry": { "type": "LineString", "coordinates": [ [ 125.0277829, 10.3620687 ], [ 125.0278668, 10.3618633 ], [ 125.0280024, 10.3615291 ], [ 125.0283565, 10.3606563 ], [ 125.0285288, 10.3602501 ], [ 125.0285984, 10.3600844 ], [ 125.0290376, 10.3590119 ], [ 125.0293457, 10.358263 ], [ 125.0297524, 10.3573106 ], [ 125.0301351, 10.356373 ] ] } },
{ "type": "Feature", "properties": { "u": 1774379192, "v": 1774379188, "key": 0, "osmid": "165931435", "highway": "residential", "oneway": false, "reversed": "False", "length": 121.64217954199184, "lanes": null, "name": null, "ref": null, "bridge": null, "maxspeed": null, "access": null }, "geometry": { "type": "LineString", "coordinates": [ [ 125.0277829, 10.3620687 ], [ 125.0274397, 10.3618867 ], [ 125.0272427, 10.3618064 ], [ 125.0267555, 10.3616616 ] ] } },
{ "type": "Feature", "properties": { "u": 1774379201, "v": 1774379215, "key": 0, "osmid": "165931439", "highway": "residential", "oneway": false, "reversed": "False", "length": 234.95808492452741, "lanes": null, "name": null, "ref": null, "bridge": null, "maxspeed": null, "access": null }, "geometry": { "type": "LineString", "coordinates": [ [ 125.0251327, 10.3655621 ], [ 125.0251304, 10.3656216 ], [ 125.0251273, 10.3656959 ], [ 125.0251094, 10.3659386 ], [ 125.0251181, 10.3660998 ], [ 125.0251756, 10.3663598 ], [ 125.0253169, 10.3668585 ], [ 125.0254479, 10.3672519 ], [ 125.0254571, 10.3673884 ], [ 125.025457, 10.3676282 ] ] } },
{ "type": "Feature", "properties": { "u": 1774379201, "v": 1774379208, "key": 0, "osmid": "165931439", "highway": "residential", "oneway": false, "reversed": "True", "length": 169.67138076653393, "lanes": null, "name": null, "ref": null, "bridge": null, "maxspeed": null, "access": null }, "geometry": { "type": "LineString", "coordinates": [ [ 125.0251327, 10.3655621 ], [ 125.0252489, 10.3654778 ], [ 125.0253424, 10.3654406 ], [ 125.0254101, 10.3654445 ], [ 125.0257961, 10.3656011 ], [ 125.0259056, 10.3656325 ], [ 125.0261882, 10.3656677 ], [ 125.026581, 10.3658186 ] ] } },
{ "type": "Feature", "properties": { "u": 1774379201, "v": 8323952746, "key": 0, "osmid": "895487656", "highway": "residential", "oneway": false, "reversed": "False", "length": 34.226350013999422, "lanes": null, "name": null, "ref": null, "bridge": null, "maxspeed": null, "access": null }, "geometry": { "type": "LineString", "coordinates": [ [ 125.0251327, 10.3655621 ], [ 125.0251114, 10.3654105 ], [ 125.0251121, 10.3653294 ], [ 125.0251195, 10.3652561 ] ] } },
{ "type": "Feature", "properties": { "u": 1774379208, "v": 2533620304, "key": 0, "osmid": "165931086", "highway": "trunk", "oneway": false, "reversed": "True", "length": 12.243278439510304, "lanes": "2", "name": "Maharlika Highway", "ref": "1", "bridge": null, "maxspeed": null, "access": null }, "geometry": { "type": "LineString", "coordinates": [ [ 125.026581, 10.3658186 ], [ 125.0266074, 10.3657116 ] ] } },
{ "type": "Feature", "properties": { "u": 1774379208, "v": 1774379218, "key": 0, "osmid": "165931086", "highway": "trunk", "oneway": false, "reversed": "False", "length": 283.36998819579225, "lanes": "2", "name": "Maharlika Highway", "ref": "1", "bridge": null, "maxspeed": null, "access": null }, "geometry": { "type": "LineString", "coordinates": [ [ 125.026581, 10.3658186 ], [ 125.026166, 10.3675024 ], [ 125.0260148, 10.3681092 ], [ 125.0259477, 10.3682885 ] ] } },
{ "type": "Feature", "properties": { "u": 1774379208, "v": 1774379201, "key": 0, "osmid": "165931439", "highway": "residential", "oneway": false, "reversed": "False", "length": 169.67138076653393, "lanes": null, "name": null, "ref": null, "bridge": null, "maxspeed": null, "access": null }, "geometry": { "type": "LineString", "coordinates": [ [ 125.026581, 10.3658186 ], [ 125.0261882, 10.3656677 ], [ 125.0259056, 10.3656325 ], [ 125.0257961, 10.3656011 ], [ 125.0254101, 10.3654445 ], [ 125.0253424, 10.3654406 ], [ 125.0252489, 10.3654778 ], [ 125.0251327, 10.3655621 ] ] } },
{ "type": "Feature", "properties": { "u": 1774379215, "v": 1774379216, "key": 0, "osmid": "165931438", "highway": "residential", "oneway": false, "reversed": "False", "length": 37.535328518573316, "lanes": null, "name": null, "ref": null, "bridge": null, "maxspeed": null, "access": null }, "geometry": { "type": "LineString", "coordinates": [ [ 125.025457, 10.3676282 ], [ 125.0258001, 10.3676216 ] ] } },
{ "type": "Feature", "properties": { "u": 1774379215, "v": 1774379217, "key": 0, "osmid": "165931439", "highway": "residential", "oneway": false, "reversed": "False", "length": 46.471771447346214, "lanes": null, "name": null, "ref": null, "bridge": null, "maxspeed": null, "access": null }, "geometry": { "type": "LineString", "coordinates": [ [ 125.025457, 10.3676282 ], [ 125.0254464, 10.368046 ] ] } },
{ "type": "Feature", "properties": { "u": 1774379215, "v": 1774379201, "key": 0, "osmid": "165931439", "highway": "residential", "oneway": false, "reversed": "True", "length": 234.95808492452741, "lanes": null, "name": null, "ref": null, "bridge": null, "maxspeed": null, "access": null }, "geometry": { "type": "LineString", "coordinates": [ [ 125.025457, 10.3676282 ], [ 125.0254571, 10.3673884 ], [ 125.0254479, 10.3672519 ], [ 125.0253169, 10.3668585 ], [ 125.0251756, 10.3663598 ], [ 125.0251181, 10.3660998 ], [ 125.0251094, 10.3659386 ], [ 125.0251273, 10.3656959 ], [ 125.0251304, 10.3656216 ], [ 125.0251327, 10.3655621 ] ] } },
{ "type": "Feature", "properties": { "u": 1774379216, "v": 1774379215, "key": 0, "osmid": "165931438", "highway": "residential", "oneway": false, "reversed": "True", "length": 37.535328518573316, "lanes": null, "name": null, "ref": null, "bridge": null, "maxspeed": null, "access": null }, "geometry": { "type": "LineString", "coordinates": [ [ 125.0258001, 10.3676216 ], [ 125.025457, 10.3676282 ] ] } },
{ "type": "Feature", "properties": { "u": 1774379217, "v": 1774379218, "key": 0, "osmid": "165931436", "highway": "residential", "oneway": false, "reversed": "False", "length": 61.103518535995185, "lanes": null, "name": null, "ref": null, "bridge": null, "maxspeed": null, "access": null }, "geometry": { "type": "LineString", "coordinates": [ [ 125.0254464, 10.368046 ], [ 125.0259477, 10.3682885 ] ] } },
{ "type": "Feature", "properties": { "u": 1774379217, "v": 1774379215, "key": 0, "osmid": "165931439", "highway": "residential", "oneway": false, "reversed": "True", "length": 46.471771447346214, "lanes": null, "name": null, "ref": null, "bridge": null, "maxspeed": null, "access": null }, "geometry": { "type": "LineString", "coordinates": [ [ 125.0254464, 10.368046 ], [ 125.025457, 10.3676282 ] ] } },
{ "type": "Feature", "properties": { "u": 1774379217, "v": 1774379226, "key": 0, "osmid": "165931439", "highway": "residential", "oneway": false, "reversed": "False", "length": 279.02757111607116, "lanes": null, "name": null, "ref": null, "bridge": null, "maxspeed": null, "access": null }, "geometry": { "type": "LineString", "coordinates": [ [ 125.0254464, 10.368046 ], [ 125.0254417, 10.3683255 ], [ 125.0253921, 10.3684102 ], [ 125.0253444, 10.3684846 ], [ 125.0252329, 10.3685981 ], [ 125.0247096, 10.3692148 ], [ 125.0246339, 10.3692676 ], [ 125.0241424, 10.3696239 ], [ 125.0243666, 10.3699469 ] ] } },
{ "type": "Feature", "properties": { "u": 1774379218, "v": 1774379217, "key": 0, "osmid": "165931436", "highway": "residential", "oneway": false, "reversed": "True", "length": 61.103518535995185, "lanes": null, "name": null, "ref": null, "bridge": null, "maxspeed": null, "access": null }, "geometry": { "type": "LineString", "coordinates": [ [ 125.0259477, 10.3682885 ], [ 125.0254464, 10.368046 ] ] } },
{ "type": "Feature", "properties": { "u": 1774379218, "v": 1774379226, "key": 0, "osmid": "165931086", "highway": "trunk", "oneway": false, "reversed": "False", "length": 254.49199186943383, "lanes": "2", "name": "Maharlika Highway", "ref": "1", "bridge": null, "maxspeed": null, "access": null }, "geometry": { "type": "LineString", "coordinates": [ [ 125.0259477, 10.3682885 ], [ 125.0259372, 10.3683167 ], [ 125.0258277, 10.3685027 ], [ 125.0257083, 10.3686788 ], [ 125.0255193, 10.3688981 ], [ 125.024982, 10.3693875 ], [ 125.0243666, 10.3699469 ] ] } },
{ "type": "Feature", "properties": { "u": 1774379218, "v": 1774379208, "key": 0, "osmid": "165931086", "highway": "trunk", "oneway": false, "reversed": "True", "length": 283.36998819579225, "lanes": "2", "name": "Maharlika Highway", "ref": "1", "bridge": null, "maxspeed": null, "access": null }, "geometry": { "type": "LineString", "coordinates": [ [ 125.0259477, 10.3682885 ], [ 125.0260148, 10.3681092 ], [ 125.026166, 10.3675024 ], [ 125.026581, 10.3658186 ] ] } },
{ "type": "Feature", "properties": { "u": 1774379226, "v": 1774376380, "key": 0, "osmid": "165931086", "highway": "trunk", "oneway": false, "reversed": "False", "length": 114.17864357205738, "lanes": "2", "name": "Maharlika Highway", "ref": "1", "bridge": null, "maxspeed": null, "access": null }, "geometry": { "type": "LineString", "coordinates": [ [ 125.0243666, 10.3699469 ], [ 125.0235904, 10.3706335 ] ] } },
{ "type": "Feature", "properties": { "u": 1774379226, "v": 1774379218, "key": 0, "osmid": "165931086", "highway": "trunk", "oneway": false, "reversed": "True", "length": 254.4919918694338, "lanes": "2", "name": "Maharlika Highway", "ref": "1", "bridge": null, "maxspeed": null, "access": null }, "geometry": { "type": "LineString", "coordinates": [ [ 125.0243666, 10.3699469 ], [ 125.024982, 10.3693875 ], [ 125.0255193, 10.3688981 ], [ 125.0257083, 10.3686788 ], [ 125.0258277, 10.3685027 ], [ 125.0259372, 10.3683167 ], [ 125.0259477, 10.3682885 ] ] } },
{ "type": "Feature", "properties": { "u": 1774379226, "v": 1774379217, "key": 0, "osmid": "165931439", "highway": "residential", "oneway": false, "reversed": "True", "length": 279.0275711160711, "lanes": null, "name": null, "ref": null, "bridge": null, "maxspeed": null, "access": null }, "geometry": { "type": "LineString", "coordinates": [ [ 125.0243666, 10.3699469 ], [ 125.0241424, 10.3696239 ], [ 125.0246339, 10.3692676 ], [ 125.0247096, 10.3692148 ], [ 125.0252329, 10.3685981 ], [ 125.0253444, 10.3684846 ], [ 125.0253921, 10.3684102 ], [ 125.0254417, 10.3683255 ], [ 125.0254464, 10.368046 ] ] } },
{ "type": "Feature", "properties": { "u": 1774380182, "v": 1774382316, "key": 0, "osmid": [ 165931508, 245724182, 245724183 ], "highway": "trunk", "oneway": false, "reversed": "False", "length": 365.10516716151335, "lanes": "2", "name": "Maharlika Highway", "ref": "1", "bridge": "yes", "maxspeed": null, "access": null }, "geometry": { "type": "LineString", "coordinates": [ [ 125.0169231, 10.3850972 ], [ 125.0158263, 10.3852983 ], [ 125.0148406, 10.3854599 ], [ 125.0146125, 10.3854976 ], [ 125.0139668, 10.38561 ], [ 125.0136359, 10.3856681 ] ] } },
{ "type": "Feature", "properties": { "u": 1774380182, "v": 8314350275, "key": 0, "osmid": "165931508", "highway": "trunk", "oneway": false, "reversed": "True", "length": 139.65072894754604, "lanes": "2", "name": "Maharlika Highway", "ref": "1", "bridge": null, "maxspeed": null, "access": null }, "geometry": { "type": "LineString", "coordinates": [ [ 125.0169231, 10.3850972 ], [ 125.0172094, 10.3849854 ], [ 125.0173291, 10.3849105 ], [ 125.0175404, 10.3847688 ], [ 125.017762, 10.3845862 ], [ 125.0179238, 10.3843589 ] ] } },
{ "type": "Feature", "properties": { "u": 1774380182, "v": 11954917210, "key": 0, "osmid": "1289242990", "highway": "unclassified", "oneway": false, "reversed": "True", "length": 202.03915823804638, "lanes": "1", "name": null, "ref": null, "bridge": null, "maxspeed": "20", "access": null }, "geometry": { "type": "LineString", "coordinates": [ [ 125.0169231, 10.3850972 ], [ 125.0169932, 10.3853249 ], [ 125.0170122, 10.3854459 ], [ 125.0170233, 10.3857388 ], [ 125.0170152, 10.3859393 ], [ 125.0172108, 10.3860345 ], [ 125.017408, 10.3861739 ], [ 125.0176699, 10.3866133 ] ] } },
{ "type": "Feature", "properties": { "u": 1774382316, "v": 1774382343, "key": 0, "osmid": "165931789", "highway": "unclassified", "oneway": false, "reversed": "False", "length": 796.23658913643089, "lanes": null, "name": null, "ref": null, "bridge": null, "maxspeed": null, "access": null }, "geometry": { "type": "LineString", "coordinates": [ [ 125.0136359, 10.3856681 ], [ 125.0137347, 10.3859384 ], [ 125.0137988, 10.3860165 ], [ 125.0139056, 10.3860595 ], [ 125.01404, 10.3860715 ], [ 125.0144744, 10.3860635 ], [ 125.0146312, 10.3861015 ], [ 125.0152101, 10.3862541 ], [ 125.0153227, 10.3863201 ], [ 125.0153618, 10.3863994 ], [ 125.0153872, 10.3864885 ], [ 125.0154401, 10.3865876 ], [ 125.0155632, 10.3867337 ], [ 125.0157881, 10.3869008 ], [ 125.0160008, 10.387112 ], [ 125.0161195, 10.3872551 ], [ 125.0162557, 10.3873921 ], [ 125.0165612, 10.3877261 ], [ 125.0167427, 10.3879004 ], [ 125.0169878, 10.388178 ], [ 125.0172035, 10.3884522 ], [ 125.0174162, 10.3887314 ], [ 125.0177321, 10.3891102 ], [ 125.0178658, 10.3892483 ], [ 125.0181084, 10.3894171 ], [ 125.0181546, 10.3894559 ], [ 125.0181862, 10.3894838 ], [ 125.018552, 10.3897245 ], [ 125.0188511, 10.3899207 ], [ 125.0189879, 10.390018 ] ] } },
{ "type": "Feature", "properties": { "u": 1774382316, "v": 8314350273, "key": 0, "osmid": [ 920142266, 165931510, 245724183 ], "highway": "trunk", "oneway": false, "reversed": "False", "length": 530.21619013965801, "lanes": "2", "name": "Maharlika Highway", "ref": "1", "bridge": "yes", "maxspeed": null, "access": null }, "geometry": { "type": "LineString", "coordinates": [ [ 125.0136359, 10.3856681 ], [ 125.0127536, 10.3858232 ], [ 125.0124399, 10.3858783 ], [ 125.0120925, 10.3859563 ], [ 125.0117343, 10.3860624 ], [ 125.0112243, 10.3863223 ], [ 125.010349, 10.3868436 ], [ 125.0102282, 10.3869154 ], [ 125.0092443, 10.3875265 ] ] } },
{ "type": "Feature", "properties": { "u": 1774382316, "v": 1774380182, "key": 0, "osmid": [ 165931508, 245724182, 245724183 ], "highway": "trunk", "oneway": false, "reversed": "True", "length": 365.10516716151335, "lanes": "2", "name": "Maharlika Highway", "ref": "1", "bridge": "yes", "maxspeed": null, "access": null }, "geometry": { "type": "LineString", "coordinates": [ [ 125.0136359, 10.3856681 ], [ 125.0139668, 10.38561 ], [ 125.0146125, 10.3854976 ], [ 125.0148406, 10.3854599 ], [ 125.0158263, 10.3852983 ], [ 125.0169231, 10.3850972 ] ] } },
{ "type": "Feature", "properties": { "u": 1774382343, "v": 2527045785, "key": 0, "osmid": [ 165931787, 165931788, 165931789 ], "highway": "unclassified", "oneway": false, "reversed": "False", "length": 5089.6143498996944, "lanes": null, "name": null, "ref": null, "bridge": "yes", "maxspeed": null, "access": null }, "geometry": { "type": "LineString", "coordinates": [ [ 125.0189879, 10.390018 ], [ 125.0190575, 10.3901986 ], [ 125.0191562, 10.390495 ], [ 125.0191949, 10.3906481 ], [ 125.0191898, 10.3908743 ], [ 125.0192254, 10.3910414 ], [ 125.0193312, 10.3913547 ], [ 125.0193587, 10.3915599 ], [ 125.0193526, 10.391732 ], [ 125.0193241, 10.3918872 ], [ 125.0192478, 10.3920633 ], [ 125.0191338, 10.3922064 ], [ 125.0191033, 10.3923105 ], [ 125.0190829, 10.3924707 ], [ 125.0191013, 10.3925527 ], [ 125.0191715, 10.3926829 ], [ 125.0193872, 10.392908 ], [ 125.0195007, 10.3930129 ], [ 125.0196371, 10.3931019 ], [ 125.0198558, 10.393215 ], [ 125.0201255, 10.3933632 ], [ 125.0202476, 10.3934112 ], [ 125.0202985, 10.3934532 ], [ 125.0203178, 10.3934963 ], [ 125.0203107, 10.3938346 ], [ 125.0203137, 10.3941548 ], [ 125.0203005, 10.3942019 ], [ 125.0202425, 10.3942579 ], [ 125.0201896, 10.394287 ], [ 125.0201397, 10.394283 ], [ 125.0196554, 10.3941128 ], [ 125.0195811, 10.3941138 ], [ 125.0195282, 10.3941438 ], [ 125.0194885, 10.3941889 ], [ 125.0194539, 10.3942699 ], [ 125.0194508, 10.3944781 ], [ 125.0194875, 10.3945462 ], [ 125.0195434, 10.3945852 ], [ 125.0196025, 10.3946022 ], [ 125.0196574, 10.3946002 ], [ 125.019806, 10.3945932 ], [ 125.0198731, 10.3946242 ], [ 125.0201743, 10.3948865 ], [ 125.0202893, 10.3950456 ], [ 125.0204379, 10.3951997 ], [ 125.020536, 10.3952997 ], [ 125.0206139, 10.3954369 ], [ 125.0206709, 10.395511 ], [ 125.0207391, 10.395556 ], [ 125.0208184, 10.3955711 ], [ 125.0210017, 10.395594 ], [ 125.0211148, 10.3956179 ], [ 125.0212407, 10.3956801 ], [ 125.0214727, 10.3958643 ], [ 125.021549, 10.3959544 ], [ 125.0215704, 10.3960274 ], [ 125.0215785, 10.3961115 ], [ 125.0216121, 10.3965659 ], [ 125.021605, 10.3968662 ], [ 125.0216233, 10.3969662 ], [ 125.0217464, 10.3973035 ], [ 125.0219316, 10.3977039 ], [ 125.0220171, 10.397858 ], [ 125.0221708, 10.3980431 ], [ 125.0224414, 10.3983394 ], [ 125.0226083, 10.3984845 ], [ 125.0226572, 10.3985756 ], [ 125.0226643, 10.3986597 ], [ 125.0226256, 10.3987928 ], [ 125.0224852, 10.3992111 ], [ 125.0221026, 10.3998917 ], [ 125.0220721, 10.4000038 ], [ 125.022071, 10.4001489 ], [ 125.022071, 10.4004011 ], [ 125.0220497, 10.4005723 ], [ 125.0219662, 10.4009406 ], [ 125.0219652, 10.4010827 ], [ 125.0219957, 10.4012839 ], [ 125.0220548, 10.401465 ], [ 125.0221331, 10.4015811 ], [ 125.0223997, 10.4019304 ], [ 125.0224282, 10.4020135 ], [ 125.0224231, 10.4021666 ], [ 125.0223783, 10.4024899 ], [ 125.0222976, 10.4027895 ], [ 125.0219281, 10.4033105 ], [ 125.0216893, 10.4036325 ], [ 125.021592, 10.403804 ], [ 125.0214924, 10.4039885 ], [ 125.0213823, 10.40412 ], [ 125.0212598, 10.4042149 ], [ 125.0210546, 10.4043111 ], [ 125.0208735, 10.4044114 ], [ 125.020773, 10.4044945 ], [ 125.0207019, 10.4046475 ], [ 125.0206952, 10.4047992 ], [ 125.0206, 10.4051883 ], [ 125.0205559, 10.4053352 ], [ 125.0204613, 10.4055474 ], [ 125.0203646, 10.4058336 ], [ 125.0203464, 10.4060065 ], [ 125.0204196, 10.4063608 ], [ 125.0206724, 10.4071418 ], [ 125.0207958, 10.4073234 ], [ 125.021044, 10.4075421 ], [ 125.0211552, 10.4077103 ], [ 125.0212048, 10.4078924 ], [ 125.0212866, 10.4081522 ], [ 125.0215688, 10.4084913 ], [ 125.0217675, 10.408971 ], [ 125.0218458, 10.4091771 ], [ 125.0218177, 10.4093895 ], [ 125.0218107, 10.4095063 ], [ 125.0218928, 10.409619 ], [ 125.0220626, 10.4097755 ], [ 125.0221463, 10.4099171 ], [ 125.0222334, 10.4100872 ], [ 125.0223381, 10.4101708 ], [ 125.0225244, 10.4102653 ], [ 125.0226505, 10.4103735 ], [ 125.0227049, 10.410497 ], [ 125.0226532, 10.4106293 ], [ 125.0226666, 10.4107929 ], [ 125.0227882, 10.4109699 ], [ 125.0230086, 10.4111596 ], [ 125.0231768, 10.4112543 ], [ 125.0233234, 10.4113184 ], [ 125.0233479, 10.4113997 ], [ 125.0233519, 10.4115395 ], [ 125.0233868, 10.4117294 ], [ 125.0234801, 10.4119045 ], [ 125.0236036, 10.4119698 ], [ 125.0237596, 10.4119563 ], [ 125.0238777, 10.4118236 ], [ 125.0240037, 10.411674 ], [ 125.024064, 10.4116516 ], [ 125.0241421, 10.411694 ], [ 125.0241941, 10.4117954 ], [ 125.0242344, 10.4119246 ], [ 125.024339, 10.4120882 ], [ 125.0245217, 10.4121825 ], [ 125.0251096, 10.4124269 ], [ 125.0254199, 10.412501 ], [ 125.025613, 10.4125169 ], [ 125.0257238, 10.4124713 ], [ 125.0260219, 10.4119649 ], [ 125.0262116, 10.4114408 ], [ 125.0262943, 10.4110409 ], [ 125.0263238, 10.4109644 ], [ 125.0263727, 10.4108928 ], [ 125.026546, 10.4109477 ], [ 125.0267127, 10.411091 ], [ 125.0268871, 10.4112018 ], [ 125.0271311, 10.4112229 ], [ 125.0275549, 10.4111913 ], [ 125.0278795, 10.4111517 ], [ 125.0282603, 10.4110171 ], [ 125.0286573, 10.4108298 ], [ 125.0289148, 10.4107824 ], [ 125.0293681, 10.4110646 ], [ 125.0298831, 10.4112071 ], [ 125.0302049, 10.4112889 ], [ 125.0305499, 10.4114173 ], [ 125.0307883, 10.4113759 ], [ 125.0309721, 10.4113825 ], [ 125.0311493, 10.4114441 ], [ 125.0312671, 10.4114624 ], [ 125.0313328, 10.4114049 ], [ 125.031424, 10.4112242 ], [ 125.031581, 10.41113 ], [ 125.0317982, 10.4110791 ], [ 125.0320467, 10.4110676 ], [ 125.0323695, 10.4111992 ], [ 125.0325706, 10.4113519 ], [ 125.0329319, 10.411574 ], [ 125.033139, 10.4117544 ], [ 125.0334102, 10.4118112 ], [ 125.0336489, 10.4119721 ], [ 125.0338442, 10.4120982 ], [ 125.0342326, 10.41288 ], [ 125.0344299, 10.413354 ], [ 125.0344294, 10.4135523 ], [ 125.0345036, 10.4137417 ], [ 125.034874, 10.4140882 ], [ 125.0350571, 10.4144044 ], [ 125.035172, 10.4147189 ], [ 125.0352172, 10.4153053 ], [ 125.0352743, 10.4154992 ], [ 125.0354448, 10.4157211 ], [ 125.0356598, 10.4160071 ], [ 125.0359217, 10.4166645 ], [ 125.0361834, 10.4168111 ], [ 125.0364259, 10.4167802 ], [ 125.0365151, 10.4167295 ], [ 125.0366608, 10.4164647 ] ] } },
{ "type": "Feature", "properties": { "u": 1774382343, "v": 1774382316, "key": 0, "osmid": "165931789", "highway": "unclassified", "oneway": false, "reversed": "True", "length": 796.23658913643078, "lanes": null, "name": null, "ref": null, "bridge": null, "maxspeed": null, "access": null }, "geometry": { "type": "LineString", "coordinates": [ [ 125.0189879, 10.390018 ], [ 125.0188511, 10.3899207 ], [ 125.018552, 10.3897245 ], [ 125.0181862, 10.3894838 ], [ 125.0181546, 10.3894559 ], [ 125.0181084, 10.3894171 ], [ 125.0178658, 10.3892483 ], [ 125.0177321, 10.3891102 ], [ 125.0174162, 10.3887314 ], [ 125.0172035, 10.3884522 ], [ 125.0169878, 10.388178 ], [ 125.0167427, 10.3879004 ], [ 125.0165612, 10.3877261 ], [ 125.0162557, 10.3873921 ], [ 125.0161195, 10.3872551 ], [ 125.0160008, 10.387112 ], [ 125.0157881, 10.3869008 ], [ 125.0155632, 10.3867337 ], [ 125.0154401, 10.3865876 ], [ 125.0153872, 10.3864885 ], [ 125.0153618, 10.3863994 ], [ 125.0153227, 10.3863201 ], [ 125.0152101, 10.3862541 ], [ 125.0146312, 10.3861015 ], [ 125.0144744, 10.3860635 ], [ 125.01404, 10.3860715 ], [ 125.0139056, 10.3860595 ], [ 125.0137988, 10.3860165 ], [ 125.0137347, 10.3859384 ], [ 125.0136359, 10.3856681 ] ] } },
{ "type": "Feature", "properties": { "u": 1774382343, "v": 2527308563, "key": 0, "osmid": "245550230", "highway": "unclassified", "oneway": false, "reversed": "False", "length": 479.56500746168558, "lanes": null, "name": null, "ref": null, "bridge": null, "maxspeed": null, "access": null }, "geometry": { "type": "LineString", "coordinates": [ [ 125.0189879, 10.390018 ], [ 125.0195619, 10.3903447 ], [ 125.0208789, 10.3919936 ], [ 125.0212195, 10.3925845 ], [ 125.0218499, 10.3932151 ] ] } },
{ "type": "Feature", "properties": { "u": 2522454643, "v": 2528329259, "key": 0, "osmid": "245680800", "highway": "primary", "oneway": false, "reversed": "True", "length": 23.536371903541912, "lanes": "2", "name": "Maasin – Macrohon – Sogod Road", "ref": "692", "bridge": null, "maxspeed": null, "access": null }, "geometry": { "type": "LineString", "coordinates": [ [ 124.9713072, 10.3799162 ], [ 124.9712719, 10.3797074 ] ] } },
{ "type": "Feature", "properties": { "u": 2522454643, "v": 2522454679, "key": 0, "osmid": "244979856", "highway": "residential", "oneway": false, "reversed": "False", "length": 192.20810505563713, "lanes": "2", "name": null, "ref": null, "bridge": null, "maxspeed": null, "access": null }, "geometry": { "type": "LineString", "coordinates": [ [ 124.9713072, 10.3799162 ], [ 124.97114, 10.3799051 ], [ 124.9708986, 10.3797917 ], [ 124.9704418, 10.3794639 ], [ 124.969819, 10.379041 ] ] } },
{ "type": "Feature", "properties": { "u": 2522454643, "v": 11442656380, "key": 0, "osmid": "245680800", "highway": "primary", "oneway": false, "reversed": "False", "length": 145.77819786435657, "lanes": "2", "name": "Maasin – Macrohon – Sogod Road", "ref": "692", "bridge": null, "maxspeed": null, "access": null }, "geometry": { "type": "LineString", "coordinates": [ [ 124.9713072, 10.3799162 ], [ 124.9713692, 10.3802832 ], [ 124.9714499, 10.3804481 ], [ 124.9715302, 10.3805335 ], [ 124.9715919, 10.3805684 ], [ 124.9717459, 10.3806171 ], [ 124.9720342, 10.3806507 ], [ 124.9721608, 10.380661 ] ] } },
{ "type": "Feature", "properties": { "u": 2522454679, "v": 2522454764, "key": 0, "osmid": "244979857", "highway": "unclassified", "oneway": false, "reversed": "True", "length": 74.972302028656614, "lanes": null, "name": null, "ref": null, "bridge": null, "maxspeed": null, "access": null }, "geometry": { "type": "LineString", "coordinates": [ [ 124.969819, 10.379041 ], [ 124.9702347, 10.3785049 ] ] } },
{ "type": "Feature", "properties": { "u": 2522454679, "v": 2522454643, "key": 0, "osmid": "244979856", "highway": "residential", "oneway": false, "reversed": "True", "length": 192.20810505563713, "lanes": "2", "name": null, "ref": null, "bridge": null, "maxspeed": null, "access": null }, "geometry": { "type": "LineString", "coordinates": [ [ 124.969819, 10.379041 ], [ 124.9704418, 10.3794639 ], [ 124.9708986, 10.3797917 ], [ 124.97114, 10.3799051 ], [ 124.9713072, 10.3799162 ] ] } },
{ "type": "Feature", "properties": { "u": 2522454679, "v": 2522454751, "key": 0, "osmid": "244979857", "highway": "unclassified", "oneway": false, "reversed": "False", "length": 418.28427736824869, "lanes": null, "name": null, "ref": null, "bridge": null, "maxspeed": null, "access": null }, "geometry": { "type": "LineString", "coordinates": [ [ 124.969819, 10.379041 ], [ 124.9696299, 10.379264 ], [ 124.9693657, 10.3795239 ], [ 124.9690546, 10.379731 ], [ 124.96884, 10.3798892 ], [ 124.9685906, 10.3800225 ], [ 124.9682673, 10.3801808 ], [ 124.9679133, 10.3802574 ], [ 124.9676285, 10.3802397 ], [ 124.9675204, 10.3802692 ], [ 124.9669651, 10.3805792 ], [ 124.9665583, 10.380807 ] ] } },
{ "type": "Feature", "properties": { "u": 2522454692, "v": 2526234260, "key": 0, "osmid": [ 244979857, 244979854, 244979855 ], "highway": "unclassified", "oneway": false, "reversed": [ false, true ], "length": 4332.9708885999717, "lanes": null, "name": null, "ref": null, "bridge": "yes", "maxspeed": null, "access": null }, "geometry": { "type": "LineString", "coordinates": [ [ 124.965362, 10.3812113 ], [ 124.9648945, 10.3812915 ], [ 124.9643763, 10.3812422 ], [ 124.9642092, 10.3811543 ], [ 124.9638846, 10.3811293 ], [ 124.9636735, 10.3810681 ], [ 124.9634554, 10.3807428 ], [ 124.9633429, 10.3805185 ], [ 124.9630759, 10.380347 ], [ 124.9628882, 10.3803628 ], [ 124.9624397, 10.3805193 ], [ 124.9620696, 10.3805562 ], [ 124.96192, 10.3804698 ], [ 124.9616337, 10.3803399 ], [ 124.9613534, 10.3802007 ], [ 124.9611602, 10.3799632 ], [ 124.9611796, 10.3797415 ], [ 124.9611608, 10.3795766 ], [ 124.9611555, 10.3793708 ], [ 124.9611201, 10.3791949 ], [ 124.9608819, 10.3790965 ], [ 124.9604978, 10.3788941 ], [ 124.9601598, 10.378836 ], [ 124.9597822, 10.3786849 ], [ 124.9594872, 10.3786374 ], [ 124.9589293, 10.3787799 ], [ 124.9583199, 10.3789838 ], [ 124.9579658, 10.3791949 ], [ 124.9576874, 10.3792876 ], [ 124.9574688, 10.3793444 ], [ 124.957391, 10.3794182 ], [ 124.9573548, 10.3795449 ], [ 124.957454, 10.3797138 ], [ 124.9575635, 10.3799916 ], [ 124.9577083, 10.3801869 ], [ 124.9577598, 10.3804103 ], [ 124.9577062, 10.380632 ], [ 124.9574111, 10.380996 ], [ 124.957188, 10.38101 ], [ 124.9570968, 10.3809467 ], [ 124.956968, 10.380857 ], [ 124.9566226, 10.38069 ], [ 124.9564799, 10.3806407 ], [ 124.9563297, 10.3806618 ], [ 124.9559252, 10.38069 ], [ 124.9556591, 10.3806776 ], [ 124.9553887, 10.3806478 ], [ 124.9551441, 10.3806459 ], [ 124.9550476, 10.3807093 ], [ 124.9549006, 10.38088 ], [ 124.9546914, 10.3811174 ], [ 124.9544714, 10.3813021 ], [ 124.9540927, 10.3814533 ], [ 124.9536936, 10.3816081 ], [ 124.953538, 10.3817189 ], [ 124.9533234, 10.3818508 ], [ 124.9530627, 10.3818121 ], [ 124.952846, 10.3817295 ], [ 124.9526926, 10.3816854 ], [ 124.9525585, 10.3816749 ], [ 124.952331, 10.3816609 ], [ 124.9521594, 10.3813707 ], [ 124.9519716, 10.3810013 ], [ 124.9517002, 10.3808201 ], [ 124.9515317, 10.3806214 ], [ 124.9513118, 10.3804209 ], [ 124.9510811, 10.3803154 ], [ 124.9508719, 10.3802942 ], [ 124.9506251, 10.380347 ], [ 124.9503623, 10.3805211 ], [ 124.9502249, 10.3806829 ], [ 124.950182, 10.3808517 ], [ 124.9502711, 10.3809169 ], [ 124.9504535, 10.3808694 ], [ 124.9505715, 10.3808219 ], [ 124.9507485, 10.3809011 ], [ 124.9508258, 10.3810839 ], [ 124.9509062, 10.3814005 ], [ 124.950947, 10.381777 ], [ 124.950874, 10.3824083 ], [ 124.9508987, 10.3825737 ], [ 124.9510382, 10.382674 ], [ 124.9511884, 10.3828587 ], [ 124.9514641, 10.3833212 ], [ 124.951639, 10.3836184 ], [ 124.9517436, 10.38403 ], [ 124.9517758, 10.3844732 ], [ 124.951808, 10.3846368 ], [ 124.9518268, 10.384803 ], [ 124.9517839, 10.3849719 ], [ 124.9517544, 10.3850721 ], [ 124.9517088, 10.3851565 ], [ 124.951639, 10.38527 ], [ 124.9516095, 10.385365 ], [ 124.9516792, 10.3854336 ], [ 124.9518724, 10.3856367 ], [ 124.9519957, 10.3858029 ], [ 124.9520333, 10.3859955 ], [ 124.9520333, 10.3861881 ], [ 124.9518589, 10.3862832 ], [ 124.9517195, 10.386386 ], [ 124.9516497, 10.3865337 ], [ 124.951631, 10.3866788 ], [ 124.95158, 10.3868371 ], [ 124.9515445, 10.3869591 ], [ 124.9515076, 10.3869816 ], [ 124.9514459, 10.3869664 ], [ 124.9513198, 10.3869004 ], [ 124.9511146, 10.3868424 ], [ 124.9509738, 10.3868886 ], [ 124.9508089, 10.386998 ], [ 124.9507391, 10.387097 ], [ 124.9505997, 10.3872711 ], [ 124.9504663, 10.3874263 ], [ 124.9504226, 10.3874399 ], [ 124.9503556, 10.3874254 ], [ 124.9502899, 10.3873423 ], [ 124.9501799, 10.3872157 ], [ 124.950019, 10.3871274 ], [ 124.9498312, 10.3870905 ], [ 124.9496971, 10.3871485 ], [ 124.9495683, 10.3873068 ], [ 124.9494705, 10.3874637 ], [ 124.9493135, 10.3876167 ], [ 124.9491446, 10.3877447 ], [ 124.9490547, 10.387833 ], [ 124.9489796, 10.3878805 ], [ 124.9488991, 10.3878753 ], [ 124.9488173, 10.387845 ], [ 124.9487597, 10.387771 ], [ 124.9486966, 10.3876128 ], [ 124.9486309, 10.3875191 ], [ 124.948533, 10.3874901 ], [ 124.94836, 10.3875798 ], [ 124.9481347, 10.3877869 ], [ 124.9480234, 10.3878871 ], [ 124.9478987, 10.3879412 ], [ 124.9477659, 10.3879453 ], [ 124.9476425, 10.387932 ], [ 124.9475419, 10.3879465 ], [ 124.9474856, 10.3879742 ], [ 124.9475004, 10.3880441 ], [ 124.9475535, 10.3881228 ], [ 124.9476787, 10.388176 ], [ 124.9477847, 10.3882881 ], [ 124.9479148, 10.3884306 ], [ 124.9480046, 10.3885414 ], [ 124.9480864, 10.3886549 ], [ 124.9481642, 10.3887564 ], [ 124.9482447, 10.3888593 ], [ 124.9483989, 10.3889081 ], [ 124.9485223, 10.3889583 ], [ 124.9485719, 10.3889952 ], [ 124.9485773, 10.3890546 ], [ 124.9485652, 10.3891311 ], [ 124.9485102, 10.3892115 ], [ 124.9483721, 10.3893224 ], [ 124.9481092, 10.3894292 ], [ 124.9480113, 10.3895004 ], [ 124.9479416, 10.3896191 ], [ 124.947811, 10.3897427 ], [ 124.9475728, 10.3899556 ], [ 124.9473764, 10.3900909 ], [ 124.9472638, 10.3901965 ], [ 124.9470438, 10.3904022 ], [ 124.9468888, 10.3906243 ], [ 124.9467239, 10.3907509 ], [ 124.9465857, 10.3908367 ], [ 124.9463242, 10.3909475 ], [ 124.9459501, 10.3911519 ], [ 124.9457542, 10.3912642 ], [ 124.9453708, 10.3914769 ], [ 124.9452064, 10.3916346 ], [ 124.9451416, 10.3917207 ], [ 124.9451392, 10.3918239 ], [ 124.945055, 10.3919839 ], [ 124.9450014, 10.3922108 ], [ 124.9449382, 10.3923791 ] ] } },
{ "type": "Feature", "properties": { "u": 2522454692, "v": 2522454751, "key": 0, "osmid": "244979857", "highway": "unclassified", "oneway": false, "reversed": "True", "length": 139.05981530562141, "lanes": null, "name": null, "ref": null, "bridge": null, "maxspeed": null, "access": null }, "geometry": { "type": "LineString", "coordinates": [ [ 124.965362, 10.3812113 ], [ 124.9655972, 10.38112 ], [ 124.9658031, 10.3810943 ], [ 124.966021, 10.381033 ], [ 124.9665583, 10.380807 ] ] } },
{ "type": "Feature", "properties": { "u": 2522454692, "v": 2526234024, "key": 0, "osmid": "245415993", "highway": "unclassified", "oneway": false, "reversed": "True", "length": 1607.9705526432249, "lanes": null, "name": null, "ref": null, "bridge": null, "maxspeed": null, "access": null }, "geometry": { "type": "LineString", "coordinates": [ [ 124.965362, 10.3812113 ], [ 124.9654468, 10.3814261 ], [ 124.9654722, 10.3816414 ], [ 124.9654212, 10.3819197 ], [ 124.9653367, 10.3821849 ], [ 124.9651705, 10.3824856 ], [ 124.9650618, 10.3826598 ], [ 124.9648405, 10.3829117 ], [ 124.9645341, 10.3831202 ], [ 124.964306, 10.383232 ], [ 124.9638757, 10.3833766 ], [ 124.9632999, 10.3835459 ], [ 124.9626106, 10.3841342 ], [ 124.962571, 10.3841533 ], [ 124.9620259, 10.3844165 ], [ 124.9615646, 10.3848941 ], [ 124.9613771, 10.3852035 ], [ 124.9612016, 10.3855308 ], [ 124.9610746, 10.385876 ], [ 124.9609637, 10.3860892 ], [ 124.9608323, 10.3860285 ], [ 124.9606088, 10.3858045 ], [ 124.9604139, 10.3856644 ], [ 124.9603415, 10.3855853 ], [ 124.9603728, 10.3855189 ], [ 124.9604461, 10.3853426 ], [ 124.9606451, 10.3850428 ], [ 124.9607479, 10.3848941 ], [ 124.9607089, 10.384807 ], [ 124.9606511, 10.3847691 ], [ 124.9605507, 10.3847648 ], [ 124.9604394, 10.3849 ], [ 124.9600885, 10.385269 ], [ 124.9596831, 10.3856677 ], [ 124.9595931, 10.385799 ], [ 124.9595448, 10.3859758 ], [ 124.9593919, 10.3864823 ], [ 124.9592793, 10.3866512 ], [ 124.959113, 10.3867752 ], [ 124.9588301, 10.3868876 ], [ 124.9585846, 10.3871946 ], [ 124.9584973, 10.3873458 ], [ 124.9581223, 10.3875481 ], [ 124.9579757, 10.3877539 ], [ 124.9577424, 10.3882974 ], [ 124.9576753, 10.3883739 ], [ 124.9575037, 10.3883713 ], [ 124.9574286, 10.388242 ], [ 124.9573374, 10.3880837 ], [ 124.9572811, 10.3878173 ] ] } },
{ "type": "Feature", "properties": { "u": 2522454751, "v": 2522454692, "key": 0, "osmid": "244979857", "highway": "unclassified", "oneway": false, "reversed": "False", "length": 139.05981530562141, "lanes": null, "name": null, "ref": null, "bridge": null, "maxspeed": null, "access": null }, "geometry": { "type": "LineString", "coordinates": [ [ 124.9665583, 10.380807 ], [ 124.966021, 10.381033 ], [ 124.9658031, 10.3810943 ], [ 124.9655972, 10.38112 ], [ 124.965362, 10.3812113 ] ] } },
{ "type": "Feature", "properties": { "u": 2522454751, "v": 2522454679, "key": 0, "osmid": "244979857", "highway": "unclassified", "oneway": false, "reversed": "True", "length": 418.28427736824869, "lanes": null, "name": null, "ref": null, "bridge": null, "maxspeed": null, "access": null }, "geometry": { "type": "LineString", "coordinates": [ [ 124.9665583, 10.380807 ], [ 124.9669651, 10.3805792 ], [ 124.9675204, 10.3802692 ], [ 124.9676285, 10.3802397 ], [ 124.9679133, 10.3802574 ], [ 124.9682673, 10.3801808 ], [ 124.9685906, 10.3800225 ], [ 124.96884, 10.3798892 ], [ 124.9690546, 10.379731 ], [ 124.9693657, 10.3795239 ], [ 124.9696299, 10.379264 ], [ 124.969819, 10.379041 ] ] } },
{ "type": "Feature", "properties": { "u": 2522454751, "v": 10181794343, "key": 0, "osmid": "1112821260", "highway": "unclassified", "oneway": false, "reversed": "False", "length": 118.9124043867207, "lanes": null, "name": null, "ref": null, "bridge": null, "maxspeed": null, "access": null }, "geometry": { "type": "LineString", "coordinates": [ [ 124.9665583, 10.380807 ], [ 124.9664891, 10.38069 ], [ 124.9664764, 10.380572 ], [ 124.966534, 10.3801973 ], [ 124.9666259, 10.3799829 ], [ 124.966638, 10.3797795 ] ] } },
{ "type": "Feature", "properties": { "u": 2522454764, "v": 2522454679, "key": 0, "osmid": "244979857", "highway": "unclassified", "oneway": false, "reversed": "False", "length": 74.972302028656614, "lanes": null, "name": null, "ref": null, "bridge": null, "maxspeed": null, "access": null }, "geometry": { "type": "LineString", "coordinates": [ [ 124.9702347, 10.3785049 ], [ 124.969819, 10.379041 ] ] } },
{ "type": "Feature", "properties": { "u": 2522454764, "v": 2528329218, "key": 0, "osmid": "245680800", "highway": "primary", "oneway": false, "reversed": "False", "length": 62.965542498697133, "lanes": "2", "name": "Maasin – Macrohon – Sogod Road", "ref": "692", "bridge": null, "maxspeed": null, "access": null }, "geometry": { "type": "LineString", "coordinates": [ [ 124.9702347, 10.3785049 ], [ 124.970601, 10.3787394 ], [ 124.9707214, 10.378807 ] ] } },
{ "type": "Feature", "properties": { "u": 2522454764, "v": 2528329167, "key": 0, "osmid": [ 245680800, 245680802, 273390420 ], "highway": "primary", "oneway": false, "reversed": "True", "length": 203.16597555444994, "lanes": "2", "name": "Maasin – Macrohon – Sogod Road", "ref": "692", "bridge": "yes", "maxspeed": null, "access": null }, "geometry": { "type": "LineString", "coordinates": [ [ 124.9702347, 10.3785049 ], [ 124.9701057, 10.3783968 ], [ 124.9696441, 10.3780607 ], [ 124.9695213, 10.3779643 ], [ 124.9692494, 10.3777331 ], [ 124.9687706, 10.377382 ] ] } },
{ "type": "Feature", "properties": { "u": 2522454764, "v": 2528329201, "key": 0, "osmid": [ 245680812, 1233216973 ], "highway": [ "unclassified", "residential" ], "oneway": false, "reversed": "False", "length": 106.62471603437746, "lanes": null, "name": null, "ref": null, "bridge": null, "maxspeed": null, "access": null }, "geometry": { "type": "LineString", "coordinates": [ [ 124.9702347, 10.3785049 ], [ 124.9703062, 10.378358 ], [ 124.9703738, 10.3782447 ], [ 124.970431, 10.3781703 ], [ 124.9704731, 10.3781434 ], [ 124.9709045, 10.3784474 ] ] } },
{ "type": "Feature", "properties": { "u": 2522454991, "v": 13887664675, "key": 0, "osmid": [ 244979858, 1138603907, 244979860 ], "highway": "tertiary", "oneway": false, "reversed": [ false, true ], "length": 1470.2717222640649, "lanes": null, "name": null, "ref": null, "bridge": "yes", "maxspeed": null, "access": null }, "geometry": { "type": "LineString", "coordinates": [ [ 124.9434135, 10.4052908 ], [ 124.9432652, 10.4052226 ], [ 124.9430761, 10.4051039 ], [ 124.9429629, 10.4048898 ], [ 124.9429567, 10.4047174 ], [ 124.9429253, 10.4044255 ], [ 124.9428065, 10.4042663 ], [ 124.9425605, 10.4040508 ], [ 124.9424686, 10.403922 ], [ 124.9424645, 10.4036609 ], [ 124.9425343, 10.4033311 ], [ 124.9424994, 10.4032216 ], [ 124.9423492, 10.4031557 ], [ 124.9422137, 10.4031636 ], [ 124.9421145, 10.4031979 ], [ 124.9419938, 10.4031886 ], [ 124.9419241, 10.4031609 ], [ 124.9418417, 10.4030642 ], [ 124.9417524, 10.4029195 ], [ 124.9416317, 10.4027929 ], [ 124.9414855, 10.4025845 ], [ 124.9414788, 10.4024196 ], [ 124.9415405, 10.4016691 ], [ 124.9415056, 10.4015451 ], [ 124.9413514, 10.4014146 ], [ 124.9412602, 10.4013038 ], [ 124.9411891, 10.4010887 ], [ 124.9411181, 10.4009766 ], [ 124.9410403, 10.4008922 ], [ 124.9409222, 10.4008764 ], [ 124.9408726, 10.4009317 ], [ 124.9408525, 10.4010083 ], [ 124.9408364, 10.401156 ], [ 124.9407613, 10.4013143 ], [ 124.9406701, 10.4014251 ], [ 124.9406111, 10.4015465 ], [ 124.9405441, 10.4016928 ], [ 124.9404824, 10.4017259 ], [ 124.9403992, 10.4017284 ], [ 124.9403214, 10.4016942 ], [ 124.9401444, 10.4015096 ], [ 124.9400009, 10.4013644 ], [ 124.9399674, 10.4009977 ], [ 124.9399352, 10.4007867 ], [ 124.9399151, 10.4007273 ], [ 124.9398547, 10.4006442 ], [ 124.9396101, 10.400521 ], [ 124.9395624, 10.4004582 ], [ 124.9395543, 10.4003593 ], [ 124.9395758, 10.400259 ], [ 124.9396442, 10.4001416 ], [ 124.9397917, 10.4000677 ], [ 124.9400519, 10.4000651 ], [ 124.9402061, 10.4000651 ], [ 124.9403268, 10.4000281 ], [ 124.9403818, 10.3999464 ], [ 124.9404201, 10.3997612 ], [ 124.9404309, 10.3996346 ], [ 124.9404153, 10.39949 ], [ 124.94041, 10.3993053 ], [ 124.9404443, 10.3990569 ], [ 124.9405267, 10.3988833 ], [ 124.9406821, 10.3987989 ], [ 124.9408753, 10.3987751 ], [ 124.9409807, 10.3987811 ], [ 124.9410416, 10.3987368 ], [ 124.9410491, 10.3986809 ], [ 124.9410349, 10.398481 ], [ 124.9410577, 10.3983648 ], [ 124.9411087, 10.3982725 ], [ 124.9412502, 10.3982126 ], [ 124.941338, 10.3981432 ], [ 124.9413911, 10.3980676 ], [ 124.9413857, 10.3979356 ], [ 124.9413608, 10.3976565 ], [ 124.9413873, 10.3974863 ], [ 124.9414113, 10.3972886 ], [ 124.9414283, 10.3970097 ], [ 124.9414454, 10.3969218 ] ] } },
{ "type": "Feature", "properties": { "u": 2525825471, "v": 2527001736, "key": 0, "osmid": "245520862", "highway": "tertiary", "oneway": false, "reversed": "True", "length": 1214.9827698756997, "lanes": null, "name": "Magatas Barangay Road", "ref": null, "bridge": null, "maxspeed": null, "access": null }, "geometry": { "type": "LineString", "coordinates": [ [ 124.996544, 10.4194763 ], [ 124.9961925, 10.4198387 ], [ 124.9954254, 10.4205441 ], [ 124.9949743, 10.4212724 ], [ 124.9949106, 10.4214643 ], [ 124.9948419, 10.421835 ], [ 124.9947708, 10.4220141 ], [ 124.9943929, 10.4227249 ], [ 124.9943941, 10.4228143 ], [ 124.9945097, 10.4232341 ], [ 124.9945085, 10.4234986 ], [ 124.9943792, 10.4237466 ], [ 124.994347, 10.4239044 ], [ 124.9945303, 10.4242399 ], [ 124.9946647, 10.4243103 ], [ 124.9948728, 10.4243685 ], [ 124.994952, 10.4244604 ], [ 124.9950251, 10.4247481 ], [ 124.995111, 10.4250297 ], [ 124.9950885, 10.4251734 ], [ 124.9949587, 10.4252888 ], [ 124.9945257, 10.4254657 ], [ 124.9943643, 10.4256571 ], [ 124.9945872, 10.4264863 ], [ 124.9944584, 10.4272249 ], [ 124.9947446, 10.4284718 ], [ 124.994773, 10.4286388 ], [ 124.9949424, 10.4287534 ] ] } },
{ "type": "Feature", "properties": { "u": 2525825471, "v": 11137495494, "key": 0, "osmid": "399624921", "highway": "tertiary", "oneway": false, "reversed": "False", "length": 670.35661803176436, "lanes": "2", "name": "Diversion Road", "ref": "692", "bridge": null, "maxspeed": null, "access": null }, "geometry": { "type": "LineString", "coordinates": [ [ 124.996544, 10.4194763 ], [ 125.0015948, 10.4214955 ], [ 125.0020066, 10.4216508 ], [ 125.0021416, 10.4216823 ], [ 125.002239, 10.4216915 ] ] } },
{ "type": "Feature", "properties": { "u": 2525825471, "v": 1769455568, "key": 0, "osmid": [ 399624921, 399624922, 245676057 ], "highway": "tertiary", "oneway": false, "reversed": "True", "length": 544.05751401627435, "lanes": "2", "name": "Diversion Road", "ref": "692", "bridge": "yes", "maxspeed": null, "access": null }, "geometry": { "type": "LineString", "coordinates": [ [ 124.996544, 10.4194763 ], [ 124.9961945, 10.4193137 ], [ 124.9959719, 10.4192293 ], [ 124.9957949, 10.419195 ], [ 124.9956286, 10.419199 ], [ 124.9954475, 10.4192359 ], [ 124.9950526, 10.4194436 ], [ 124.9946353, 10.4196428 ], [ 124.994434, 10.4197413 ], [ 124.9938349, 10.4199229 ], [ 124.9934488, 10.4200395 ], [ 124.993332, 10.4200701 ], [ 124.9931952, 10.4200814 ], [ 124.9930812, 10.4200761 ], [ 124.9929839, 10.4200471 ], [ 124.9927558, 10.4199582 ], [ 124.9925005, 10.4196336 ], [ 124.9922888, 10.4194423 ], [ 124.9922171, 10.4193131 ], [ 124.9921908, 10.419242 ] ] } },
{ "type": "Feature", "properties": { "u": 2525826741, "v": 1641042144, "key": 0, "osmid": "245676046", "highway": "residential", "oneway": false, "reversed": "True", "length": 675.76112019499374, "lanes": null, "name": "Pandan Barangay Road", "ref": null, "bridge": null, "maxspeed": null, "access": null }, "geometry": { "type": "LineString", "coordinates": [ [ 124.979174, 10.4037548 ], [ 124.9794669, 10.4031134 ], [ 124.9797848, 10.4024895 ], [ 124.9800391, 10.4019586 ], [ 124.980137, 10.4015568 ], [ 124.980355, 10.4004845 ], [ 124.9806381, 10.3999138 ], [ 124.9807184, 10.3997518 ], [ 124.9809711, 10.3990074 ], [ 124.9811549, 10.3985362 ], [ 124.98138, 10.3981126 ] ] } },
{ "type": "Feature", "properties": { "u": 2525826743, "v": 2525826745, "key": 0, "osmid": "917267264", "highway": "primary", "oneway": false, "reversed": "True", "length": 63.837082032893377, "lanes": "2", "name": "Mahaplag-Liloan-Sogod Road", "ref": "692", "bridge": null, "maxspeed": null, "access": null }, "geometry": { "type": "LineString", "coordinates": [ [ 124.9846613, 10.3948582 ], [ 124.9846767, 10.3942843 ] ] } },
{ "type": "Feature", "properties": { "u": 2525826743, "v": 8323133490, "key": 0, "osmid": "895403766", "highway": "residential", "oneway": false, "reversed": "False", "length": 61.603147482574855, "lanes": null, "name": null, "ref": null, "bridge": null, "maxspeed": null, "access": null }, "geometry": { "type": "LineString", "coordinates": [ [ 124.9846613, 10.3948582 ], [ 124.9850607, 10.3948481 ], [ 124.9850674, 10.395009 ] ] } },
{ "type": "Feature", "properties": { "u": 2525826743, "v": 504407121, "key": 0, "osmid": "917267264", "highway": "primary", "oneway": false, "reversed": "False", "length": 119.82125740591457, "lanes": "2", "name": "Mahaplag-Liloan-Sogod Road", "ref": "692", "bridge": null, "maxspeed": null, "access": null }, "geometry": { "type": "LineString", "coordinates": [ [ 124.9846613, 10.3948582 ], [ 124.9846442, 10.3950612 ], [ 124.984653, 10.3953327 ], [ 124.9846716, 10.3954655 ], [ 124.9847617, 10.3957187 ], [ 124.9848352, 10.3959051 ] ] } },
{ "type": "Feature", "properties": { "u": 2525826745, "v": 2525826743, "key": 0, "osmid": "917267264", "highway": "primary", "oneway": false, "reversed": "False", "length": 63.837082032893377, "lanes": "2", "name": "Mahaplag-Liloan-Sogod Road", "ref": "692", "bridge": null, "maxspeed": null, "access": null }, "geometry": { "type": "LineString", "coordinates": [ [ 124.9846767, 10.3942843 ], [ 124.9846613, 10.3948582 ] ] } },
{ "type": "Feature", "properties": { "u": 2525826745, "v": 8305686884, "key": 0, "osmid": "245374749", "highway": "residential", "oneway": false, "reversed": "False", "length": 335.84813983514016, "lanes": null, "name": "Pandan Road", "ref": null, "bridge": null, "maxspeed": null, "access": null }, "geometry": { "type": "LineString", "coordinates": [ [ 124.9846767, 10.3942843 ], [ 124.9844424, 10.3945157 ], [ 124.9840769, 10.3949145 ], [ 124.9837349, 10.3953396 ], [ 124.9835805, 10.395522 ], [ 124.983404, 10.395739 ], [ 124.9832496, 10.3959018 ], [ 124.9829738, 10.3964334 ], [ 124.9827809, 10.3966394 ] ] } },
{ "type": "Feature", "properties": { "u": 2525826745, "v": 2528253771, "key": 0, "osmid": [ 245672648, 277530192, 1409653877 ], "highway": "primary", "oneway": false, "reversed": "True", "length": 280.48267209420607, "lanes": "2", "name": "Rizal Street", "ref": "692", "bridge": "cantilever", "maxspeed": null, "access": null }, "geometry": { "type": "LineString", "coordinates": [ [ 124.9846767, 10.3942843 ], [ 124.9847301, 10.3938744 ], [ 124.9847993, 10.3931614 ], [ 124.9848957, 10.3921324 ], [ 124.9849247, 10.3919037 ], [ 124.9849266, 10.3917746 ] ] } },
{ "type": "Feature", "properties": { "u": 2526222738, "v": 4998782114, "key": 0, "osmid": "510888680", "highway": "unclassified", "oneway": false, "reversed": "False", "length": 1311.3087815337863, "lanes": null, "name": null, "ref": null, "bridge": null, "maxspeed": null, "access": null }, "geometry": { "type": "LineString", "coordinates": [ [ 125.0039707, 10.4947805 ], [ 125.0042217, 10.4950377 ], [ 125.0043149, 10.4951332 ], [ 125.0045322, 10.4953323 ], [ 125.0050324, 10.4958769 ], [ 125.0051263, 10.4959561 ], [ 125.0052685, 10.4959851 ], [ 125.0054213, 10.4959904 ], [ 125.0055447, 10.495993 ], [ 125.0056145, 10.4960062 ], [ 125.0060034, 10.4961539 ], [ 125.0060919, 10.4961908 ], [ 125.0062099, 10.4962013 ], [ 125.0065854, 10.4962383 ], [ 125.0067356, 10.4962646 ], [ 125.0068147, 10.4962765 ], [ 125.0071245, 10.4962594 ], [ 125.0074249, 10.4962541 ], [ 125.00761, 10.4962488 ], [ 125.0077119, 10.496233 ], [ 125.0077904, 10.496142 ], [ 125.0078488, 10.496053 ], [ 125.0080056, 10.4957755 ], [ 125.0081961, 10.4955539 ], [ 125.0082638, 10.4954609 ], [ 125.0083087, 10.4953456 ], [ 125.0083188, 10.4951497 ], [ 125.0083657, 10.4949703 ], [ 125.0085126, 10.4948748 ], [ 125.0087392, 10.4948326 ], [ 125.0089216, 10.4947851 ], [ 125.0091094, 10.4947851 ], [ 125.0094044, 10.49488 ], [ 125.009501, 10.4950119 ], [ 125.0095707, 10.4952071 ], [ 125.0096404, 10.4953495 ], [ 125.0097115, 10.4953508 ], [ 125.009796, 10.4952915 ], [ 125.0098979, 10.4951754 ], [ 125.009965, 10.4951187 ], [ 125.0100951, 10.4950053 ], [ 125.010189, 10.4949512 ], [ 125.0102694, 10.4949209 ], [ 125.0104344, 10.4949051 ], [ 125.010602, 10.4949051 ], [ 125.0107214, 10.4949407 ], [ 125.0107884, 10.4949974 ], [ 125.0108542, 10.4950422 ], [ 125.0109413, 10.4950937 ], [ 125.0109909, 10.4951095 ], [ 125.011062, 10.4951121 ], [ 125.0111304, 10.4950937 ], [ 125.0112082, 10.4950567 ], [ 125.0119632, 10.4945952 ], [ 125.0123522, 10.4944159 ], [ 125.0125533, 10.4943156 ], [ 125.0127491, 10.4942576 ], [ 125.0127959, 10.4941963 ], [ 125.0128055, 10.4941838 ], [ 125.0128189, 10.4940572 ], [ 125.012776, 10.4939543 ], [ 125.0127009, 10.4937143 ], [ 125.0127223, 10.4936088 ], [ 125.0127867, 10.4935297 ], [ 125.012894, 10.4934796 ], [ 125.0130147, 10.4934796 ] ] } },
{ "type": "Feature", "properties": { "u": 2526222738, "v": 11954901961, "key": 0, "osmid": "1215696347", "highway": "unclassified", "oneway": false, "reversed": "False", "length": 1019.7886016960865, "lanes": null, "name": null, "ref": null, "bridge": null, "maxspeed": null, "access": null }, "geometry": { "type": "LineString", "coordinates": [ [ 125.0039707, 10.4947805 ], [ 125.0039281, 10.4946151 ], [ 125.0038699, 10.4941577 ], [ 125.0036146, 10.4937287 ], [ 125.0034698, 10.4933833 ], [ 125.0035025, 10.4929527 ], [ 125.0035865, 10.492697 ], [ 125.00357, 10.4925082 ], [ 125.0035272, 10.4923093 ], [ 125.0034566, 10.4920979 ], [ 125.0034231, 10.4917508 ], [ 125.0033936, 10.4915596 ], [ 125.0033523, 10.4912306 ], [ 125.0033011, 10.4909002 ], [ 125.0033674, 10.4908001 ], [ 125.0034804, 10.490609 ], [ 125.0034915, 10.4904941 ], [ 125.0034848, 10.4903464 ], [ 125.0033668, 10.4902541 ], [ 125.0031361, 10.4901908 ], [ 125.0029256, 10.4900668 ], [ 125.0027807, 10.4898413 ], [ 125.0026265, 10.4895591 ], [ 125.0023985, 10.4890198 ], [ 125.0021035, 10.4883037 ], [ 125.0020016, 10.4881007 ], [ 125.0017682, 10.4877156 ], [ 125.0016835, 10.4875847 ], [ 125.0015646, 10.4875379 ], [ 125.0006831, 10.4870059 ] ] } },
{ "type": "Feature", "properties": { "u": 2526222738, "v": 4852850463, "key": 0, "osmid": [ 493366027, 1215696347, 245414500 ], "highway": "unclassified", "oneway": false, "reversed": "True", "length": 3860.9435028961939, "lanes": null, "name": null, "ref": null, "bridge": null, "maxspeed": null, "access": null }, "geometry": { "type": "LineString", "coordinates": [ [ 125.0039707, 10.4947805 ], [ 125.0039529, 10.4949286 ], [ 125.0039221, 10.4950738 ], [ 125.0037384, 10.4958553 ], [ 125.0036682, 10.4960654 ], [ 125.0034291, 10.4962994 ], [ 125.003115, 10.4964576 ], [ 125.0025267, 10.4968408 ], [ 125.0023021, 10.4969915 ], [ 125.0020938, 10.4971245 ], [ 125.0019141, 10.4971936 ], [ 125.0017652, 10.497316 ], [ 125.0016768, 10.4974227 ], [ 125.0015658, 10.4975917 ], [ 125.0015215, 10.4976762 ], [ 125.0014739, 10.497777 ], [ 125.0014456, 10.4978837 ], [ 125.0014246, 10.4979556 ], [ 125.0014544, 10.4980394 ], [ 125.0015339, 10.4980668 ], [ 125.0016757, 10.4980363 ], [ 125.0019086, 10.4980364 ], [ 125.0022204, 10.4981394 ], [ 125.0024771, 10.4981726 ], [ 125.0028726, 10.4981589 ], [ 125.0030457, 10.4981759 ], [ 125.0033379, 10.4982584 ], [ 125.0036343, 10.4982793 ], [ 125.0041161, 10.4985575 ], [ 125.0041964, 10.4988166 ], [ 125.004142, 10.4991344 ], [ 125.0040616, 10.4992539 ], [ 125.0039184, 10.4993134 ], [ 125.0037654, 10.4994307 ], [ 125.0036721, 10.4996214 ], [ 125.0035865, 10.4997038 ], [ 125.0035123, 10.4997188 ], [ 125.0033613, 10.4996911 ], [ 125.0031172, 10.499694 ], [ 125.0027384, 10.4997954 ], [ 125.0021466, 10.4998884 ], [ 125.0020131, 10.4999756 ], [ 125.001997, 10.5000773 ], [ 125.0020351, 10.5001863 ], [ 125.0021127, 10.5002685 ], [ 125.0023094, 10.500359 ], [ 125.0027426, 10.5004846 ], [ 125.0028987, 10.5004572 ], [ 125.0031146, 10.5005615 ], [ 125.0034245, 10.5006256 ], [ 125.0042498, 10.5006272 ], [ 125.0046167, 10.5007995 ], [ 125.0048957, 10.5010606 ], [ 125.0049949, 10.5012082 ], [ 125.0050781, 10.5013375 ], [ 125.0051532, 10.501414 ], [ 125.0052363, 10.5014614 ], [ 125.0053463, 10.5014773 ], [ 125.0055796, 10.5015537 ], [ 125.0058291, 10.5016276 ], [ 125.0059873, 10.5017067 ], [ 125.0060544, 10.5018016 ], [ 125.0060665, 10.5020021 ], [ 125.0060423, 10.5021893 ], [ 125.0059525, 10.5023476 ], [ 125.0057996, 10.5025453 ], [ 125.0056413, 10.5027563 ], [ 125.0056091, 10.5029238 ], [ 125.0056547, 10.5030379 ], [ 125.0057144, 10.5032917 ], [ 125.0056923, 10.5034895 ], [ 125.005707, 10.5036121 ], [ 125.0057164, 10.5037466 ], [ 125.0058291, 10.5039444 ], [ 125.0059256, 10.5040249 ], [ 125.0060141, 10.5041145 ], [ 125.0063125, 10.5043915 ], [ 125.0066137, 10.5046855 ], [ 125.006792, 10.5047738 ], [ 125.0069381, 10.5048121 ], [ 125.0071205, 10.5048793 ], [ 125.0072238, 10.5049097 ], [ 125.007382, 10.5049941 ], [ 125.0075242, 10.5050864 ], [ 125.0076449, 10.5051892 ], [ 125.0078313, 10.5051892 ], [ 125.0080901, 10.5050758 ], [ 125.0083932, 10.5050072 ], [ 125.008589, 10.5050231 ], [ 125.008927, 10.5050336 ], [ 125.0092006, 10.5051549 ], [ 125.0092448, 10.5053422 ], [ 125.0092489, 10.5056666 ], [ 125.0092649, 10.5062019 ], [ 125.0093588, 10.5064604 ], [ 125.0094607, 10.506587 ], [ 125.0095613, 10.506736 ], [ 125.0095949, 10.5068982 ], [ 125.0095882, 10.5070247 ], [ 125.0095238, 10.5070946 ], [ 125.0093897, 10.5071566 ], [ 125.0092596, 10.5072067 ], [ 125.0089243, 10.5071909 ], [ 125.0088304, 10.5073082 ], [ 125.0088318, 10.5074203 ], [ 125.0088157, 10.507506 ], [ 125.0088103, 10.5076405 ], [ 125.0089109, 10.5077157 ], [ 125.0090645, 10.5077289 ], [ 125.0091979, 10.5078054 ], [ 125.0092542, 10.5078713 ], [ 125.0092261, 10.5079675 ], [ 125.0091657, 10.508077 ], [ 125.0089712, 10.5081508 ], [ 125.0086762, 10.5083275 ], [ 125.0085153, 10.5084765 ], [ 125.0084308, 10.5085504 ], [ 125.0083637, 10.5086203 ], [ 125.0083047, 10.5086704 ], [ 125.0082135, 10.5086809 ], [ 125.008062, 10.5086691 ], [ 125.0079708, 10.5086981 ], [ 125.0078554, 10.5087956 ], [ 125.0077213, 10.5090857 ], [ 125.0075296, 10.5093811 ], [ 125.0071608, 10.5097173 ], [ 125.0069824, 10.5098321 ], [ 125.0068349, 10.5099494 ], [ 125.0067517, 10.5100997 ], [ 125.0067544, 10.5101934 ], [ 125.0067021, 10.5103094 ], [ 125.0064889, 10.5105085 ], [ 125.0063608, 10.5106358 ], [ 125.0062595, 10.5107023 ], [ 125.0060315, 10.5108606 ], [ 125.0059149, 10.5110781 ], [ 125.005825, 10.5113458 ], [ 125.0057875, 10.5115423 ], [ 125.0057419, 10.5116306 ], [ 125.0056601, 10.5116952 ], [ 125.0055568, 10.511719 ], [ 125.0054441, 10.5117177 ], [ 125.0051323, 10.5118119 ], [ 125.0048339, 10.5118416 ], [ 125.004681, 10.5118917 ], [ 125.0045496, 10.5119972 ], [ 125.0044497, 10.512104 ], [ 125.0043934, 10.5121943 ], [ 125.0043464, 10.512344 ], [ 125.004333, 10.5125537 ], [ 125.0044048, 10.5129222 ], [ 125.0044645, 10.5133013 ], [ 125.004496, 10.5136995 ], [ 125.0044289, 10.514016 ], [ 125.0043377, 10.5144775 ], [ 125.0041889, 10.5149561 ], [ 125.0041714, 10.5151816 ], [ 125.0041633, 10.5153134 ] ] } },
{ "type": "Feature", "properties": { "u": 2526222896, "v": 4077513370, "key": 0, "osmid": [ 902875616, 405577773 ], "highway": "residential", "oneway": false, "reversed": "True", "length": 129.47004461939079, "lanes": null, "name": null, "ref": null, "bridge": null, "maxspeed": null, "access": null }, "geometry": { "type": "LineString", "coordinates": [ [ 124.9728265, 10.5144175 ], [ 124.9725502, 10.514581 ], [ 124.9725052, 10.5145296 ], [ 124.9723732, 10.5143364 ], [ 124.9722269, 10.5140813 ], [ 124.9721285, 10.5138466 ] ] } },
{ "type": "Feature", "properties": { "u": 2526222896, "v": 4077513370, "key": 1, "osmid": [ 902875618, 978016687 ], "highway": "residential", "oneway": false, "reversed": "True", "length": 107.41851130271418, "lanes": null, "name": null, "ref": null, "bridge": null, "maxspeed": null, "access": null }, "geometry": { "type": "LineString", "coordinates": [ [ 124.9728265, 10.5144175 ], [ 124.9727357, 10.5143009 ], [ 124.9726049, 10.5141403 ], [ 124.9723998, 10.5139198 ], [ 124.9723288, 10.5138575 ], [ 124.9722719, 10.5138078 ], [ 124.9721285, 10.5138466 ] ] } },
{ "type": "Feature", "properties": { "u": 2526222896, "v": 9049584986, "key": 0, "osmid": [ 902875618, 245414498 ], "highway": [ "unclassified", "residential" ], "oneway": false, "reversed": "False", "length": 210.39051030126041, "lanes": null, "name": null, "ref": null, "bridge": null, "maxspeed": null, "access": null }, "geometry": { "type": "LineString", "coordinates": [ [ 124.9728265, 10.5144175 ], [ 124.9732003, 10.5149166 ], [ 124.9733161, 10.5150727 ], [ 124.9733359, 10.5152288 ], [ 124.973321, 10.5153003 ], [ 124.9731497, 10.5156137 ], [ 124.973013, 10.5159763 ], [ 124.972981, 10.5160778 ] ] } },
{ "type": "Feature", "properties": { "u": 2526223060, "v": 3831527908, "key": 0, "osmid": "908384545", "highway": "residential", "oneway": false, "reversed": "True", "length": 62.497639859662314, "lanes": null, "name": null, "ref": null, "bridge": null, "maxspeed": null, "access": null }, "geometry": { "type": "LineString", "coordinates": [ [ 124.9676208, 10.5255385 ], [ 124.9681816, 10.5256476 ] ] } },
{ "type": "Feature", "properties": { "u": 2526223060, "v": 3831527908, "key": 1, "osmid": [ 379809137, 245414501, 379810223 ], "highway": "residential", "oneway": false, "reversed": [ false, true ], "length": 183.9176225063087, "lanes": null, "name": null, "ref": null, "bridge": null, "maxspeed": null, "access": null }, "geometry": { "type": "LineString", "coordinates": [ [ 124.9676208, 10.5255385 ], [ 124.9676879, 10.525396 ], [ 124.9677435, 10.5252731 ], [ 124.9678679, 10.5250376 ], [ 124.9680007, 10.5251059 ], [ 124.9684327, 10.5252755 ], [ 124.9684676, 10.525295 ], [ 124.9682791, 10.5254966 ], [ 124.9682082, 10.5255983 ], [ 124.9681816, 10.5256476 ] ] } },
{ "type": "Feature", "properties": { "u": 2526223060, "v": 2526223162, "key": 0, "osmid": "245414501", "highway": "residential", "oneway": false, "reversed": "True", "length": 111.14091515578141, "lanes": null, "name": null, "ref": null, "bridge": null, "maxspeed": null, "access": null }, "geometry": { "type": "LineString", "coordinates": [ [ 124.9676208, 10.5255385 ], [ 124.967547, 10.5260458 ], [ 124.9675355, 10.5263133 ], [ 124.9675678, 10.5265303 ] ] } },
{ "type": "Feature", "properties": { "u": 2526223162, "v": 2526223263, "key": 0, "osmid": [ 180523521, 180523522, 180523523 ], "highway": "trunk", "oneway": false, "reversed": "False", "length": 784.07314014407063, "lanes": "2", "name": "Maharlika Highway", "ref": "1", "bridge": "yes", "maxspeed": null, "access": null }, "geometry": { "type": "LineString", "coordinates": [ [ 124.9675678, 10.5265303 ], [ 124.9673641, 10.5265883 ], [ 124.9670466, 10.5266262 ], [ 124.9667097, 10.5266239 ], [ 124.9656175, 10.5266404 ], [ 124.9653358, 10.5266532 ], [ 124.9651646, 10.5266644 ], [ 124.9649919, 10.5267239 ], [ 124.9649871, 10.5267255 ], [ 124.964772, 10.5268205 ], [ 124.9646141, 10.5269881 ], [ 124.9645194, 10.5271802 ], [ 124.9644661, 10.5273191 ], [ 124.9644439, 10.5274509 ], [ 124.964435, 10.5275782 ], [ 124.9644837, 10.5278419 ], [ 124.9645946, 10.5280959 ], [ 124.9648477, 10.528446 ], [ 124.9658701, 10.5297754 ], [ 124.9660255, 10.5300675 ], [ 124.966091, 10.5302823 ], [ 124.9661136, 10.5304956 ] ] } },
{ "type": "Feature", "properties": { "u": 2526223162, "v": 3985873659, "key": 0, "osmid": "180523523", "highway": "trunk", "oneway": false, "reversed": "True", "length": 121.92409501676613, "lanes": "2", "name": "Maharlika Highway", "ref": "1", "bridge": null, "maxspeed": null, "access": null }, "geometry": { "type": "LineString", "coordinates": [ [ 124.9675678, 10.5265303 ], [ 124.9675847, 10.5265255 ], [ 124.9678096, 10.5264221 ], [ 124.9680112, 10.5262967 ], [ 124.9685064, 10.5259451 ] ] } },
{ "type": "Feature", "properties": { "u": 2526223162, "v": 2526223060, "key": 0, "osmid": "245414501", "highway": "residential", "oneway": false, "reversed": "False", "length": 111.14091515578141, "lanes": null, "name": null, "ref": null, "bridge": null, "maxspeed": null, "access": null }, "geometry": { "type": "LineString", "coordinates": [ [ 124.9675678, 10.5265303 ], [ 124.9675355, 10.5263133 ], [ 124.967547, 10.5260458 ], [ 124.9676208, 10.5255385 ] ] } },
{ "type": "Feature", "properties": { "u": 2526223245, "v": 4077514930, "key": 0, "osmid": "405577774", "highway": "residential", "oneway": false, "reversed": "True", "length": 113.12244869072917, "lanes": null, "name": null, "ref": null, "bridge": null, "maxspeed": null, "access": null }, "geometry": { "type": "LineString", "coordinates": [ [ 124.9647434, 10.5301071 ], [ 124.9649905, 10.5300347 ], [ 124.9652548, 10.5299515 ], [ 124.9654178, 10.5299261 ], [ 124.9656107, 10.5299402 ], [ 124.9657386, 10.5299984 ] ] } },
{ "type": "Feature", "properties": { "u": 2526223263, "v": 504809309, "key": 0, "osmid": "180523522", "highway": "trunk", "oneway": false, "reversed": "False", "length": 1352.0190736493807, "lanes": "2", "name": "Maharlika Highway", "ref": "1", "bridge": null, "maxspeed": null, "access": null }, "geometry": { "type": "LineString", "coordinates": [ [ 124.9661136, 10.5304956 ], [ 124.9661356, 10.5305818 ], [ 124.9661429, 10.5306865 ], [ 124.9661306, 10.5308122 ], [ 124.9660854, 10.5310239 ], [ 124.965993, 10.5312727 ], [ 124.9658414, 10.5315593 ], [ 124.9653366, 10.5322422 ], [ 124.9651866, 10.5324639 ], [ 124.9650944, 10.5326739 ], [ 124.9650663, 10.532882 ], [ 124.9651032, 10.5330784 ], [ 124.965199, 10.5333627 ], [ 124.9658477, 10.5346243 ], [ 124.965948, 10.5349445 ], [ 124.9659874, 10.5351078 ], [ 124.9660152, 10.53533 ], [ 124.9659419, 10.5356402 ], [ 124.9657231, 10.5364931 ], [ 124.965563, 10.5372064 ], [ 124.9655417, 10.5375055 ], [ 124.9655482, 10.5376616 ], [ 124.9656061, 10.537986 ], [ 124.9657105, 10.5383071 ], [ 124.9658873, 10.5386198 ], [ 124.9660824, 10.5388762 ], [ 124.9666631, 10.5394474 ], [ 124.9667644, 10.5395689 ], [ 124.9668337, 10.5396692 ], [ 124.9668703, 10.5398102 ], [ 124.9668992, 10.5399444 ], [ 124.9669072, 10.5400808 ], [ 124.9668975, 10.5402342 ], [ 124.9668487, 10.5403762 ], [ 124.9667757, 10.540514 ], [ 124.9666838, 10.540647 ], [ 124.9664637, 10.5408952 ], [ 124.9662167, 10.5411134 ], [ 124.9659439, 10.5413161 ] ] } },
{ "type": "Feature", "properties": { "u": 2526223263, "v": 2526223162, "key": 0, "osmid": [ 180523521, 180523522, 180523523 ], "highway": "trunk", "oneway": false, "reversed": "True", "length": 784.07314014407063, "lanes": "2", "name": "Maharlika Highway", "ref": "1", "bridge": "yes", "maxspeed": null, "access": null }, "geometry": { "type": "LineString", "coordinates": [ [ 124.9661136, 10.5304956 ], [ 124.966091, 10.5302823 ], [ 124.9660255, 10.5300675 ], [ 124.9658701, 10.5297754 ], [ 124.9648477, 10.528446 ], [ 124.9645946, 10.5280959 ], [ 124.9644837, 10.5278419 ], [ 124.964435, 10.5275782 ], [ 124.9644439, 10.5274509 ], [ 124.9644661, 10.5273191 ], [ 124.9645194, 10.5271802 ], [ 124.9646141, 10.5269881 ], [ 124.964772, 10.5268205 ], [ 124.9649871, 10.5267255 ], [ 124.9649919, 10.5267239 ], [ 124.9651646, 10.5266644 ], [ 124.9653358, 10.5266532 ], [ 124.9656175, 10.5266404 ], [ 124.9667097, 10.5266239 ], [ 124.9670466, 10.5266262 ], [ 124.9673641, 10.5265883 ], [ 124.9675678, 10.5265303 ] ] } },
{ "type": "Feature", "properties": { "u": 2526223263, "v": 4077514930, "key": 0, "osmid": "245414495", "highway": "unclassified", "oneway": false, "reversed": "False", "length": 69.242053543587929, "lanes": null, "name": null, "ref": null, "bridge": null, "maxspeed": null, "access": null }, "geometry": { "type": "LineString", "coordinates": [ [ 124.9661136, 10.5304956 ], [ 124.9658861, 10.5302466 ], [ 124.9657831, 10.530058 ], [ 124.9657386, 10.5299984 ] ] } },
{ "type": "Feature", "properties": { "u": 2526223368, "v": 504809309, "key": 0, "osmid": "245414499", "highway": "residential", "oneway": false, "reversed": "True", "length": 185.89740657066963, "lanes": null, "name": null, "ref": null, "bridge": null, "maxspeed": null, "access": null }, "geometry": { "type": "LineString", "coordinates": [ [ 124.9670981, 10.5425344 ], [ 124.9669838, 10.5423378 ], [ 124.9666204, 10.5419826 ], [ 124.9664465, 10.5418125 ], [ 124.966199, 10.5415678 ], [ 124.9659439, 10.5413161 ] ] } },
{ "type": "Feature", "properties": { "u": 2526223501, "v": 2526223501, "key": 0, "osmid": "245414502", "highway": "residential", "oneway": false, "reversed": "False", "length": 236.28414582128318, "lanes": null, "name": null, "ref": null, "bridge": null, "maxspeed": null, "access": null }, "geometry": { "type": "LineString", "coordinates": [ [ 124.96355, 10.5505003 ], [ 124.9633001, 10.5508259 ], [ 124.9632761, 10.5508969 ], [ 124.9633024, 10.5509795 ], [ 124.963634, 10.551301 ], [ 124.963974, 10.5509443 ], [ 124.96355, 10.5505003 ] ] } },
{ "type": "Feature", "properties": { "u": 2526223501, "v": 2526223501, "key": 1, "osmid": "245414502", "highway": "residential", "oneway": false, "reversed": "True", "length": 236.28414582128318, "lanes": null, "name": null, "ref": null, "bridge": null, "maxspeed": null, "access": null }, "geometry": { "type": "LineString", "coordinates": [ [ 124.96355, 10.5505003 ], [ 124.963974, 10.5509443 ], [ 124.963634, 10.551301 ], [ 124.9633024, 10.5509795 ], [ 124.9632761, 10.5508969 ], [ 124.9633001, 10.5508259 ], [ 124.96355, 10.5505003 ] ] } },
{ "type": "Feature", "properties": { "u": 2526223501, "v": 3985402644, "key": 0, "osmid": [ 245372897, 895532572 ], "highway": "residential", "oneway": false, "reversed": "True", "length": 638.8679403472986, "lanes": null, "name": null, "ref": null, "bridge": null, "maxspeed": null, "access": null }, "geometry": { "type": "LineString", "coordinates": [ [ 124.96355, 10.5505003 ], [ 124.9636687, 10.5503341 ], [ 124.9632862, 10.5499417 ], [ 124.9631258, 10.5497624 ], [ 124.9630165, 10.5495448 ], [ 124.9629283, 10.5494572 ], [ 124.9627072, 10.5493402 ], [ 124.9624659, 10.5492704 ], [ 124.9621741, 10.5492033 ], [ 124.9618515, 10.5492097 ], [ 124.9615552, 10.5492653 ], [ 124.9614583, 10.5492355 ], [ 124.96135, 10.5491759 ], [ 124.9613195, 10.5490914 ], [ 124.9613363, 10.5489909 ], [ 124.9615153, 10.5487436 ], [ 124.9615535, 10.5486427 ], [ 124.9615929, 10.5485478 ], [ 124.9619025, 10.5480376 ], [ 124.9619099, 10.5478969 ], [ 124.9617887, 10.547747 ], [ 124.9614724, 10.547567 ], [ 124.9613488, 10.5475691 ], [ 124.9612726, 10.5475346 ], [ 124.9611181, 10.5474617 ], [ 124.9610048, 10.5473726 ], [ 124.9608415, 10.5471633 ] ] } },
{ "type": "Feature", "properties": { "u": 2526233649, "v": 2526233681, "key": 0, "osmid": "245416000", "highway": "tertiary", "oneway": false, "reversed": "False", "length": 121.13463138553448, "lanes": null, "name": null, "ref": null, "bridge": null, "maxspeed": null, "access": null }, "geometry": { "type": "LineString", "coordinates": [ [ 124.9405658, 10.3798579 ], [ 124.940717, 10.3799977 ], [ 124.9410014, 10.3801911 ], [ 124.9412524, 10.3804054 ], [ 124.9413381, 10.380463 ], [ 124.9414334, 10.3805316 ] ] } },
{ "type": "Feature", "properties": { "u": 2526233649, "v": 4028234051, "key": 0, "osmid": [ 245416000, 245415987, 151270532 ], "highway": "tertiary", "oneway": false, "reversed": "True", "length": 3103.7164055950543, "lanes": null, "name": null, "ref": null, "bridge": "yes", "maxspeed": null, "access": null }, "geometry": { "type": "LineString", "coordinates": [ [ 124.9405658, 10.3798579 ], [ 124.9405733, 10.3796094 ], [ 124.9411496, 10.3790337 ], [ 124.9412928, 10.3789108 ], [ 124.9414611, 10.3787332 ], [ 124.9418151, 10.3785308 ], [ 124.9418523, 10.378516 ], [ 124.9423021, 10.3783374 ], [ 124.9428193, 10.3781292 ], [ 124.9430008, 10.3780339 ], [ 124.9430553, 10.3778465 ], [ 124.9429161, 10.3775936 ], [ 124.9425289, 10.3773793 ], [ 124.9424471, 10.3772852 ], [ 124.9424283, 10.376834 ], [ 124.9423438, 10.3765016 ], [ 124.9422218, 10.3761969 ], [ 124.941917, 10.3756679 ], [ 124.9412666, 10.3746616 ], [ 124.9410455, 10.3742211 ], [ 124.9408885, 10.373877 ], [ 124.9407212, 10.3734176 ], [ 124.9407469, 10.3730641 ], [ 124.940768, 10.3727103 ], [ 124.9409388, 10.3723377 ], [ 124.9412099, 10.3719937 ], [ 124.9412991, 10.3718805 ], [ 124.941385, 10.3718056 ], [ 124.941795, 10.3714482 ], [ 124.9421758, 10.3711409 ], [ 124.9426546, 10.3709241 ], [ 124.9430627, 10.3707761 ], [ 124.9434387, 10.3706827 ], [ 124.9435986, 10.3705835 ], [ 124.9436339, 10.3704204 ], [ 124.9437094, 10.3699956 ], [ 124.943784, 10.3695914 ], [ 124.9438369, 10.3693092 ], [ 124.9437262, 10.3689945 ], [ 124.94372, 10.3687256 ], [ 124.9436781, 10.3683185 ], [ 124.943573, 10.3680855 ], [ 124.9434254, 10.3678618 ], [ 124.9431451, 10.367857 ], [ 124.9428816, 10.3679131 ], [ 124.9424853, 10.3678248 ], [ 124.9423767, 10.3675811 ], [ 124.9422941, 10.3673686 ], [ 124.9421188, 10.3671978 ], [ 124.941955, 10.3671428 ], [ 124.9417742, 10.3671652 ], [ 124.9416225, 10.3671162 ], [ 124.9415083, 10.3669938 ], [ 124.9412345, 10.366407 ], [ 124.940716, 10.3657926 ], [ 124.9404774, 10.3654476 ], [ 124.9404393, 10.3650989 ], [ 124.9404411, 10.3647283 ], [ 124.940534, 10.3646324 ], [ 124.9409051, 10.3642062 ], [ 124.9410376, 10.3640603 ], [ 124.9410506, 10.3638611 ], [ 124.9409705, 10.3635906 ], [ 124.9408673, 10.3633175 ], [ 124.9409303, 10.3630563 ], [ 124.9410403, 10.3628571 ], [ 124.9410926, 10.3627067 ], [ 124.9411006, 10.36253 ], [ 124.9410149, 10.3622945 ], [ 124.9406889, 10.3615671 ], [ 124.9405588, 10.3613611 ], [ 124.9405293, 10.3612543 ], [ 124.9405544, 10.3611342 ], [ 124.9408284, 10.3607793 ], [ 124.9413052, 10.3600583 ], [ 124.9415939, 10.3597834 ], [ 124.9418309, 10.359466 ], [ 124.9420166, 10.3592464 ], [ 124.9423126, 10.3591059 ], [ 124.9426631, 10.3588951 ], [ 124.9428608, 10.3588337 ] ] } },
{ "type": "Feature", "properties": { "u": 2526233649, "v": 2526233799, "key": 0, "osmid": "245416003", "highway": "residential", "oneway": false, "reversed": "False", "length": 207.70701846767457, "lanes": null, "name": null, "ref": null, "bridge": null, "maxspeed": null, "access": null }, "geometry": { "type": "LineString", "coordinates": [ [ 124.9405658, 10.3798579 ], [ 124.9404461, 10.3799896 ], [ 124.9402421, 10.3804114 ], [ 124.9400967, 10.3810048 ], [ 124.9397972, 10.3814802 ], [ 124.9397744, 10.3815299 ] ] } },
{ "type": "Feature", "properties": { "u": 2526233681, "v": 4029141228, "key": 0, "osmid": "400340418", "highway": "residential", "oneway": false, "reversed": "True", "length": 39.024652796987731, "lanes": null, "name": null, "ref": null, "bridge": null, "maxspeed": null, "access": null }, "geometry": { "type": "LineString", "coordinates": [ [ 124.9414334, 10.3805316 ], [ 124.9411015, 10.3806604 ] ] } },
{ "type": "Feature", "properties": { "u": 2526233681, "v": 2526234260, "key": 0, "osmid": "245416000", "highway": "tertiary", "oneway": false, "reversed": "False", "length": 1527.9196511327407, "lanes": null, "name": null, "ref": null, "bridge": null, "maxspeed": null, "access": null }, "geometry": { "type": "LineString", "coordinates": [ [ 124.9414334, 10.3805316 ], [ 124.9418093, 10.3803738 ], [ 124.9420964, 10.3803964 ], [ 124.9423535, 10.3805898 ], [ 124.9425078, 10.3807654 ], [ 124.9426953, 10.381173 ], [ 124.942904, 10.3816223 ], [ 124.9431188, 10.3820984 ], [ 124.9433457, 10.3825982 ], [ 124.9432973, 10.3830743 ], [ 124.9433124, 10.3834254 ], [ 124.9436311, 10.3839633 ], [ 124.9436693, 10.3842317 ], [ 124.9436391, 10.3844936 ], [ 124.9438418, 10.3849815 ], [ 124.9439174, 10.3853445 ], [ 124.9439535, 10.3855303 ], [ 124.9440656, 10.3856956 ], [ 124.9442592, 10.3857492 ], [ 124.9444601, 10.385981 ], [ 124.9446827, 10.386295 ], [ 124.9449, 10.3869097 ], [ 124.9450185, 10.3876772 ], [ 124.9449035, 10.3882991 ], [ 124.9449428, 10.3889715 ], [ 124.9445459, 10.3902312 ], [ 124.9446103, 10.3906507 ], [ 124.9446559, 10.390962 ], [ 124.9445969, 10.3914316 ], [ 124.9445781, 10.3916348 ], [ 124.9445345, 10.3917802 ], [ 124.9447223, 10.392068 ], [ 124.9449382, 10.3923791 ] ] } },
{ "type": "Feature", "properties": { "u": 2526233681, "v": 2526233649, "key": 0, "osmid": "245416000", "highway": "tertiary", "oneway": false, "reversed": "True", "length": 121.13463138553449, "lanes": null, "name": null, "ref": null, "bridge": null, "maxspeed": null, "access": null }, "geometry": { "type": "LineString", "coordinates": [ [ 124.9414334, 10.3805316 ], [ 124.9413381, 10.380463 ], [ 124.9412524, 10.3804054 ], [ 124.9410014, 10.3801911 ], [ 124.940717, 10.3799977 ], [ 124.9405658, 10.3798579 ] ] } },
{ "type": "Feature", "properties": { "u": 2526233799, "v": 2526233649, "key": 0, "osmid": "245416003", "highway": "residential", "oneway": false, "reversed": "True", "length": 207.70701846767457, "lanes": null, "name": null, "ref": null, "bridge": null, "maxspeed": null, "access": null }, "geometry": { "type": "LineString", "coordinates": [ [ 124.9397744, 10.3815299 ], [ 124.9397972, 10.3814802 ], [ 124.9400967, 10.3810048 ], [ 124.9402421, 10.3804114 ], [ 124.9404461, 10.3799896 ], [ 124.9405658, 10.3798579 ] ] } },
{ "type": "Feature", "properties": { "u": 2526234024, "v": 2522454692, "key": 0, "osmid": "245415993", "highway": "unclassified", "oneway": false, "reversed": "False", "length": 1607.9705526432251, "lanes": null, "name": null, "ref": null, "bridge": null, "maxspeed": null, "access": null }, "geometry": { "type": "LineString", "coordinates": [ [ 124.9572811, 10.3878173 ], [ 124.9573374, 10.3880837 ], [ 124.9574286, 10.388242 ], [ 124.9575037, 10.3883713 ], [ 124.9576753, 10.3883739 ], [ 124.9577424, 10.3882974 ], [ 124.9579757, 10.3877539 ], [ 124.9581223, 10.3875481 ], [ 124.9584973, 10.3873458 ], [ 124.9585846, 10.3871946 ], [ 124.9588301, 10.3868876 ], [ 124.959113, 10.3867752 ], [ 124.9592793, 10.3866512 ], [ 124.9593919, 10.3864823 ], [ 124.9595448, 10.3859758 ], [ 124.9595931, 10.385799 ], [ 124.9596831, 10.3856677 ], [ 124.9600885, 10.385269 ], [ 124.9604394, 10.3849 ], [ 124.9605507, 10.3847648 ], [ 124.9606511, 10.3847691 ], [ 124.9607089, 10.384807 ], [ 124.9607479, 10.3848941 ], [ 124.9606451, 10.3850428 ], [ 124.9604461, 10.3853426 ], [ 124.9603728, 10.3855189 ], [ 124.9603415, 10.3855853 ], [ 124.9604139, 10.3856644 ], [ 124.9606088, 10.3858045 ], [ 124.9608323, 10.3860285 ], [ 124.9609637, 10.3860892 ], [ 124.9610746, 10.385876 ], [ 124.9612016, 10.3855308 ], [ 124.9613771, 10.3852035 ], [ 124.9615646, 10.3848941 ], [ 124.9620259, 10.3844165 ], [ 124.962571, 10.3841533 ], [ 124.9626106, 10.3841342 ], [ 124.9632999, 10.3835459 ], [ 124.9638757, 10.3833766 ], [ 124.964306, 10.383232 ], [ 124.9645341, 10.3831202 ], [ 124.9648405, 10.3829117 ], [ 124.9650618, 10.3826598 ], [ 124.9651705, 10.3824856 ], [ 124.9653367, 10.3821849 ], [ 124.9654212, 10.3819197 ], [ 124.9654722, 10.3816414 ], [ 124.9654468, 10.3814261 ], [ 124.965362, 10.3812113 ] ] } },
{ "type": "Feature", "properties": { "u": 2526234260, "v": 2522454692, "key": 0, "osmid": [ 244979857, 244979854, 244979855 ], "highway": "unclassified", "oneway": false, "reversed": [ false, true ], "length": 4332.9708885999744, "lanes": null, "name": null, "ref": null, "bridge": "yes", "maxspeed": null, "access": null }, "geometry": { "type": "LineString", "coordinates": [ [ 124.9449382, 10.3923791 ], [ 124.9450014, 10.3922108 ], [ 124.945055, 10.3919839 ], [ 124.9451392, 10.3918239 ], [ 124.9451416, 10.3917207 ], [ 124.9452064, 10.3916346 ], [ 124.9453708, 10.3914769 ], [ 124.9457542, 10.3912642 ], [ 124.9459501, 10.3911519 ], [ 124.9463242, 10.3909475 ], [ 124.9465857, 10.3908367 ], [ 124.9467239, 10.3907509 ], [ 124.9468888, 10.3906243 ], [ 124.9470438, 10.3904022 ], [ 124.9472638, 10.3901965 ], [ 124.9473764, 10.3900909 ], [ 124.9475728, 10.3899556 ], [ 124.947811, 10.3897427 ], [ 124.9479416, 10.3896191 ], [ 124.9480113, 10.3895004 ], [ 124.9481092, 10.3894292 ], [ 124.9483721, 10.3893224 ], [ 124.9485102, 10.3892115 ], [ 124.9485652, 10.3891311 ], [ 124.9485773, 10.3890546 ], [ 124.9485719, 10.3889952 ], [ 124.9485223, 10.3889583 ], [ 124.9483989, 10.3889081 ], [ 124.9482447, 10.3888593 ], [ 124.9481642, 10.3887564 ], [ 124.9480864, 10.3886549 ], [ 124.9480046, 10.3885414 ], [ 124.9479148, 10.3884306 ], [ 124.9477847, 10.3882881 ], [ 124.9476787, 10.388176 ], [ 124.9475535, 10.3881228 ], [ 124.9475004, 10.3880441 ], [ 124.9474856, 10.3879742 ], [ 124.9475419, 10.3879465 ], [ 124.9476425, 10.387932 ], [ 124.9477659, 10.3879453 ], [ 124.9478987, 10.3879412 ], [ 124.9480234, 10.3878871 ], [ 124.9481347, 10.3877869 ], [ 124.94836, 10.3875798 ], [ 124.948533, 10.3874901 ], [ 124.9486309, 10.3875191 ], [ 124.9486966, 10.3876128 ], [ 124.9487597, 10.387771 ], [ 124.9488173, 10.387845 ], [ 124.9488991, 10.3878753 ], [ 124.9489796, 10.3878805 ], [ 124.9490547, 10.387833 ], [ 124.9491446, 10.3877447 ], [ 124.9493135, 10.3876167 ], [ 124.9494705, 10.3874637 ], [ 124.9495683, 10.3873068 ], [ 124.9496971, 10.3871485 ], [ 124.9498312, 10.3870905 ], [ 124.950019, 10.3871274 ], [ 124.9501799, 10.3872157 ], [ 124.9502899, 10.3873423 ], [ 124.9503556, 10.3874254 ], [ 124.9504226, 10.3874399 ], [ 124.9504663, 10.3874263 ], [ 124.9505997, 10.3872711 ], [ 124.9507391, 10.387097 ], [ 124.9508089, 10.386998 ], [ 124.9509738, 10.3868886 ], [ 124.9511146, 10.3868424 ], [ 124.9513198, 10.3869004 ], [ 124.9514459, 10.3869664 ], [ 124.9515076, 10.3869816 ], [ 124.9515445, 10.3869591 ], [ 124.95158, 10.3868371 ], [ 124.951631, 10.3866788 ], [ 124.9516497, 10.3865337 ], [ 124.9517195, 10.386386 ], [ 124.9518589, 10.3862832 ], [ 124.9520333, 10.3861881 ], [ 124.9520333, 10.3859955 ], [ 124.9519957, 10.3858029 ], [ 124.9518724, 10.3856367 ], [ 124.9516792, 10.3854336 ], [ 124.9516095, 10.385365 ], [ 124.951639, 10.38527 ], [ 124.9517088, 10.3851565 ], [ 124.9517544, 10.3850721 ], [ 124.9517839, 10.3849719 ], [ 124.9518268, 10.384803 ], [ 124.951808, 10.3846368 ], [ 124.9517758, 10.3844732 ], [ 124.9517436, 10.38403 ], [ 124.951639, 10.3836184 ], [ 124.9514641, 10.3833212 ], [ 124.9511884, 10.3828587 ], [ 124.9510382, 10.382674 ], [ 124.9508987, 10.3825737 ], [ 124.950874, 10.3824083 ], [ 124.950947, 10.381777 ], [ 124.9509062, 10.3814005 ], [ 124.9508258, 10.3810839 ], [ 124.9507485, 10.3809011 ], [ 124.9505715, 10.3808219 ], [ 124.9504535, 10.3808694 ], [ 124.9502711, 10.3809169 ], [ 124.950182, 10.3808517 ], [ 124.9502249, 10.3806829 ], [ 124.9503623, 10.3805211 ], [ 124.9506251, 10.380347 ], [ 124.9508719, 10.3802942 ], [ 124.9510811, 10.3803154 ], [ 124.9513118, 10.3804209 ], [ 124.9515317, 10.3806214 ], [ 124.9517002, 10.3808201 ], [ 124.9519716, 10.3810013 ], [ 124.9521594, 10.3813707 ], [ 124.952331, 10.3816609 ], [ 124.9525585, 10.3816749 ], [ 124.9526926, 10.3816854 ], [ 124.952846, 10.3817295 ], [ 124.9530627, 10.3818121 ], [ 124.9533234, 10.3818508 ], [ 124.953538, 10.3817189 ], [ 124.9536936, 10.3816081 ], [ 124.9540927, 10.3814533 ], [ 124.9544714, 10.3813021 ], [ 124.9546914, 10.3811174 ], [ 124.9549006, 10.38088 ], [ 124.9550476, 10.3807093 ], [ 124.9551441, 10.3806459 ], [ 124.9553887, 10.3806478 ], [ 124.9556591, 10.3806776 ], [ 124.9559252, 10.38069 ], [ 124.9563297, 10.3806618 ], [ 124.9564799, 10.3806407 ], [ 124.9566226, 10.38069 ], [ 124.956968, 10.380857 ], [ 124.9570968, 10.3809467 ], [ 124.957188, 10.38101 ], [ 124.9574111, 10.380996 ], [ 124.9577062, 10.380632 ], [ 124.9577598, 10.3804103 ], [ 124.9577083, 10.3801869 ], [ 124.9575635, 10.3799916 ], [ 124.957454, 10.3797138 ], [ 124.9573548, 10.3795449 ], [ 124.957391, 10.3794182 ], [ 124.9574688, 10.3793444 ], [ 124.9576874, 10.3792876 ], [ 124.9579658, 10.3791949 ], [ 124.9583199, 10.3789838 ], [ 124.9589293, 10.3787799 ], [ 124.9594872, 10.3786374 ], [ 124.9597822, 10.3786849 ], [ 124.9601598, 10.378836 ], [ 124.9604978, 10.3788941 ], [ 124.9608819, 10.3790965 ], [ 124.9611201, 10.3791949 ], [ 124.9611555, 10.3793708 ], [ 124.9611608, 10.3795766 ], [ 124.9611796, 10.3797415 ], [ 124.9611602, 10.3799632 ], [ 124.9613534, 10.3802007 ], [ 124.9616337, 10.3803399 ], [ 124.96192, 10.3804698 ], [ 124.9620696, 10.3805562 ], [ 124.9624397, 10.3805193 ], [ 124.9628882, 10.3803628 ], [ 124.9630759, 10.380347 ], [ 124.9633429, 10.3805185 ], [ 124.9634554, 10.3807428 ], [ 124.9636735, 10.3810681 ], [ 124.9638846, 10.3811293 ], [ 124.9642092, 10.3811543 ], [ 124.9643763, 10.3812422 ], [ 124.9648945, 10.3812915 ], [ 124.965362, 10.3812113 ] ] } },
{ "type": "Feature", "properties": { "u": 2526234260, "v": 2526233681, "key": 0, "osmid": "245416000", "highway": "tertiary", "oneway": false, "reversed": "True", "length": 1527.9196511327405, "lanes": null, "name": null, "ref": null, "bridge": null, "maxspeed": null, "access": null }, "geometry": { "type": "LineString", "coordinates": [ [ 124.9449382, 10.3923791 ], [ 124.9447223, 10.392068 ], [ 124.9445345, 10.3917802 ], [ 124.9445781, 10.3916348 ], [ 124.9445969, 10.3914316 ], [ 124.9446559, 10.390962 ], [ 124.9446103, 10.3906507 ], [ 124.9445459, 10.3902312 ], [ 124.9449428, 10.3889715 ], [ 124.9449035, 10.3882991 ], [ 124.9450185, 10.3876772 ], [ 124.9449, 10.3869097 ], [ 124.9446827, 10.386295 ], [ 124.9444601, 10.385981 ], [ 124.9442592, 10.3857492 ], [ 124.9440656, 10.3856956 ], [ 124.9439535, 10.3855303 ], [ 124.9439174, 10.3853445 ], [ 124.9438418, 10.3849815 ], [ 124.9436391, 10.3844936 ], [ 124.9436693, 10.3842317 ], [ 124.9436311, 10.3839633 ], [ 124.9433124, 10.3834254 ], [ 124.9432973, 10.3830743 ], [ 124.9433457, 10.3825982 ], [ 124.9431188, 10.3820984 ], [ 124.942904, 10.3816223 ], [ 124.9426953, 10.381173 ], [ 124.9425078, 10.3807654 ], [ 124.9423535, 10.3805898 ], [ 124.9420964, 10.3803964 ], [ 124.9418093, 10.3803738 ], [ 124.9414334, 10.3805316 ] ] } },
{ "type": "Feature", "properties": { "u": 2526234260, "v": 4028800237, "key": 0, "osmid": "1485167942", "highway": "tertiary", "oneway": false, "reversed": "False", "length": 386.53670442046564, "lanes": null, "name": null, "ref": null, "bridge": null, "maxspeed": null, "access": null }, "geometry": { "type": "LineString", "coordinates": [ [ 124.9449382, 10.3923791 ], [ 124.9449322, 10.3924843 ], [ 124.9448571, 10.392785 ], [ 124.9446205, 10.3931869 ], [ 124.9443877, 10.3935435 ], [ 124.9441114, 10.3939762 ], [ 124.9438646, 10.3943271 ], [ 124.9435359, 10.3946586 ], [ 124.9432472, 10.3951603 ], [ 124.9431292, 10.395318 ] ] } },
{ "type": "Feature", "properties": { "u": 2527001736, "v": 2527001858, "key": 0, "osmid": [ 245519930, 245519939 ], "highway": [ "unclassified", "tertiary" ], "oneway": false, "reversed": "False", "length": 3445.2964527680033, "lanes": null, "name": null, "ref": null, "bridge": null, "maxspeed": null, "access": null }, "geometry": { "type": "LineString", "coordinates": [ [ 124.9949424, 10.4287534 ], [ 124.9950017, 10.428967 ], [ 124.9949936, 10.4291068 ], [ 124.9949266, 10.4293073 ], [ 124.9948407, 10.4295816 ], [ 124.9947219, 10.4297389 ], [ 124.9946208, 10.42979 ], [ 124.9944778, 10.4299024 ], [ 124.9943767, 10.4301435 ], [ 124.9940406, 10.4306146 ], [ 124.9937732, 10.431167 ], [ 124.9937249, 10.4314274 ], [ 124.9935935, 10.4317421 ], [ 124.9933003, 10.4320127 ], [ 124.9932011, 10.4321235 ], [ 124.9931778, 10.4323435 ], [ 124.9931099, 10.4328384 ], [ 124.9930302, 10.4333907 ], [ 124.9930946, 10.4337337 ], [ 124.993295, 10.4342813 ], [ 124.9933226, 10.4347571 ], [ 124.9934242, 10.4351817 ], [ 124.9933977, 10.4353797 ], [ 124.9933521, 10.4359495 ], [ 124.9932394, 10.4365746 ], [ 124.9931716, 10.4366975 ], [ 124.9930482, 10.4366712 ], [ 124.9929168, 10.4364417 ], [ 124.9928545, 10.4360921 ], [ 124.9928524, 10.4357347 ], [ 124.9928391, 10.4356021 ], [ 124.9927164, 10.4354445 ], [ 124.9925729, 10.4354274 ], [ 124.9924831, 10.4355116 ], [ 124.9924125, 10.4358007 ], [ 124.9923999, 10.4360391 ], [ 124.992365, 10.4362185 ], [ 124.9924214, 10.4363715 ], [ 124.9925708, 10.436621 ], [ 124.9925332, 10.4370695 ], [ 124.9926271, 10.4376841 ], [ 124.9925575, 10.4379577 ], [ 124.9924375, 10.4381679 ], [ 124.9921872, 10.4383145 ], [ 124.9919144, 10.438495 ], [ 124.9917562, 10.4387851 ], [ 124.9916374, 10.4391296 ], [ 124.9914577, 10.4396941 ], [ 124.9913136, 10.4402649 ], [ 124.9911277, 10.4405435 ], [ 124.9908434, 10.4412372 ], [ 124.9906511, 10.4416603 ], [ 124.9902863, 10.4422697 ], [ 124.9900924, 10.4428515 ], [ 124.989969, 10.4433211 ], [ 124.9900066, 10.4441493 ], [ 124.9899879, 10.4448158 ], [ 124.9898276, 10.4451672 ], [ 124.989652, 10.4452475 ], [ 124.989461, 10.4451203 ], [ 124.9892361, 10.4449582 ], [ 124.9891175, 10.4448727 ], [ 124.988982, 10.4448826 ], [ 124.9887245, 10.4449301 ], [ 124.9886039, 10.4452031 ], [ 124.9884601, 10.4461345 ], [ 124.9882243, 10.4471075 ], [ 124.9881511, 10.4472974 ], [ 124.9880593, 10.4474149 ], [ 124.9879804, 10.4475113 ], [ 124.9877466, 10.4476093 ], [ 124.9876185, 10.4480511 ], [ 124.9874789, 10.4484513 ], [ 124.9874181, 10.4485858 ], [ 124.9871956, 10.448834 ], [ 124.9867128, 10.4489448 ], [ 124.986533, 10.4491365 ], [ 124.9864944, 10.4493564 ], [ 124.9865197, 10.449926 ], [ 124.9864454, 10.4500968 ], [ 124.9863159, 10.4502922 ], [ 124.9859189, 10.4508756 ], [ 124.9855917, 10.4511534 ], [ 124.9855648, 10.4511763 ], [ 124.9852232, 10.4514417 ], [ 124.9849989, 10.4518331 ], [ 124.9849056, 10.4524727 ] ] } },
{ "type": "Feature", "properties": { "u": 2527001736, "v": 2525825471, "key": 0, "osmid": "245520862", "highway": "tertiary", "oneway": false, "reversed": "False", "length": 1214.9827698756999, "lanes": null, "name": "Magatas Barangay Road", "ref": null, "bridge": null, "maxspeed": null, "access": null }, "geometry": { "type": "LineString", "coordinates": [ [ 124.9949424, 10.4287534 ], [ 124.994773, 10.4286388 ], [ 124.9947446, 10.4284718 ], [ 124.9944584, 10.4272249 ], [ 124.9945872, 10.4264863 ], [ 124.9943643, 10.4256571 ], [ 124.9945257, 10.4254657 ], [ 124.9949587, 10.4252888 ], [ 124.9950885, 10.4251734 ], [ 124.995111, 10.4250297 ], [ 124.9950251, 10.4247481 ], [ 124.994952, 10.4244604 ], [ 124.9948728, 10.4243685 ], [ 124.9946647, 10.4243103 ], [ 124.9945303, 10.4242399 ], [ 124.994347, 10.4239044 ], [ 124.9943792, 10.4237466 ], [ 124.9945085, 10.4234986 ], [ 124.9945097, 10.4232341 ], [ 124.9943941, 10.4228143 ], [ 124.9943929, 10.4227249 ], [ 124.9947708, 10.4220141 ], [ 124.9948419, 10.421835 ], [ 124.9949106, 10.4214643 ], [ 124.9949743, 10.4212724 ], [ 124.9954254, 10.4205441 ], [ 124.9961925, 10.4198387 ], [ 124.996544, 10.4194763 ] ] } },
{ "type": "Feature", "properties": { "u": 2527001736, "v": 2527009939, "key": 0, "osmid": [ 1409672008, 245520862 ], "highway": "tertiary", "oneway": false, "reversed": "True", "length": 718.02618838704814, "lanes": null, "name": "Magatas Barangay Road", "ref": null, "bridge": null, "maxspeed": null, "access": null }, "geometry": { "type": "LineString", "coordinates": [ [ 124.9949424, 10.4287534 ], [ 124.9951665, 10.4289554 ], [ 124.9952799, 10.4293788 ], [ 124.995347, 10.4295517 ], [ 124.996175, 10.4306436 ], [ 124.9966619, 10.4311168 ], [ 124.9972215, 10.4314722 ], [ 124.9976342, 10.4316566 ], [ 124.9978528, 10.4317192 ], [ 124.9981291, 10.4319078 ], [ 124.9986427, 10.4323741 ], [ 124.9994113, 10.4328898 ], [ 124.9995317, 10.4331009 ] ] } },
{ "type": "Feature", "properties": { "u": 2527001858, "v": 2527001736, "key": 0, "osmid": [ 245519930, 245519939 ], "highway": [ "unclassified", "tertiary" ], "oneway": false, "reversed": "True", "length": 3445.2964527680028, "lanes": null, "name": null, "ref": null, "bridge": null, "maxspeed": null, "access": null }, "geometry": { "type": "LineString", "coordinates": [ [ 124.9849056, 10.4524727 ], [ 124.9849989, 10.4518331 ], [ 124.9852232, 10.4514417 ], [ 124.9855648, 10.4511763 ], [ 124.9855917, 10.4511534 ], [ 124.9859189, 10.4508756 ], [ 124.9863159, 10.4502922 ], [ 124.9864454, 10.4500968 ], [ 124.9865197, 10.449926 ], [ 124.9864944, 10.4493564 ], [ 124.986533, 10.4491365 ], [ 124.9867128, 10.4489448 ], [ 124.9871956, 10.448834 ], [ 124.9874181, 10.4485858 ], [ 124.9874789, 10.4484513 ], [ 124.9876185, 10.4480511 ], [ 124.9877466, 10.4476093 ], [ 124.9879804, 10.4475113 ], [ 124.9880593, 10.4474149 ], [ 124.9881511, 10.4472974 ], [ 124.9882243, 10.4471075 ], [ 124.9884601, 10.4461345 ], [ 124.9886039, 10.4452031 ], [ 124.9887245, 10.4449301 ], [ 124.988982, 10.4448826 ], [ 124.9891175, 10.4448727 ], [ 124.9892361, 10.4449582 ], [ 124.989461, 10.4451203 ], [ 124.989652, 10.4452475 ], [ 124.9898276, 10.4451672 ], [ 124.9899879, 10.4448158 ], [ 124.9900066, 10.4441493 ], [ 124.989969, 10.4433211 ], [ 124.9900924, 10.4428515 ], [ 124.9902863, 10.4422697 ], [ 124.9906511, 10.4416603 ], [ 124.9908434, 10.4412372 ], [ 124.9911277, 10.4405435 ], [ 124.9913136, 10.4402649 ], [ 124.9914577, 10.4396941 ], [ 124.9916374, 10.4391296 ], [ 124.9917562, 10.4387851 ], [ 124.9919144, 10.438495 ], [ 124.9921872, 10.4383145 ], [ 124.9924375, 10.4381679 ], [ 124.9925575, 10.4379577 ], [ 124.9926271, 10.4376841 ], [ 124.9925332, 10.4370695 ], [ 124.9925708, 10.436621 ], [ 124.9924214, 10.4363715 ], [ 124.992365, 10.4362185 ], [ 124.9923999, 10.4360391 ], [ 124.9924125, 10.4358007 ], [ 124.9924831, 10.4355116 ], [ 124.9925729, 10.4354274 ], [ 124.9927164, 10.4354445 ], [ 124.9928391, 10.4356021 ], [ 124.9928524, 10.4357347 ], [ 124.9928545, 10.4360921 ], [ 124.9929168, 10.4364417 ], [ 124.9930482, 10.4366712 ], [ 124.9931716, 10.4366975 ], [ 124.9932394, 10.4365746 ], [ 124.9933521, 10.4359495 ], [ 124.9933977, 10.4353797 ], [ 124.9934242, 10.4351817 ], [ 124.9933226, 10.4347571 ], [ 124.993295, 10.4342813 ], [ 124.9930946, 10.4337337 ], [ 124.9930302, 10.4333907 ], [ 124.9931099, 10.4328384 ], [ 124.9931778, 10.4323435 ], [ 124.9932011, 10.4321235 ], [ 124.9933003, 10.4320127 ], [ 124.9935935, 10.4317421 ], [ 124.9937249, 10.4314274 ], [ 124.9937732, 10.431167 ], [ 124.9940406, 10.4306146 ], [ 124.9943767, 10.4301435 ], [ 124.9944778, 10.4299024 ], [ 124.9946208, 10.42979 ], [ 124.9947219, 10.4297389 ], [ 124.9948407, 10.4295816 ], [ 124.9949266, 10.4293073 ], [ 124.9949936, 10.4291068 ], [ 124.9950017, 10.428967 ], [ 124.9949424, 10.4287534 ] ] } },
{ "type": "Feature", "properties": { "u": 2527009889, "v": 8530959953, "key": 0, "osmid": "245374355", "highway": "residential", "oneway": false, "reversed": "False", "length": 36.542141880911991, "lanes": null, "name": "Magatas Barangay Road", "ref": null, "bridge": null, "maxspeed": null, "access": null }, "geometry": { "type": "LineString", "coordinates": [ [ 125.0000941, 10.4339823 ], [ 125.0000282, 10.4339109 ], [ 124.9999657, 10.4338207 ], [ 124.9998998, 10.4337161 ] ] } },
{ "type": "Feature", "properties": { "u": 2527009889, "v": 2527009908, "key": 0, "osmid": "245374355", "highway": "residential", "oneway": false, "reversed": "True", "length": 70.537881620547921, "lanes": null, "name": "Magatas Barangay Road", "ref": null, "bridge": null, "maxspeed": null, "access": null }, "geometry": { "type": "LineString", "coordinates": [ [ 125.0000941, 10.4339823 ], [ 125.0001991, 10.4340878 ], [ 125.0005613, 10.4344195 ] ] } },
{ "type": "Feature", "properties": { "u": 2527009889, "v": 2527009939, "key": 0, "osmid": "245520860", "highway": "residential", "oneway": false, "reversed": "True", "length": 302.57332499793677, "lanes": null, "name": null, "ref": null, "bridge": null, "maxspeed": null, "access": null }, "geometry": { "type": "LineString", "coordinates": [ [ 125.0000941, 10.4339823 ], [ 124.9998742, 10.4341078 ], [ 124.9996767, 10.4341592 ], [ 124.9995487, 10.4341795 ], [ 124.9993065, 10.4341539 ], [ 124.9988835, 10.4341623 ], [ 124.9988312, 10.4341401 ], [ 124.998805, 10.4340997 ], [ 124.9988131, 10.4339341 ], [ 124.9988412, 10.4337893 ], [ 124.9988472, 10.4336508 ], [ 124.9988466, 10.4335397 ], [ 124.9989197, 10.4334299 ], [ 124.9990035, 10.4334013 ], [ 124.9992288, 10.4332977 ], [ 124.9995317, 10.4331009 ] ] } },
{ "type": "Feature", "properties": { "u": 2527009908, "v": 2527009889, "key": 0, "osmid": "245374355", "highway": "residential", "oneway": false, "reversed": "False", "length": 70.537881620547921, "lanes": null, "name": "Magatas Barangay Road", "ref": null, "bridge": null, "maxspeed": null, "access": null }, "geometry": { "type": "LineString", "coordinates": [ [ 125.0005613, 10.4344195 ], [ 125.0001991, 10.4340878 ], [ 125.0000941, 10.4339823 ] ] } },
{ "type": "Feature", "properties": { "u": 2527009939, "v": 2527009889, "key": 0, "osmid": "245520860", "highway": "residential", "oneway": false, "reversed": "False", "length": 302.57332499793677, "lanes": null, "name": null, "ref": null, "bridge": null, "maxspeed": null, "access": null }, "geometry": { "type": "LineString", "coordinates": [ [ 124.9995317, 10.4331009 ], [ 124.9992288, 10.4332977 ], [ 124.9990035, 10.4334013 ], [ 124.9989197, 10.4334299 ], [ 124.9988466, 10.4335397 ], [ 124.9988472, 10.4336508 ], [ 124.9988412, 10.4337893 ], [ 124.9988131, 10.4339341 ], [ 124.998805, 10.4340997 ], [ 124.9988312, 10.4341401 ], [ 124.9988835, 10.4341623 ], [ 124.9993065, 10.4341539 ], [ 124.9995487, 10.4341795 ], [ 124.9996767, 10.4341592 ], [ 124.9998742, 10.4341078 ], [ 125.0000941, 10.4339823 ] ] } },
{ "type": "Feature", "properties": { "u": 2527009939, "v": 2527001736, "key": 0, "osmid": [ 1409672008, 245520862 ], "highway": "tertiary", "oneway": false, "reversed": "False", "length": 718.02618838704802, "lanes": null, "name": "Magatas Barangay Road", "ref": null, "bridge": null, "maxspeed": null, "access": null }, "geometry": { "type": "LineString", "coordinates": [ [ 124.9995317, 10.4331009 ], [ 124.9994113, 10.4328898 ], [ 124.9986427, 10.4323741 ], [ 124.9981291, 10.4319078 ], [ 124.9978528, 10.4317192 ], [ 124.9976342, 10.4316566 ], [ 124.9972215, 10.4314722 ], [ 124.9966619, 10.4311168 ], [ 124.996175, 10.4306436 ], [ 124.995347, 10.4295517 ], [ 124.9952799, 10.4293788 ], [ 124.9951665, 10.4289554 ], [ 124.9949424, 10.4287534 ] ] } },
{ "type": "Feature", "properties": { "u": 2527009939, "v": 8530959953, "key": 0, "osmid": "1409672008", "highway": "tertiary", "oneway": false, "reversed": "True", "length": 79.373428373780797, "lanes": null, "name": "Magatas Barangay Road", "ref": null, "bridge": null, "maxspeed": null, "access": null }, "geometry": { "type": "LineString", "coordinates": [ [ 124.9995317, 10.4331009 ], [ 124.9998216, 10.4335886 ], [ 124.9998998, 10.4337161 ] ] } },
{ "type": "Feature", "properties": { "u": 2527045785, "v": 1774382343, "key": 0, "osmid": [ 165931787, 165931788, 165931789 ], "highway": "unclassified", "oneway": false, "reversed": "True", "length": 5089.6143498996944, "lanes": null, "name": null, "ref": null, "bridge": "yes", "maxspeed": null, "access": null }, "geometry": { "type": "LineString", "coordinates": [ [ 125.0366608, 10.4164647 ], [ 125.0365151, 10.4167295 ], [ 125.0364259, 10.4167802 ], [ 125.0361834, 10.4168111 ], [ 125.0359217, 10.4166645 ], [ 125.0356598, 10.4160071 ], [ 125.0354448, 10.4157211 ], [ 125.0352743, 10.4154992 ], [ 125.0352172, 10.4153053 ], [ 125.035172, 10.4147189 ], [ 125.0350571, 10.4144044 ], [ 125.034874, 10.4140882 ], [ 125.0345036, 10.4137417 ], [ 125.0344294, 10.4135523 ], [ 125.0344299, 10.413354 ], [ 125.0342326, 10.41288 ], [ 125.0338442, 10.4120982 ], [ 125.0336489, 10.4119721 ], [ 125.0334102, 10.4118112 ], [ 125.033139, 10.4117544 ], [ 125.0329319, 10.411574 ], [ 125.0325706, 10.4113519 ], [ 125.0323695, 10.4111992 ], [ 125.0320467, 10.4110676 ], [ 125.0317982, 10.4110791 ], [ 125.031581, 10.41113 ], [ 125.031424, 10.4112242 ], [ 125.0313328, 10.4114049 ], [ 125.0312671, 10.4114624 ], [ 125.0311493, 10.4114441 ], [ 125.0309721, 10.4113825 ], [ 125.0307883, 10.4113759 ], [ 125.0305499, 10.4114173 ], [ 125.0302049, 10.4112889 ], [ 125.0298831, 10.4112071 ], [ 125.0293681, 10.4110646 ], [ 125.0289148, 10.4107824 ], [ 125.0286573, 10.4108298 ], [ 125.0282603, 10.4110171 ], [ 125.0278795, 10.4111517 ], [ 125.0275549, 10.4111913 ], [ 125.0271311, 10.4112229 ], [ 125.0268871, 10.4112018 ], [ 125.0267127, 10.411091 ], [ 125.026546, 10.4109477 ], [ 125.0263727, 10.4108928 ], [ 125.0263238, 10.4109644 ], [ 125.0262943, 10.4110409 ], [ 125.0262116, 10.4114408 ], [ 125.0260219, 10.4119649 ], [ 125.0257238, 10.4124713 ], [ 125.025613, 10.4125169 ], [ 125.0254199, 10.412501 ], [ 125.0251096, 10.4124269 ], [ 125.0245217, 10.4121825 ], [ 125.024339, 10.4120882 ], [ 125.0242344, 10.4119246 ], [ 125.0241941, 10.4117954 ], [ 125.0241421, 10.411694 ], [ 125.024064, 10.4116516 ], [ 125.0240037, 10.411674 ], [ 125.0238777, 10.4118236 ], [ 125.0237596, 10.4119563 ], [ 125.0236036, 10.4119698 ], [ 125.0234801, 10.4119045 ], [ 125.0233868, 10.4117294 ], [ 125.0233519, 10.4115395 ], [ 125.0233479, 10.4113997 ], [ 125.0233234, 10.4113184 ], [ 125.0231768, 10.4112543 ], [ 125.0230086, 10.4111596 ], [ 125.0227882, 10.4109699 ], [ 125.0226666, 10.4107929 ], [ 125.0226532, 10.4106293 ], [ 125.0227049, 10.410497 ], [ 125.0226505, 10.4103735 ], [ 125.0225244, 10.4102653 ], [ 125.0223381, 10.4101708 ], [ 125.0222334, 10.4100872 ], [ 125.0221463, 10.4099171 ], [ 125.0220626, 10.4097755 ], [ 125.0218928, 10.409619 ], [ 125.0218107, 10.4095063 ], [ 125.0218177, 10.4093895 ], [ 125.0218458, 10.4091771 ], [ 125.0217675, 10.408971 ], [ 125.0215688, 10.4084913 ], [ 125.0212866, 10.4081522 ], [ 125.0212048, 10.4078924 ], [ 125.0211552, 10.4077103 ], [ 125.021044, 10.4075421 ], [ 125.0207958, 10.4073234 ], [ 125.0206724, 10.4071418 ], [ 125.0204196, 10.4063608 ], [ 125.0203464, 10.4060065 ], [ 125.0203646, 10.4058336 ], [ 125.0204613, 10.4055474 ], [ 125.0205559, 10.4053352 ], [ 125.0206, 10.4051883 ], [ 125.0206952, 10.4047992 ], [ 125.0207019, 10.4046475 ], [ 125.020773, 10.4044945 ], [ 125.0208735, 10.4044114 ], [ 125.0210546, 10.4043111 ], [ 125.0212598, 10.4042149 ], [ 125.0213823, 10.40412 ], [ 125.0214924, 10.4039885 ], [ 125.021592, 10.403804 ], [ 125.0216893, 10.4036325 ], [ 125.0219281, 10.4033105 ], [ 125.0222976, 10.4027895 ], [ 125.0223783, 10.4024899 ], [ 125.0224231, 10.4021666 ], [ 125.0224282, 10.4020135 ], [ 125.0223997, 10.4019304 ], [ 125.0221331, 10.4015811 ], [ 125.0220548, 10.401465 ], [ 125.0219957, 10.4012839 ], [ 125.0219652, 10.4010827 ], [ 125.0219662, 10.4009406 ], [ 125.0220497, 10.4005723 ], [ 125.022071, 10.4004011 ], [ 125.022071, 10.4001489 ], [ 125.0220721, 10.4000038 ], [ 125.0221026, 10.3998917 ], [ 125.0224852, 10.3992111 ], [ 125.0226256, 10.3987928 ], [ 125.0226643, 10.3986597 ], [ 125.0226572, 10.3985756 ], [ 125.0226083, 10.3984845 ], [ 125.0224414, 10.3983394 ], [ 125.0221708, 10.3980431 ], [ 125.0220171, 10.397858 ], [ 125.0219316, 10.3977039 ], [ 125.0217464, 10.3973035 ], [ 125.0216233, 10.3969662 ], [ 125.021605, 10.3968662 ], [ 125.0216121, 10.3965659 ], [ 125.0215785, 10.3961115 ], [ 125.0215704, 10.3960274 ], [ 125.021549, 10.3959544 ], [ 125.0214727, 10.3958643 ], [ 125.0212407, 10.3956801 ], [ 125.0211148, 10.3956179 ], [ 125.0210017, 10.395594 ], [ 125.0208184, 10.3955711 ], [ 125.0207391, 10.395556 ], [ 125.0206709, 10.395511 ], [ 125.0206139, 10.3954369 ], [ 125.020536, 10.3952997 ], [ 125.0204379, 10.3951997 ], [ 125.0202893, 10.3950456 ], [ 125.0201743, 10.3948865 ], [ 125.0198731, 10.3946242 ], [ 125.019806, 10.3945932 ], [ 125.0196574, 10.3946002 ], [ 125.0196025, 10.3946022 ], [ 125.0195434, 10.3945852 ], [ 125.0194875, 10.3945462 ], [ 125.0194508, 10.3944781 ], [ 125.0194539, 10.3942699 ], [ 125.0194885, 10.3941889 ], [ 125.0195282, 10.3941438 ], [ 125.0195811, 10.3941138 ], [ 125.0196554, 10.3941128 ], [ 125.0201397, 10.394283 ], [ 125.0201896, 10.394287 ], [ 125.0202425, 10.3942579 ], [ 125.0203005, 10.3942019 ], [ 125.0203137, 10.3941548 ], [ 125.0203107, 10.3938346 ], [ 125.0203178, 10.3934963 ], [ 125.0202985, 10.3934532 ], [ 125.0202476, 10.3934112 ], [ 125.0201255, 10.3933632 ], [ 125.0198558, 10.393215 ], [ 125.0196371, 10.3931019 ], [ 125.0195007, 10.3930129 ], [ 125.0193872, 10.392908 ], [ 125.0191715, 10.3926829 ], [ 125.0191013, 10.3925527 ], [ 125.0190829, 10.3924707 ], [ 125.0191033, 10.3923105 ], [ 125.0191338, 10.3922064 ], [ 125.0192478, 10.3920633 ], [ 125.0193241, 10.3918872 ], [ 125.0193526, 10.391732 ], [ 125.0193587, 10.3915599 ], [ 125.0193312, 10.3913547 ], [ 125.0192254, 10.3910414 ], [ 125.0191898, 10.3908743 ], [ 125.0191949, 10.3906481 ], [ 125.0191562, 10.390495 ], [ 125.0190575, 10.3901986 ], [ 125.0189879, 10.390018 ] ] } },
{ "type": "Feature", "properties": { "u": 2527045950, "v": 504809561, "key": 0, "osmid": "84969750", "highway": "trunk", "oneway": false, "reversed": "False", "length": 10.30919543242479, "lanes": "2", "name": "Maharlika Highway", "ref": "1", "bridge": null, "maxspeed": null, "access": null }, "geometry": { "type": "LineString", "coordinates": [ [ 125.0082304, 10.4214482 ], [ 125.0082205, 10.4215404 ] ] } },
{ "type": "Feature", "properties": { "u": 2527045950, "v": 10972459789, "key": 0, "osmid": [ 84969754, 84969750, 165931511 ], "highway": "trunk", "oneway": false, "reversed": "True", "length": 527.72429538970778, "lanes": "2", "name": "Maharlika Highway", "ref": "1", "bridge": "yes", "maxspeed": null, "access": null }, "geometry": { "type": "LineString", "coordinates": [ [ 125.0082304, 10.4214482 ], [ 125.008284, 10.4206206 ], [ 125.0082867, 10.4205853 ], [ 125.0084113, 10.4186433 ], [ 125.008451, 10.4182545 ], [ 125.008394, 10.4180215 ], [ 125.008302, 10.4178298 ], [ 125.0082041, 10.4176979 ], [ 125.0080392, 10.4175581 ], [ 125.0074505, 10.4171376 ] ] } },
{ "type": "Feature", "properties": { "u": 2527045950, "v": 8457272324, "key": 0, "osmid": "245524828", "highway": "unclassified", "oneway": false, "reversed": "False", "length": 4671.5451493434675, "lanes": null, "name": null, "ref": null, "bridge": null, "maxspeed": null, "access": null }, "geometry": { "type": "LineString", "coordinates": [ [ 125.0082304, 10.4214482 ], [ 125.0084184, 10.4214406 ], [ 125.0086252, 10.4214263 ], [ 125.0090158, 10.4211776 ], [ 125.0091456, 10.4210752 ], [ 125.0091757, 10.4210788 ], [ 125.0092569, 10.4210884 ], [ 125.0096381, 10.4214036 ], [ 125.009786, 10.421527 ], [ 125.0098741, 10.4216924 ], [ 125.0099117, 10.4217631 ], [ 125.0100907, 10.4220593 ], [ 125.0102061, 10.4221917 ], [ 125.0103127, 10.4222715 ], [ 125.0104972, 10.4224146 ], [ 125.0106395, 10.4228921 ], [ 125.0109511, 10.4235229 ], [ 125.011071, 10.4237829 ], [ 125.0112266, 10.4241203 ], [ 125.0113034, 10.4244401 ], [ 125.0115455, 10.4246358 ], [ 125.0118134, 10.4247631 ], [ 125.0123066, 10.4250888 ], [ 125.0126988, 10.4251495 ], [ 125.0129135, 10.4253062 ], [ 125.0131441, 10.425594 ], [ 125.0133513, 10.4256758 ], [ 125.0133861, 10.4256607 ], [ 125.0134125, 10.4256438 ], [ 125.0133741, 10.4255413 ], [ 125.0132364, 10.4254884 ], [ 125.0131867, 10.4254506 ], [ 125.0131421, 10.4253434 ], [ 125.0131474, 10.4252755 ], [ 125.0132165, 10.4252458 ], [ 125.0133265, 10.4252748 ], [ 125.0134458, 10.4253025 ], [ 125.0135652, 10.4252794 ], [ 125.0137583, 10.4250123 ], [ 125.0140688, 10.4247261 ], [ 125.014379, 10.4243646 ], [ 125.0145461, 10.4240648 ], [ 125.0147539, 10.4236472 ], [ 125.0149707, 10.4235292 ], [ 125.0153455, 10.4234584 ], [ 125.0162843, 10.423361 ], [ 125.0169539, 10.4232289 ], [ 125.0177682, 10.423057 ], [ 125.017964, 10.4231091 ], [ 125.018086, 10.4232434 ], [ 125.0180981, 10.4234698 ], [ 125.0180411, 10.4236861 ], [ 125.0179654, 10.4242306 ], [ 125.0177937, 10.4244696 ], [ 125.0174886, 10.4246447 ], [ 125.0174373, 10.4247591 ], [ 125.0174614, 10.4249065 ], [ 125.0175743, 10.4251419 ], [ 125.0177622, 10.4254232 ], [ 125.0180164, 10.4256306 ], [ 125.0182946, 10.4257279 ], [ 125.0184904, 10.4257985 ], [ 125.0188916, 10.4262211 ], [ 125.0190976, 10.4264963 ], [ 125.0193487, 10.4266419 ], [ 125.0195123, 10.4267607 ], [ 125.0196112, 10.4269053 ], [ 125.0196873, 10.4270864 ], [ 125.0196773, 10.4272249 ], [ 125.019672, 10.4274489 ], [ 125.0196748, 10.4274532 ], [ 125.0197665, 10.4275923 ], [ 125.0200222, 10.4277893 ], [ 125.0203679, 10.4279574 ], [ 125.0205248, 10.4280939 ], [ 125.0206138, 10.4282833 ], [ 125.0207497, 10.4285205 ], [ 125.0209215, 10.4287598 ], [ 125.0212517, 10.4291829 ], [ 125.0213139, 10.4292678 ], [ 125.0213812, 10.429362 ], [ 125.0214479, 10.4295686 ], [ 125.0216436, 10.4299612 ], [ 125.0217971, 10.4303521 ], [ 125.0220219, 10.4304755 ], [ 125.0224339, 10.4307652 ], [ 125.0225649, 10.4308851 ], [ 125.0224661, 10.4311201 ], [ 125.0224836, 10.4312715 ], [ 125.0225694, 10.4316579 ], [ 125.0225288, 10.4321465 ], [ 125.0225875, 10.4325463 ], [ 125.0227726, 10.4328972 ], [ 125.0229442, 10.4330124 ], [ 125.0230609, 10.4331094 ], [ 125.0233385, 10.433236 ], [ 125.023768, 10.4333432 ], [ 125.0241579, 10.4334226 ], [ 125.024752, 10.4333989 ], [ 125.0251114, 10.4333672 ], [ 125.0253951, 10.4332914 ], [ 125.0257277, 10.4331542 ], [ 125.0261803, 10.4331166 ], [ 125.0265089, 10.4330692 ], [ 125.0266111, 10.4330896 ], [ 125.0266088, 10.4331793 ], [ 125.0263701, 10.4334536 ], [ 125.0260516, 10.4337392 ], [ 125.0257672, 10.4338869 ], [ 125.0256606, 10.434063 ], [ 125.0256044, 10.4343807 ], [ 125.0257458, 10.4345721 ], [ 125.0260023, 10.4347831 ], [ 125.026196, 10.4351224 ], [ 125.0262676, 10.43528 ], [ 125.0262909, 10.4353312 ], [ 125.0262252, 10.4355982 ], [ 125.0262432, 10.4357021 ], [ 125.0263111, 10.4357881 ], [ 125.0264626, 10.4358185 ], [ 125.0267898, 10.4357822 ], [ 125.027042, 10.4357868 ], [ 125.0272599, 10.4358554 ], [ 125.0276503, 10.4360552 ], [ 125.0279412, 10.4360829 ], [ 125.0283097, 10.4364505 ], [ 125.0285896, 10.4368159 ], [ 125.0286922, 10.4372238 ], [ 125.0286945, 10.4374295 ], [ 125.028549, 10.4381516 ], [ 125.0285371, 10.4382241 ], [ 125.0284774, 10.4385863 ], [ 125.0284678, 10.4386447 ], [ 125.0283052, 10.4389955 ], [ 125.0281561, 10.4392931 ], [ 125.0281516, 10.4397373 ], [ 125.0281865, 10.4397982 ], [ 125.0283097, 10.4400127 ], [ 125.0283861, 10.4401366 ], [ 125.0283729, 10.4402569 ], [ 125.0282168, 10.4405507 ], [ 125.0277588, 10.4408494 ], [ 125.027681, 10.4409648 ], [ 125.0276729, 10.4411142 ], [ 125.0279251, 10.4415043 ], [ 125.0282378, 10.4420733 ] ] } },
{ "type": "Feature", "properties": { "u": 2527046831, "v": 8457272320, "key": 0, "osmid": "1202245276", "highway": "residential", "oneway": false, "reversed": "True", "length": 129.96127171583041, "lanes": null, "name": null, "ref": null, "bridge": null, "maxspeed": null, "access": null }, "geometry": { "type": "LineString", "coordinates": [ [ 125.0292175, 10.4452848 ], [ 125.0293033, 10.4450449 ], [ 125.0293304, 10.4446363 ], [ 125.0292541, 10.4442878 ], [ 125.0292004, 10.444149 ] ] } },
{ "type": "Feature", "properties": { "u": 2527244212, "v": 1769461702, "key": 0, "osmid": "894231953", "highway": "residential", "oneway": false, "reversed": "False", "length": 32.844253472103325, "lanes": "2", "name": null, "ref": null, "bridge": null, "maxspeed": null, "access": null }, "geometry": { "type": "LineString", "coordinates": [ [ 125.0070057, 10.3845376 ], [ 125.0068837, 10.3842677 ] ] } },
{ "type": "Feature", "properties": { "u": 2527244212, "v": 1769461709, "key": 0, "osmid": "165396341", "highway": "unclassified", "oneway": false, "reversed": "True", "length": 459.27185454184524, "lanes": "2", "name": null, "ref": null, "bridge": null, "maxspeed": null, "access": null }, "geometry": { "type": "LineString", "coordinates": [ [ 125.0070057, 10.3845376 ], [ 125.0070303, 10.3846074 ], [ 125.0072336, 10.3851544 ], [ 125.0074171, 10.385648 ], [ 125.0075567, 10.3860236 ], [ 125.0077194, 10.386689 ], [ 125.0079164, 10.3874895 ], [ 125.007987, 10.3877922 ], [ 125.0080016, 10.3880267 ], [ 125.0079884, 10.3885216 ] ] } },
{ "type": "Feature", "properties": { "u": 2527244212, "v": 2528628278, "key": 0, "osmid": [ 245540552, 1529414998, 1529414999 ], "highway": "unclassified", "oneway": false, "reversed": "True", "length": 1055.2171250461263, "lanes": null, "name": null, "ref": null, "bridge": "yes", "maxspeed": null, "access": null }, "geometry": { "type": "LineString", "coordinates": [ [ 125.0070057, 10.3845376 ], [ 125.0068147, 10.384592 ], [ 125.0067624, 10.3845933 ], [ 125.0067142, 10.3845907 ], [ 125.0066444, 10.3845775 ], [ 125.0065331, 10.3845471 ], [ 125.0064647, 10.3845313 ], [ 125.0062367, 10.3845023 ], [ 125.0060128, 10.3845313 ], [ 125.0059591, 10.3845287 ], [ 125.0058103, 10.3844535 ], [ 125.0056976, 10.3844126 ], [ 125.0056601, 10.3844073 ], [ 125.0055139, 10.3844416 ], [ 125.0049493, 10.3846566 ], [ 125.0045228, 10.3848281 ], [ 125.004445, 10.384865 ], [ 125.0043458, 10.3848677 ], [ 125.0039917, 10.3848571 ], [ 125.0032568, 10.3848657 ], [ 125.003169, 10.3848671 ], [ 125.0030747, 10.3848685 ], [ 125.0026981, 10.3848917 ], [ 125.0024661, 10.3848808 ], [ 125.0022696, 10.3848257 ], [ 125.0007818, 10.3846211 ], [ 125.0005968, 10.3846078 ], [ 124.999759, 10.3845473 ], [ 124.9996715, 10.384538 ], [ 124.9991448, 10.3844822 ], [ 124.99903, 10.3844661 ], [ 124.9981284, 10.38434 ], [ 124.9975313, 10.3843475 ] ] } },
{ "type": "Feature", "properties": { "u": 2527259956, "v": 2527260034, "key": 0, "osmid": "245544260", "highway": "unclassified", "oneway": false, "reversed": "True", "length": 5295.4265717112276, "lanes": null, "name": null, "ref": null, "bridge": null, "maxspeed": null, "access": null }, "geometry": { "type": "LineString", "coordinates": [ [ 125.056521, 10.382878 ], [ 125.0563646, 10.382525 ], [ 125.0560436, 10.3823239 ], [ 125.0557906, 10.381992 ], [ 125.0555679, 10.3815791 ], [ 125.0552166, 10.3811319 ], [ 125.0549269, 10.3804776 ], [ 125.0546327, 10.3800128 ], [ 125.0544334, 10.3799078 ], [ 125.0542135, 10.3799816 ], [ 125.0542577, 10.3803206 ], [ 125.0541785, 10.3804565 ], [ 125.0539519, 10.3804248 ], [ 125.0536501, 10.3802243 ], [ 125.0533659, 10.380103 ], [ 125.0532165, 10.3801025 ], [ 125.0529904, 10.3802402 ], [ 125.0527556, 10.3802757 ], [ 125.0525504, 10.3802243 ], [ 125.0524011, 10.3799917 ], [ 125.0522662, 10.3797231 ], [ 125.0519175, 10.3794118 ], [ 125.0517038, 10.3790063 ], [ 125.0514409, 10.3785142 ], [ 125.0513068, 10.3780393 ], [ 125.051306, 10.3774805 ], [ 125.0512478, 10.3767307 ], [ 125.0511075, 10.3762405 ], [ 125.0505879, 10.3751793 ], [ 125.0501902, 10.374077 ], [ 125.0499925, 10.3734539 ], [ 125.0498316, 10.3727732 ], [ 125.0496706, 10.3725093 ], [ 125.049643, 10.3720402 ], [ 125.0497466, 10.3712223 ], [ 125.0498724, 10.3704063 ], [ 125.0498745, 10.3696124 ], [ 125.0498906, 10.3689739 ], [ 125.05004, 10.3685681 ], [ 125.0501695, 10.3681665 ], [ 125.0500668, 10.3679032 ], [ 125.0498155, 10.3677444 ], [ 125.0493801, 10.3677237 ], [ 125.048916, 10.3682646 ], [ 125.0484413, 10.3685707 ], [ 125.0476125, 10.3683649 ], [ 125.0470091, 10.3683887 ], [ 125.0460201, 10.3683406 ], [ 125.0453139, 10.3682093 ], [ 125.044697, 10.3682356 ], [ 125.0439192, 10.3682937 ], [ 125.0435472, 10.3682391 ], [ 125.0428731, 10.3678874 ], [ 125.041978, 10.3674753 ], [ 125.0416689, 10.3673057 ], [ 125.0413665, 10.3674067 ], [ 125.0412056, 10.3675597 ], [ 125.0410901, 10.3676037 ], [ 125.0408515, 10.3675227 ], [ 125.0407649, 10.3674811 ], [ 125.0405396, 10.3676024 ], [ 125.0400737, 10.3676072 ], [ 125.0397477, 10.3672925 ], [ 125.0396491, 10.3673333 ], [ 125.0395525, 10.3675219 ], [ 125.0393916, 10.3677423 ], [ 125.0390858, 10.3677977 ], [ 125.0388176, 10.3677713 ], [ 125.0384045, 10.3677766 ], [ 125.03818, 10.367776 ], [ 125.0378529, 10.3676916 ], [ 125.0375329, 10.3675325 ], [ 125.0374631, 10.3675352 ], [ 125.0372265, 10.367842 ], [ 125.0370822, 10.3679823 ], [ 125.0368596, 10.3680615 ], [ 125.0365484, 10.368113 ], [ 125.0362574, 10.3681024 ], [ 125.0359476, 10.3679929 ], [ 125.0355936, 10.3677607 ], [ 125.035269, 10.3674692 ], [ 125.0350947, 10.3672225 ], [ 125.0348211, 10.3669903 ], [ 125.0344021, 10.3666653 ], [ 125.0340655, 10.3663763 ], [ 125.0337898, 10.3661263 ], [ 125.0338126, 10.3660194 ], [ 125.0339789, 10.3659349 ], [ 125.03429, 10.3659877 ], [ 125.0345636, 10.366088 ], [ 125.0348058, 10.3660347 ], [ 125.0349218, 10.3658441 ], [ 125.0348044, 10.3657014 ], [ 125.0344671, 10.3655022 ], [ 125.0340065, 10.3652431 ], [ 125.0336055, 10.3649846 ], [ 125.0333709, 10.3647949 ], [ 125.03288, 10.3640875 ], [ 125.0327698, 10.3639056 ], [ 125.0325895, 10.3637609 ], [ 125.0323267, 10.3636659 ], [ 125.0319949, 10.3636601 ], [ 125.0315496, 10.3638342 ], [ 125.0313022, 10.3639998 ], [ 125.0310443, 10.3641434 ], [ 125.0308011, 10.3641857 ], [ 125.0304338, 10.3640611 ], [ 125.0299878, 10.363877 ], [ 125.0290919, 10.3641461 ], [ 125.0289042, 10.3641091 ], [ 125.0285179, 10.363782 ], [ 125.0279332, 10.3634706 ], [ 125.0273113, 10.3631995 ] ] } },
{ "type": "Feature", "properties": { "u": 2527260034, "v": 1774376366, "key": 0, "osmid": "165931095", "highway": "trunk", "oneway": false, "reversed": "False", "length": 23.300603034480151, "lanes": "2", "name": "Maharlika Highway", "ref": "1", "bridge": null, "maxspeed": null, "access": null }, "geometry": { "type": "LineString", "coordinates": [ [ 125.0273113, 10.3631995 ], [ 125.0272293, 10.3633929 ] ] } },
{ "type": "Feature", "properties": { "u": 2527260034, "v": 1774379192, "key": 0, "osmid": "165931095", "highway": "trunk", "oneway": false, "reversed": "True", "length": 135.91194377088593, "lanes": "2", "name": "Maharlika Highway", "ref": "1", "bridge": null, "maxspeed": null, "access": null }, "geometry": { "type": "LineString", "coordinates": [ [ 125.0273113, 10.3631995 ], [ 125.0275783, 10.3625693 ], [ 125.0277829, 10.3620687 ] ] } },
{ "type": "Feature", "properties": { "u": 2527260034, "v": 2527259956, "key": 0, "osmid": "245544260", "highway": "unclassified", "oneway": false, "reversed": "False", "length": 5295.4265717112221, "lanes": null, "name": null, "ref": null, "bridge": null, "maxspeed": null, "access": null }, "geometry": { "type": "LineString", "coordinates": [ [ 125.0273113, 10.3631995 ], [ 125.0279332, 10.3634706 ], [ 125.0285179, 10.363782 ], [ 125.0289042, 10.3641091 ], [ 125.0290919, 10.3641461 ], [ 125.0299878, 10.363877 ], [ 125.0304338, 10.3640611 ], [ 125.0308011, 10.3641857 ], [ 125.0310443, 10.3641434 ], [ 125.0313022, 10.3639998 ], [ 125.0315496, 10.3638342 ], [ 125.0319949, 10.3636601 ], [ 125.0323267, 10.3636659 ], [ 125.0325895, 10.3637609 ], [ 125.0327698, 10.3639056 ], [ 125.03288, 10.3640875 ], [ 125.0333709, 10.3647949 ], [ 125.0336055, 10.3649846 ], [ 125.0340065, 10.3652431 ], [ 125.0344671, 10.3655022 ], [ 125.0348044, 10.3657014 ], [ 125.0349218, 10.3658441 ], [ 125.0348058, 10.3660347 ], [ 125.0345636, 10.366088 ], [ 125.03429, 10.3659877 ], [ 125.0339789, 10.3659349 ], [ 125.0338126, 10.3660194 ], [ 125.0337898, 10.3661263 ], [ 125.0340655, 10.3663763 ], [ 125.0344021, 10.3666653 ], [ 125.0348211, 10.3669903 ], [ 125.0350947, 10.3672225 ], [ 125.035269, 10.3674692 ], [ 125.0355936, 10.3677607 ], [ 125.0359476, 10.3679929 ], [ 125.0362574, 10.3681024 ], [ 125.0365484, 10.368113 ], [ 125.0368596, 10.3680615 ], [ 125.0370822, 10.3679823 ], [ 125.0372265, 10.367842 ], [ 125.0374631, 10.3675352 ], [ 125.0375329, 10.3675325 ], [ 125.0378529, 10.3676916 ], [ 125.03818, 10.367776 ], [ 125.0384045, 10.3677766 ], [ 125.0388176, 10.3677713 ], [ 125.0390858, 10.3677977 ], [ 125.0393916, 10.3677423 ], [ 125.0395525, 10.3675219 ], [ 125.0396491, 10.3673333 ], [ 125.0397477, 10.3672925 ], [ 125.0400737, 10.3676072 ], [ 125.0405396, 10.3676024 ], [ 125.0407649, 10.3674811 ], [ 125.0408515, 10.3675227 ], [ 125.0410901, 10.3676037 ], [ 125.0412056, 10.3675597 ], [ 125.0413665, 10.3674067 ], [ 125.0416689, 10.3673057 ], [ 125.041978, 10.3674753 ], [ 125.0428731, 10.3678874 ], [ 125.0435472, 10.3682391 ], [ 125.0439192, 10.3682937 ], [ 125.044697, 10.3682356 ], [ 125.0453139, 10.3682093 ], [ 125.0460201, 10.3683406 ], [ 125.0470091, 10.3683887 ], [ 125.0476125, 10.3683649 ], [ 125.0484413, 10.3685707 ], [ 125.048916, 10.3682646 ], [ 125.0493801, 10.3677237 ], [ 125.0498155, 10.3677444 ], [ 125.0500668, 10.3679032 ], [ 125.0501695, 10.3681665 ], [ 125.05004, 10.3685681 ], [ 125.0498906, 10.3689739 ], [ 125.0498745, 10.3696124 ], [ 125.0498724, 10.3704063 ], [ 125.0497466, 10.3712223 ], [ 125.049643, 10.3720402 ], [ 125.0496706, 10.3725093 ], [ 125.0498316, 10.3727732 ], [ 125.0499925, 10.3734539 ], [ 125.0501902, 10.374077 ], [ 125.0505879, 10.3751793 ], [ 125.0511075, 10.3762405 ], [ 125.0512478, 10.3767307 ], [ 125.051306, 10.3774805 ], [ 125.0513068, 10.3780393 ], [ 125.0514409, 10.3785142 ], [ 125.0517038, 10.3790063 ], [ 125.0519175, 10.3794118 ], [ 125.0522662, 10.3797231 ], [ 125.0524011, 10.3799917 ], [ 125.0525504, 10.3802243 ], [ 125.0527556, 10.3802757 ], [ 125.0529904, 10.3802402 ], [ 125.0532165, 10.3801025 ], [ 125.0533659, 10.380103 ], [ 125.0536501, 10.3802243 ], [ 125.0539519, 10.3804248 ], [ 125.0541785, 10.3804565 ], [ 125.0542577, 10.3803206 ], [ 125.0542135, 10.3799816 ], [ 125.0544334, 10.3799078 ], [ 125.0546327, 10.3800128 ], [ 125.0549269, 10.3804776 ], [ 125.0552166, 10.3811319 ], [ 125.0555679, 10.3815791 ], [ 125.0557906, 10.381992 ], [ 125.0560436, 10.3823239 ], [ 125.0563646, 10.382525 ], [ 125.056521, 10.382878 ] ] } },
{ "type": "Feature", "properties": { "u": 2527308563, "v": 1774382343, "key": 0, "osmid": "245550230", "highway": "unclassified", "oneway": false, "reversed": "True", "length": 479.56500746168558, "lanes": null, "name": null, "ref": null, "bridge": null, "maxspeed": null, "access": null }, "geometry": { "type": "LineString", "coordinates": [ [ 125.0218499, 10.3932151 ], [ 125.0212195, 10.3925845 ], [ 125.0208789, 10.3919936 ], [ 125.0195619, 10.3903447 ], [ 125.0189879, 10.390018 ] ] } },
{ "type": "Feature", "properties": { "u": 2527308637, "v": 8324175533, "key": 0, "osmid": "245550229", "highway": "residential", "oneway": false, "reversed": "False", "length": 411.87118867645552, "lanes": null, "name": null, "ref": null, "bridge": null, "maxspeed": null, "access": null }, "geometry": { "type": "LineString", "coordinates": [ [ 125.0111023, 10.4017548 ], [ 125.0114483, 10.4022763 ], [ 125.0117232, 10.4028114 ], [ 125.0117527, 10.4034287 ], [ 125.0114992, 10.4045116 ], [ 125.0113584, 10.4046699 ], [ 125.0111479, 10.4048981 ], [ 125.0110272, 10.4050999 ] ] } },
{ "type": "Feature", "properties": { "u": 2527308637, "v": 1769463858, "key": 0, "osmid": "245550229", "highway": "residential", "oneway": false, "reversed": "True", "length": 901.1459474513033, "lanes": null, "name": null, "ref": null, "bridge": null, "maxspeed": null, "access": null }, "geometry": { "type": "LineString", "coordinates": [ [ 125.0111023, 10.4017548 ], [ 125.0103126, 10.4005481 ], [ 125.0097759, 10.400131 ], [ 125.0094125, 10.3998778 ], [ 125.0090986, 10.3998408 ], [ 125.0087996, 10.3998065 ], [ 125.0081773, 10.3998831 ], [ 125.0067713, 10.4000581 ], [ 125.0047324, 10.3995002 ], [ 125.0039345, 10.3991511 ] ] } },
{ "type": "Feature", "properties": { "u": 2527308637, "v": 8314412767, "key": 0, "osmid": "894524366", "highway": "residential", "oneway": false, "reversed": "False", "length": 217.70415527353336, "lanes": null, "name": null, "ref": null, "bridge": null, "maxspeed": null, "access": null }, "geometry": { "type": "LineString", "coordinates": [ [ 125.0111023, 10.4017548 ], [ 125.0120638, 10.401433 ], [ 125.0124849, 10.4013367 ], [ 125.01302, 10.4012483 ] ] } },
{ "type": "Feature", "properties": { "u": 2527308666, "v": 8526862760, "key": 0, "osmid": "918096622", "highway": "residential", "oneway": false, "reversed": "False", "length": 41.373804496042304, "lanes": null, "name": null, "ref": null, "bridge": null, "maxspeed": null, "access": null }, "geometry": { "type": "LineString", "coordinates": [ [ 125.0113356, 10.406452 ], [ 125.0112392, 10.4068118 ] ] } },
{ "type": "Feature", "properties": { "u": 2527308666, "v": 2527308668, "key": 0, "osmid": "245550229", "highway": "residential", "oneway": false, "reversed": "False", "length": 96.191027582323287, "lanes": null, "name": null, "ref": null, "bridge": null, "maxspeed": null, "access": null }, "geometry": { "type": "LineString", "coordinates": [ [ 125.0113356, 10.406452 ], [ 125.0119591, 10.4067911 ], [ 125.0121063, 10.4068688 ] ] } },
{ "type": "Feature", "properties": { "u": 2527308666, "v": 8324175533, "key": 0, "osmid": "245550229", "highway": "residential", "oneway": false, "reversed": "True", "length": 172.5233485111668, "lanes": null, "name": null, "ref": null, "bridge": null, "maxspeed": null, "access": null }, "geometry": { "type": "LineString", "coordinates": [ [ 125.0113356, 10.406452 ], [ 125.0110188, 10.4062507 ], [ 125.0108984, 10.4059072 ], [ 125.0109909, 10.4053576 ], [ 125.0110272, 10.4050999 ] ] } },
{ "type": "Feature", "properties": { "u": 2527308668, "v": 2527308666, "key": 0, "osmid": "245550229", "highway": "residential", "oneway": false, "reversed": "True", "length": 96.191027582323287, "lanes": null, "name": null, "ref": null, "bridge": null, "maxspeed": null, "access": null }, "geometry": { "type": "LineString", "coordinates": [ [ 125.0121063, 10.4068688 ], [ 125.0119591, 10.4067911 ], [ 125.0113356, 10.406452 ] ] } },
{ "type": "Feature", "properties": { "u": 2528239561, "v": 1404221036, "key": 0, "osmid": [ 126748580, 1034348213 ], "highway": "tertiary", "oneway": false, "reversed": "False", "length": 92.603570454953598, "lanes": null, "name": "Don Benito Faelnar Street", "ref": null, "bridge": null, "maxspeed": null, "access": null }, "geometry": { "type": "LineString", "coordinates": [ [ 124.9861138, 10.3900878 ], [ 124.9861674, 10.3902697 ], [ 124.9861794, 10.3904333 ], [ 124.9860601, 10.3905612 ], [ 124.985856, 10.3907919 ] ] } },
{ "type": "Feature", "properties": { "u": 2528239561, "v": 1404221039, "key": 0, "osmid": "126748580", "highway": "tertiary", "oneway": false, "reversed": "True", "length": 468.49286236207337, "lanes": null, "name": "Don Benito Faelnar Street", "ref": null, "bridge": null, "maxspeed": null, "access": null }, "geometry": { "type": "LineString", "coordinates": [ [ 124.9861138, 10.3900878 ], [ 124.9859528, 10.3895416 ], [ 124.985755, 10.3887747 ], [ 124.9857092, 10.388597 ], [ 124.9855558, 10.3880114 ], [ 124.9854915, 10.3867872 ], [ 124.9854692, 10.3860619 ], [ 124.9854657, 10.3859481 ] ] } },
{ "type": "Feature", "properties": { "u": 2528239561, "v": 2528239562, "key": 0, "osmid": "245671683", "highway": "residential", "oneway": false, "reversed": "False", "length": 229.13697320006227, "lanes": null, "name": null, "ref": null, "bridge": null, "maxspeed": null, "access": null }, "geometry": { "type": "LineString", "coordinates": [ [ 124.9861138, 10.3900878 ], [ 124.98645, 10.3899945 ], [ 124.9868261, 10.3898901 ], [ 124.9870674, 10.3898095 ], [ 124.9871994, 10.3897916 ], [ 124.9872789, 10.3898355 ], [ 124.9874426, 10.3901196 ], [ 124.9877107, 10.3905848 ] ] } },
{ "type": "Feature", "properties": { "u": 2528239562, "v": 2528288488, "key": 0, "osmid": "245671683", "highway": "residential", "oneway": false, "reversed": "False", "length": 369.34562877670976, "lanes": null, "name": null, "ref": null, "bridge": null, "maxspeed": null, "access": null }, "geometry": { "type": "LineString", "coordinates": [ [ 124.9877107, 10.3905848 ], [ 124.9877349, 10.3908143 ], [ 124.9875122, 10.3911678 ], [ 124.9875954, 10.391524 ], [ 124.9877349, 10.3916401 ], [ 124.9880004, 10.391772 ], [ 124.9881814, 10.3916994 ], [ 124.9886616, 10.3917007 ], [ 124.9891055, 10.3919263 ], [ 124.9889432, 10.3925885 ] ] } },
{ "type": "Feature", "properties": { "u": 2528239562, "v": 2528239561, "key": 0, "osmid": "245671683", "highway": "residential", "oneway": false, "reversed": "True", "length": 229.13697320006227, "lanes": null, "name": null, "ref": null, "bridge": null, "maxspeed": null, "access": null }, "geometry": { "type": "LineString", "coordinates": [ [ 124.9877107, 10.3905848 ], [ 124.9874426, 10.3901196 ], [ 124.9872789, 10.3898355 ], [ 124.9871994, 10.3897916 ], [ 124.9870674, 10.3898095 ], [ 124.9868261, 10.3898901 ], [ 124.98645, 10.3899945 ], [ 124.9861138, 10.3900878 ] ] } },
{ "type": "Feature", "properties": { "u": 2528239562, "v": 8323339131, "key": 0, "osmid": "895420437", "highway": "residential", "oneway": false, "reversed": "False", "length": 97.561895379195306, "lanes": null, "name": null, "ref": null, "bridge": null, "maxspeed": null, "access": null }, "geometry": { "type": "LineString", "coordinates": [ [ 124.9877107, 10.3905848 ], [ 124.9878509, 10.3906234 ], [ 124.9880192, 10.3905175 ], [ 124.9883893, 10.3909132 ] ] } },
{ "type": "Feature", "properties": { "u": 2528253735, "v": 2528253758, "key": 0, "osmid": "245672646", "highway": "residential", "oneway": false, "reversed": "False", "length": 95.867809040142674, "lanes": null, "name": "Don Vicente Street", "ref": null, "bridge": null, "maxspeed": "30", "access": null }, "geometry": { "type": "LineString", "coordinates": [ [ 124.9847309, 10.3912681 ], [ 124.9845285, 10.3913765 ], [ 124.98436, 10.3914414 ], [ 124.9841802, 10.3914929 ], [ 124.9839037, 10.3915198 ] ] } },
{ "type": "Feature", "properties": { "u": 2528253735, "v": 504407099, "key": 0, "osmid": "277530192", "highway": "primary", "oneway": false, "reversed": "False", "length": 49.182472995890606, "lanes": "2", "name": "Rizal Street", "ref": "692", "bridge": null, "maxspeed": null, "access": null }, "geometry": { "type": "LineString", "coordinates": [ [ 124.9847309, 10.3912681 ], [ 124.9848258, 10.3914676 ], [ 124.9848936, 10.3916794 ] ] } },
{ "type": "Feature", "properties": { "u": 2528253735, "v": 8305491666, "key": 0, "osmid": "277530192", "highway": "primary", "oneway": false, "reversed": "True", "length": 288.13044294996644, "lanes": "2", "name": "Rizal Street", "ref": "692", "bridge": null, "maxspeed": null, "access": null }, "geometry": { "type": "LineString", "coordinates": [ [ 124.9847309, 10.3912681 ], [ 124.9846767, 10.3911541 ], [ 124.9844185, 10.3907212 ], [ 124.9842078, 10.3903269 ], [ 124.9839414, 10.3898451 ], [ 124.9834668, 10.3889953 ] ] } },
{ "type": "Feature", "properties": { "u": 2528253758, "v": 2528253835, "key": 0, "osmid": "245672643", "highway": "residential", "oneway": false, "reversed": "True", "length": 146.92322825366432, "lanes": null, "name": null, "ref": null, "bridge": null, "maxspeed": null, "access": null }, "geometry": { "type": "LineString", "coordinates": [ [ 124.9839037, 10.3915198 ], [ 124.9839846, 10.3917009 ], [ 124.9839795, 10.3917675 ], [ 124.9839765, 10.3918007 ], [ 124.9839508, 10.3919258 ], [ 124.9839202, 10.3920318 ], [ 124.9839024, 10.3922308 ], [ 124.9839156, 10.3923676 ], [ 124.9839281, 10.3924561 ], [ 124.9839486, 10.3925423 ], [ 124.9840203, 10.3926308 ], [ 124.9840276, 10.3926399 ], [ 124.9840958, 10.3926476 ], [ 124.9841405, 10.3927123 ] ] } },
{ "type": "Feature", "properties": { "u": 2528253758, "v": 1641041964, "key": 0, "osmid": "245672646", "highway": "residential", "oneway": false, "reversed": "False", "length": 233.8552649280756, "lanes": null, "name": "Don Vicente Street", "ref": null, "bridge": null, "maxspeed": "30", "access": null }, "geometry": { "type": "LineString", "coordinates": [ [ 124.9839037, 10.3915198 ], [ 124.9838117, 10.3915132 ], [ 124.9837579, 10.3915085 ], [ 124.9835793, 10.3914997 ], [ 124.9834017, 10.391437 ], [ 124.9833094, 10.3914092 ], [ 124.9830749, 10.3913273 ], [ 124.9826573, 10.3911795 ], [ 124.9824092, 10.391119 ], [ 124.9818388, 10.3910178 ] ] } },
{ "type": "Feature", "properties": { "u": 2528253758, "v": 2528253735, "key": 0, "osmid": "245672646", "highway": "residential", "oneway": false, "reversed": "True", "length": 95.86780904014266, "lanes": null, "name": "Don Vicente Street", "ref": null, "bridge": null, "maxspeed": "30", "access": null }, "geometry": { "type": "LineString", "coordinates": [ [ 124.9839037, 10.3915198 ], [ 124.9841802, 10.3914929 ], [ 124.98436, 10.3914414 ], [ 124.9845285, 10.3913765 ], [ 124.9847309, 10.3912681 ] ] } },
{ "type": "Feature", "properties": { "u": 2528253763, "v": 1641041941, "key": 0, "osmid": "151284368", "highway": "residential", "oneway": false, "reversed": "False", "length": 196.44981721542052, "lanes": null, "name": null, "ref": null, "bridge": null, "maxspeed": null, "access": null }, "geometry": { "type": "LineString", "coordinates": [ [ 124.9817995, 10.3916592 ], [ 124.9817975, 10.3917998 ], [ 124.9817961, 10.3918796 ], [ 124.9817986, 10.3919543 ], [ 124.9818045, 10.3923601 ], [ 124.9817616, 10.3927189 ], [ 124.9816067, 10.3931725 ], [ 124.9815304, 10.3933856 ] ] } },
{ "type": "Feature", "properties": { "u": 2528253763, "v": 1641041964, "key": 0, "osmid": "151284368", "highway": "residential", "oneway": false, "reversed": "True", "length": 71.450961068639756, "lanes": null, "name": null, "ref": null, "bridge": null, "maxspeed": null, "access": null }, "geometry": { "type": "LineString", "coordinates": [ [ 124.9817995, 10.3916592 ], [ 124.9818138, 10.3914526 ], [ 124.9818388, 10.3910178 ] ] } },
{ "type": "Feature", "properties": { "u": 2528253763, "v": 2528253783, "key": 0, "osmid": "245672650", "highway": "residential", "oneway": false, "reversed": "False", "length": 78.141287281841912, "lanes": null, "name": null, "ref": null, "bridge": null, "maxspeed": null, "access": null }, "geometry": { "type": "LineString", "coordinates": [ [ 124.9817995, 10.3916592 ], [ 124.9820334, 10.3916746 ], [ 124.9821619, 10.3917245 ], [ 124.9822663, 10.3918637 ], [ 124.9823235, 10.392017 ] ] } },
{ "type": "Feature", "properties": { "u": 2528253771, "v": 504407099, "key": 0, "osmid": "277530192", "highway": "primary", "oneway": false, "reversed": "True", "length": 11.184151871022063, "lanes": "2", "name": "Rizal Street", "ref": "692", "bridge": null, "maxspeed": null, "access": null }, "geometry": { "type": "LineString", "coordinates": [ [ 124.9849266, 10.3917746 ], [ 124.9848936, 10.3916794 ] ] } },
{ "type": "Feature", "properties": { "u": 2528253771, "v": 11006958739, "key": 0, "osmid": "245672641", "highway": "residential", "oneway": false, "reversed": "False", "length": 86.191438790478074, "lanes": null, "name": null, "ref": null, "bridge": null, "maxspeed": null, "access": null }, "geometry": { "type": "LineString", "coordinates": [ [ 124.9849266, 10.3917746 ], [ 124.9850111, 10.3918742 ], [ 124.9850372, 10.3920589 ], [ 124.9850707, 10.3923635 ], [ 124.9850751, 10.392516 ] ] } },
{ "type": "Feature", "properties": { "u": 2528253771, "v": 2525826745, "key": 0, "osmid": [ 277530192, 1409653877, 245672648 ], "highway": "primary", "oneway": false, "reversed": "False", "length": 280.48267209420601, "lanes": "2", "name": "Rizal Street", "ref": "692", "bridge": "cantilever", "maxspeed": null, "access": null }, "geometry": { "type": "LineString", "coordinates": [ [ 124.9849266, 10.3917746 ], [ 124.9849247, 10.3919037 ], [ 124.9848957, 10.3921324 ], [ 124.9847993, 10.3931614 ], [ 124.9847301, 10.3938744 ], [ 124.9846767, 10.3942843 ] ] } },
{ "type": "Feature", "properties": { "u": 2528253783, "v": 8305491673, "key": 0, "osmid": "245672650", "highway": "residential", "oneway": false, "reversed": "False", "length": 38.775176977150132, "lanes": null, "name": null, "ref": null, "bridge": null, "maxspeed": null, "access": null }, "geometry": { "type": "LineString", "coordinates": [ [ 124.9823235, 10.392017 ], [ 124.9823102, 10.3921647 ], [ 124.9823064, 10.3923651 ] ] } },
{ "type": "Feature", "properties": { "u": 2528253783, "v": 2528253763, "key": 0, "osmid": "245672650", "highway": "residential", "oneway": false, "reversed": "True", "length": 78.141287281841898, "lanes": null, "name": null, "ref": null, "bridge": null, "maxspeed": null, "access": null }, "geometry": { "type": "LineString", "coordinates": [ [ 124.9823235, 10.392017 ], [ 124.9822663, 10.3918637 ], [ 124.9821619, 10.3917245 ], [ 124.9820334, 10.3916746 ], [ 124.9817995, 10.3916592 ] ] } },
{ "type": "Feature", "properties": { "u": 2528253783, "v": 8305491676, "key": 0, "osmid": "893631838", "highway": "residential", "oneway": false, "reversed": "False", "length": 108.70458442314717, "lanes": null, "name": null, "ref": null, "bridge": null, "maxspeed": null, "access": null }, "geometry": { "type": "LineString", "coordinates": [ [ 124.9823235, 10.392017 ], [ 124.982931, 10.3920345 ], [ 124.9829806, 10.392111 ], [ 124.9829873, 10.3921901 ], [ 124.9829538, 10.3923972 ] ] } },
{ "type": "Feature", "properties": { "u": 2528253835, "v": 2528253758, "key": 0, "osmid": "245672643", "highway": "residential", "oneway": false, "reversed": "False", "length": 146.92322825366435, "lanes": null, "name": null, "ref": null, "bridge": null, "maxspeed": null, "access": null }, "geometry": { "type": "LineString", "coordinates": [ [ 124.9841405, 10.3927123 ], [ 124.9840958, 10.3926476 ], [ 124.9840276, 10.3926399 ], [ 124.9840203, 10.3926308 ], [ 124.9839486, 10.3925423 ], [ 124.9839281, 10.3924561 ], [ 124.9839156, 10.3923676 ], [ 124.9839024, 10.3922308 ], [ 124.9839202, 10.3920318 ], [ 124.9839508, 10.3919258 ], [ 124.9839765, 10.3918007 ], [ 124.9839795, 10.3917675 ], [ 124.9839846, 10.3917009 ], [ 124.9839037, 10.3915198 ] ] } },
{ "type": "Feature", "properties": { "u": 2528253835, "v": 11006958739, "key": 0, "osmid": [ 1184935958, 245672647 ], "highway": "residential", "oneway": false, "reversed": [ false, true ], "length": 105.18749862876516, "lanes": null, "name": null, "ref": null, "bridge": null, "maxspeed": null, "access": null }, "geometry": { "type": "LineString", "coordinates": [ [ 124.9841405, 10.3927123 ], [ 124.9842723, 10.3926742 ], [ 124.9844621, 10.3926014 ], [ 124.9845158, 10.3925877 ], [ 124.9846376, 10.3925652 ], [ 124.9849708, 10.3925159 ], [ 124.9850751, 10.392516 ] ] } },
{ "type": "Feature", "properties": { "u": 2528253835, "v": 2528253886, "key": 0, "osmid": "245672647", "highway": "residential", "oneway": false, "reversed": "True", "length": 139.3528920484051, "lanes": null, "name": null, "ref": null, "bridge": null, "maxspeed": null, "access": null }, "geometry": { "type": "LineString", "coordinates": [ [ 124.9841405, 10.3927123 ], [ 124.9841262, 10.3927194 ], [ 124.9840377, 10.3927646 ], [ 124.983924, 10.3928197 ], [ 124.9837373, 10.3929339 ], [ 124.9835757, 10.3930526 ], [ 124.9834164, 10.3932071 ], [ 124.9832774, 10.3933124 ], [ 124.9830824, 10.3933915 ] ] } },
{ "type": "Feature", "properties": { "u": 2528253841, "v": 11006958739, "key": 0, "osmid": "245672641", "highway": "residential", "oneway": false, "reversed": "True", "length": 470.52265593889757, "lanes": null, "name": null, "ref": null, "bridge": null, "maxspeed": null, "access": null }, "geometry": { "type": "LineString", "coordinates": [ [ 124.9890076, 10.3930238 ], [ 124.9889338, 10.3929038 ], [ 124.9881533, 10.3927376 ], [ 124.9868202, 10.3925265 ], [ 124.9866888, 10.3924711 ], [ 124.9862784, 10.392479 ], [ 124.985286, 10.3928035 ], [ 124.9851894, 10.392793 ], [ 124.9851251, 10.3927217 ], [ 124.9850875, 10.3926333 ], [ 124.9850816, 10.3925779 ], [ 124.9850751, 10.392516 ] ] } },
{ "type": "Feature", "properties": { "u": 2528253866, "v": 8305491673, "key": 0, "osmid": "245672650", "highway": "residential", "oneway": false, "reversed": "True", "length": 71.202739939315592, "lanes": null, "name": null, "ref": null, "bridge": null, "maxspeed": null, "access": null }, "geometry": { "type": "LineString", "coordinates": [ [ 124.982242, 10.3930023 ], [ 124.9823064, 10.3923651 ] ] } },
{ "type": "Feature", "properties": { "u": 2528253886, "v": 2528253835, "key": 0, "osmid": "245672647", "highway": "residential", "oneway": false, "reversed": "False", "length": 139.35289204840512, "lanes": null, "name": null, "ref": null, "bridge": null, "maxspeed": null, "access": null }, "geometry": { "type": "LineString", "coordinates": [ [ 124.9830824, 10.3933915 ], [ 124.9832774, 10.3933124 ], [ 124.9834164, 10.3932071 ], [ 124.9835757, 10.3930526 ], [ 124.9837373, 10.3929339 ], [ 124.983924, 10.3928197 ], [ 124.9840377, 10.3927646 ], [ 124.9841262, 10.3927194 ], [ 124.9841405, 10.3927123 ] ] } },
{ "type": "Feature", "properties": { "u": 2528253886, "v": 8305491676, "key": 0, "osmid": "245672647", "highway": "residential", "oneway": false, "reversed": "True", "length": 115.34581671144649, "lanes": null, "name": null, "ref": null, "bridge": null, "maxspeed": null, "access": null }, "geometry": { "type": "LineString", "coordinates": [ [ 124.9830824, 10.3933915 ], [ 124.9830438, 10.3933572 ], [ 124.982994, 10.3932496 ], [ 124.9829645, 10.3931109 ], [ 124.9829203, 10.3930278 ], [ 124.9829364, 10.3924869 ], [ 124.9829538, 10.3923972 ] ] } },
{ "type": "Feature", "properties": { "u": 2528253886, "v": 1641041941, "key": 0, "osmid": "893631839", "highway": "residential", "oneway": false, "reversed": "True", "length": 171.17664756209896, "lanes": null, "name": null, "ref": null, "bridge": null, "maxspeed": null, "access": null }, "geometry": { "type": "LineString", "coordinates": [ [ 124.9830824, 10.3933915 ], [ 124.9819252, 10.3934551 ], [ 124.981783, 10.3934604 ], [ 124.9815304, 10.3933856 ] ] } },
{ "type": "Feature", "properties": { "u": 2528285420, "v": 7642343020, "key": 0, "osmid": "245676050", "highway": "residential", "oneway": false, "reversed": "False", "length": 49.201762538773039, "lanes": null, "name": null, "ref": null, "bridge": null, "maxspeed": null, "access": null }, "geometry": { "type": "LineString", "coordinates": [ [ 124.9847225, 10.3820431 ], [ 124.9851196, 10.3818352 ] ] } },
{ "type": "Feature", "properties": { "u": 2528285420, "v": 1641042274, "key": 0, "osmid": "245676050", "highway": "residential", "oneway": false, "reversed": "True", "length": 59.240075981558334, "lanes": null, "name": null, "ref": null, "bridge": null, "maxspeed": null, "access": null }, "geometry": { "type": "LineString", "coordinates": [ [ 124.9847225, 10.3820431 ], [ 124.9842214, 10.3822453 ] ] } },
{ "type": "Feature", "properties": { "u": 2528285420, "v": 8324307044, "key": 0, "osmid": "895524765", "highway": "residential", "oneway": false, "reversed": "False", "length": 36.390131286479317, "lanes": null, "name": null, "ref": null, "bridge": null, "maxspeed": null, "access": null }, "geometry": { "type": "LineString", "coordinates": [ [ 124.9847225, 10.3820431 ], [ 124.9848703, 10.3823363 ] ] } },
{ "type": "Feature", "properties": { "u": 2528285422, "v": 1641042110, "key": 0, "osmid": "151284370", "highway": "residential", "oneway": false, "reversed": "True", "length": 3.8000418031813705, "lanes": null, "name": null, "ref": null, "bridge": null, "maxspeed": null, "access": null }, "geometry": { "type": "LineString", "coordinates": [ [ 124.9759258, 10.3832405 ], [ 124.9759352, 10.3832076 ] ] } },
{ "type": "Feature", "properties": { "u": 2528285422, "v": 1641042140, "key": 0, "osmid": "151284370", "highway": "residential", "oneway": false, "reversed": "False", "length": 213.04797320199921, "lanes": null, "name": null, "ref": null, "bridge": null, "maxspeed": null, "access": null }, "geometry": { "type": "LineString", "coordinates": [ [ 124.9759258, 10.3832405 ], [ 124.97574, 10.3838032 ], [ 124.9755974, 10.384169 ], [ 124.975396, 10.3846521 ], [ 124.975221, 10.3850247 ] ] } },
{ "type": "Feature", "properties": { "u": 2528285422, "v": 2528285430, "key": 0, "osmid": "245676062", "highway": "residential", "oneway": false, "reversed": "False", "length": 258.13080236358394, "lanes": null, "name": null, "ref": null, "bridge": null, "maxspeed": null, "access": null }, "geometry": { "type": "LineString", "coordinates": [ [ 124.9759258, 10.3832405 ], [ 124.9762977, 10.3835038 ], [ 124.9765777, 10.383656 ], [ 124.9768896, 10.3837926 ], [ 124.9771673, 10.3839046 ], [ 124.9773927, 10.3839292 ], [ 124.9777751, 10.3839785 ], [ 124.9779777, 10.384012 ], [ 124.9780992, 10.3840273 ] ] } },
{ "type": "Feature", "properties": { "u": 2528285430, "v": 12953473771, "key": 0, "osmid": "151284354", "highway": "residential", "oneway": false, "reversed": "False", "length": 39.575853533346667, "lanes": null, "name": "T. Dagohoy Street", "ref": null, "bridge": null, "maxspeed": null, "access": null }, "geometry": { "type": "LineString", "coordinates": [ [ 124.9780992, 10.3840273 ], [ 124.9779597, 10.3843557 ] ] } },
{ "type": "Feature", "properties": { "u": 2528285430, "v": 1641042171, "key": 0, "osmid": "151284354", "highway": "residential", "oneway": false, "reversed": "True", "length": 85.880335385900423, "lanes": null, "name": "T. Dagohoy Street", "ref": null, "bridge": null, "maxspeed": null, "access": null }, "geometry": { "type": "LineString", "coordinates": [ [ 124.9780992, 10.3840273 ], [ 124.978402, 10.3833147 ] ] } },
{ "type": "Feature", "properties": { "u": 2528285430, "v": 2528285422, "key": 0, "osmid": "245676062", "highway": "residential", "oneway": false, "reversed": "True", "length": 258.13080236358394, "lanes": null, "name": null, "ref": null, "bridge": null, "maxspeed": null, "access": null }, "geometry": { "type": "LineString", "coordinates": [ [ 124.9780992, 10.3840273 ], [ 124.9779777, 10.384012 ], [ 124.9777751, 10.3839785 ], [ 124.9773927, 10.3839292 ], [ 124.9771673, 10.3839046 ], [ 124.9768896, 10.3837926 ], [ 124.9765777, 10.383656 ], [ 124.9762977, 10.3835038 ], [ 124.9759258, 10.3832405 ] ] } },
{ "type": "Feature", "properties": { "u": 2528285431, "v": 1641042310, "key": 0, "osmid": "1138545608", "highway": "unclassified", "oneway": false, "reversed": "False", "length": 95.440148313921426, "lanes": null, "name": null, "ref": null, "bridge": null, "maxspeed": null, "access": null }, "geometry": { "type": "LineString", "coordinates": [ [ 124.9790954, 10.384521 ], [ 124.9792002, 10.3836689 ] ] } },
{ "type": "Feature", "properties": { "u": 2528285431, "v": 1404221063, "key": 0, "osmid": "1138545608", "highway": "unclassified", "oneway": false, "reversed": "True", "length": 52.128294022517174, "lanes": null, "name": null, "ref": null, "bridge": null, "maxspeed": null, "access": null }, "geometry": { "type": "LineString", "coordinates": [ [ 124.9790954, 10.384521 ], [ 124.9790381, 10.3849864 ] ] } },
{ "type": "Feature", "properties": { "u": 2528285431, "v": 2528285433, "key": 0, "osmid": "245676053", "highway": "residential", "oneway": false, "reversed": "False", "length": 119.98816001463142, "lanes": null, "name": null, "ref": null, "bridge": null, "maxspeed": null, "access": null }, "geometry": { "type": "LineString", "coordinates": [ [ 124.9790954, 10.384521 ], [ 124.9796264, 10.3845689 ], [ 124.9801901, 10.3845803 ] ] } },
{ "type": "Feature", "properties": { "u": 2528285433, "v": 1404221068, "key": 0, "osmid": "151284367", "highway": "residential", "oneway": false, "reversed": "False", "length": 52.138325161838814, "lanes": null, "name": "Zamora Street", "ref": null, "bridge": null, "maxspeed": null, "access": null }, "geometry": { "type": "LineString", "coordinates": [ [ 124.9801901, 10.3845803 ], [ 124.9801683, 10.3850487 ] ] } },
{ "type": "Feature", "properties": { "u": 2528285433, "v": 1641042100, "key": 0, "osmid": "151284367", "highway": "residential", "oneway": false, "reversed": "True", "length": 54.07179101178005, "lanes": null, "name": "Zamora Street", "ref": null, "bridge": null, "maxspeed": null, "access": null }, "geometry": { "type": "LineString", "coordinates": [ [ 124.9801901, 10.3845803 ], [ 124.9802273, 10.3840954 ] ] } },
{ "type": "Feature", "properties": { "u": 2528285433, "v": 2528285431, "key": 0, "osmid": "245676053", "highway": "residential", "oneway": false, "reversed": "True", "length": 119.98816001463142, "lanes": null, "name": null, "ref": null, "bridge": null, "maxspeed": null, "access": null }, "geometry": { "type": "LineString", "coordinates": [ [ 124.9801901, 10.3845803 ], [ 124.9796264, 10.3845689 ], [ 124.9790954, 10.384521 ] ] } },
{ "type": "Feature", "properties": { "u": 2528285437, "v": 2528329523, "key": 0, "osmid": "245680822", "highway": "residential", "oneway": false, "reversed": "False", "length": 88.112867619625533, "lanes": null, "name": "Bagares Street", "ref": null, "bridge": null, "maxspeed": null, "access": null }, "geometry": { "type": "LineString", "coordinates": [ [ 124.9853989, 10.3848598 ], [ 124.9862014, 10.3847902 ] ] } },
{ "type": "Feature", "properties": { "u": 2528285437, "v": 1404221060, "key": 0, "osmid": "126748577", "highway": "residential", "oneway": false, "reversed": "True", "length": 228.39546994591018, "lanes": null, "name": "Bagares Street", "ref": null, "bridge": null, "maxspeed": null, "access": null }, "geometry": { "type": "LineString", "coordinates": [ [ 124.9853989, 10.3848598 ], [ 124.9852102, 10.3849079 ], [ 124.9841971, 10.3850993 ], [ 124.9833425, 10.3852076 ] ] } },
{ "type": "Feature", "properties": { "u": 2528285437, "v": 1404221039, "key": 0, "osmid": "126748580", "highway": "tertiary", "oneway": false, "reversed": "False", "length": 121.2371030315273, "lanes": null, "name": "Don Benito Faelnar Street", "ref": null, "bridge": null, "maxspeed": null, "access": null }, "geometry": { "type": "LineString", "coordinates": [ [ 124.9853989, 10.3848598 ], [ 124.9854067, 10.3849508 ], [ 124.9854657, 10.3859481 ] ] } },
{ "type": "Feature", "properties": { "u": 2528285437, "v": 1641042338, "key": 0, "osmid": "126748580", "highway": "tertiary", "oneway": false, "reversed": "True", "length": 157.00768197127496, "lanes": null, "name": "Don Benito Faelnar Street", "ref": null, "bridge": null, "maxspeed": null, "access": null }, "geometry": { "type": "LineString", "coordinates": [ [ 124.9853989, 10.3848598 ], [ 124.9853504, 10.3844504 ], [ 124.9852673, 10.3839316 ], [ 124.9852541, 10.3838288 ], [ 124.985208, 10.3837387 ], [ 124.9851108, 10.3835774 ], [ 124.9850584, 10.3835128 ] ] } },
{ "type": "Feature", "properties": { "u": 2528285445, "v": 3959007174, "key": 0, "osmid": "245676047", "highway": "residential", "oneway": false, "reversed": "False", "length": 120.63507477900501, "lanes": null, "name": null, "ref": null, "bridge": null, "maxspeed": null, "access": null }, "geometry": { "type": "LineString", "coordinates": [ [ 124.9870978, 10.3853149 ], [ 124.9871515, 10.3855061 ], [ 124.9871837, 10.3856499 ], [ 124.987244, 10.385795 ], [ 124.9873164, 10.3858927 ], [ 124.9873781, 10.3859507 ], [ 124.9874425, 10.3860008 ], [ 124.9875028, 10.3860285 ], [ 124.9875578, 10.3860602 ], [ 124.9876048, 10.3860918 ], [ 124.9876383, 10.3861195 ], [ 124.987652, 10.3861276 ], [ 124.9876676, 10.3861352 ], [ 124.9877007, 10.3861525 ] ] } },
{ "type": "Feature", "properties": { "u": 2528285445, "v": 2528329523, "key": 0, "osmid": "245676059", "highway": "residential", "oneway": false, "reversed": "True", "length": 114.35309473469351, "lanes": null, "name": null, "ref": null, "bridge": null, "maxspeed": null, "access": null }, "geometry": { "type": "LineString", "coordinates": [ [ 124.9870978, 10.3853149 ], [ 124.9869577, 10.3852133 ], [ 124.9868138, 10.3851182 ], [ 124.9866814, 10.3850319 ], [ 124.9865317, 10.3849536 ], [ 124.9862014, 10.3847902 ] ] } },
{ "type": "Feature", "properties": { "u": 2528285445, "v": 2528329499, "key": 0, "osmid": "392710999", "highway": "residential", "oneway": false, "reversed": "True", "length": 86.793555948629916, "lanes": null, "name": null, "ref": null, "bridge": null, "maxspeed": null, "access": null }, "geometry": { "type": "LineString", "coordinates": [ [ 124.9870978, 10.3853149 ], [ 124.9869804, 10.3849915 ], [ 124.9869476, 10.3849078 ], [ 124.9869181, 10.3848233 ], [ 124.986898, 10.3847382 ], [ 124.9868872, 10.384634 ], [ 124.9868682, 10.3845707 ] ] } },
{ "type": "Feature", "properties": { "u": 2528285450, "v": 1641042343, "key": 0, "osmid": "151284355", "highway": "tertiary", "oneway": false, "reversed": "False", "length": 17.041006318900543, "lanes": null, "name": null, "ref": null, "bridge": null, "maxspeed": null, "access": null }, "geometry": { "type": "LineString", "coordinates": [ [ 124.9779243, 10.3865743 ], [ 124.9777704, 10.3865982 ] ] } },
{ "type": "Feature", "properties": { "u": 2528285450, "v": 1641042267, "key": 0, "osmid": "151284355", "highway": "tertiary", "oneway": false, "reversed": "True", "length": 121.13351352896862, "lanes": null, "name": null, "ref": null, "bridge": null, "maxspeed": null, "access": null }, "geometry": { "type": "LineString", "coordinates": [ [ 124.9779243, 10.3865743 ], [ 124.978382, 10.3865033 ], [ 124.9786712, 10.3864432 ], [ 124.9788375, 10.3863403 ], [ 124.9789416, 10.3862312 ] ] } },
{ "type": "Feature", "properties": { "u": 2528285450, "v": 1641041968, "key": 0, "osmid": [ 151284365, 245676055 ], "highway": "residential", "oneway": false, "reversed": "False", "length": 158.29204946483284, "lanes": null, "name": null, "ref": null, "bridge": null, "maxspeed": null, "access": null }, "geometry": { "type": "LineString", "coordinates": [ [ 124.9779243, 10.3865743 ], [ 124.9780232, 10.387076 ], [ 124.9782206, 10.3870605 ], [ 124.9782793, 10.387054 ], [ 124.9786033, 10.3870178 ], [ 124.9789466, 10.3869892 ] ] } },
{ "type": "Feature", "properties": { "u": 2528285468, "v": 2528329662, "key": 0, "osmid": [ 245680824, 151284357, 400681126, 245415999 ], "highway": "tertiary", "oneway": false, "reversed": [ false, true ], "length": 4076.353836361, "lanes": null, "name": [ "Flores Street", "Bagares Street" ], "ref": null, "bridge": null, "maxspeed": null, "access": null }, "geometry": { "type": "LineString", "coordinates": [ [ 124.9780672, 10.391759 ], [ 124.9777484, 10.3921245 ], [ 124.9774003, 10.3924815 ], [ 124.9772715, 10.3925923 ], [ 124.9769814, 10.3928258 ], [ 124.9766699, 10.3930589 ], [ 124.9766902, 10.3932766 ], [ 124.9767626, 10.3934481 ], [ 124.9768254, 10.393618 ], [ 124.9768594, 10.3937573 ], [ 124.9769297, 10.3938958 ], [ 124.9770953, 10.3941619 ], [ 124.9771159, 10.3942479 ], [ 124.9771776, 10.3944182 ], [ 124.9772222, 10.3945784 ], [ 124.9772582, 10.3946981 ], [ 124.9772582, 10.3949291 ], [ 124.9772068, 10.3952006 ], [ 124.9772136, 10.3953456 ], [ 124.9772805, 10.3956241 ], [ 124.9772702, 10.3957388 ], [ 124.9772188, 10.3958096 ], [ 124.9770988, 10.3958501 ], [ 124.9769959, 10.3958366 ], [ 124.9769445, 10.3957792 ], [ 124.9769239, 10.395668 ], [ 124.9767346, 10.3954373 ], [ 124.9762355, 10.3947593 ], [ 124.9760634, 10.3945031 ], [ 124.9759438, 10.3943439 ], [ 124.9758138, 10.3942658 ], [ 124.975754, 10.3938984 ], [ 124.9753476, 10.3937151 ], [ 124.9751301, 10.3938751 ], [ 124.9749136, 10.3940196 ], [ 124.9747037, 10.3943506 ], [ 124.9745378, 10.3947462 ], [ 124.97434, 10.395181 ], [ 124.9741081, 10.3953635 ], [ 124.9737742, 10.3955003 ], [ 124.9734249, 10.3956584 ], [ 124.973125, 10.395926 ], [ 124.9728251, 10.396002 ], [ 124.9723155, 10.395941 ], [ 124.9719935, 10.3959838 ], [ 124.9717245, 10.3960537 ], [ 124.9715898, 10.3962867 ], [ 124.9715978, 10.3965585 ], [ 124.9715885, 10.3967318 ], [ 124.9714308, 10.3968808 ], [ 124.9712484, 10.3970116 ], [ 124.9710722, 10.3973217 ], [ 124.9709115, 10.397568 ], [ 124.97076, 10.3977474 ], [ 124.9706827, 10.3980394 ], [ 124.9707322, 10.3984367 ], [ 124.9708867, 10.3991614 ], [ 124.9710292, 10.3996769 ], [ 124.9710016, 10.4000174 ], [ 124.9708665, 10.4002135 ], [ 124.9703024, 10.4004385 ], [ 124.9698387, 10.40077 ], [ 124.9694523, 10.4011075 ], [ 124.9691122, 10.4013203 ], [ 124.9689391, 10.4015271 ], [ 124.9688803, 10.4017977 ], [ 124.9688521, 10.4019316 ], [ 124.9687716, 10.4019817 ], [ 124.968667, 10.4019606 ], [ 124.9681547, 10.4016387 ], [ 124.9678838, 10.4014277 ], [ 124.9677953, 10.4010768 ], [ 124.9677658, 10.400747 ], [ 124.9678248, 10.4000506 ], [ 124.9679015, 10.3994143 ], [ 124.9679718, 10.3990704 ], [ 124.9680215, 10.3989574 ], [ 124.9681587, 10.3988461 ], [ 124.9686331, 10.3985345 ], [ 124.9691872, 10.398261 ], [ 124.969261, 10.39817 ], [ 124.9692764, 10.3980503 ], [ 124.9692747, 10.3979204 ], [ 124.9692781, 10.3978294 ], [ 124.969201, 10.3976894 ], [ 124.9690825, 10.3974027 ], [ 124.9690547, 10.3971462 ], [ 124.9691198, 10.3969034 ], [ 124.9691061, 10.3967246 ], [ 124.9688883, 10.3964936 ], [ 124.9683941, 10.3962163 ], [ 124.9679747, 10.3960569 ], [ 124.9678478, 10.3959861 ], [ 124.9677552, 10.3958715 ], [ 124.9677381, 10.3957467 ], [ 124.9677724, 10.3956017 ], [ 124.9680444, 10.3954559 ], [ 124.9681973, 10.3954031 ], [ 124.9683851, 10.3953662 ], [ 124.9684468, 10.3953187 ], [ 124.9685031, 10.3952633 ], [ 124.9685487, 10.3952079 ], [ 124.9686023, 10.395076 ], [ 124.9685513, 10.3948781 ], [ 124.9684656, 10.394696 ], [ 124.9683904, 10.3944612 ], [ 124.9682188, 10.3941446 ], [ 124.9680766, 10.3939495 ], [ 124.9680001, 10.393774 ], [ 124.9678325, 10.3935036 ], [ 124.9677145, 10.3934113 ], [ 124.967559, 10.3932319 ], [ 124.9674812, 10.393092 ], [ 124.967457, 10.3929126 ], [ 124.9674785, 10.3927464 ], [ 124.9674958, 10.3926455 ], [ 124.9675661, 10.3925446 ], [ 124.9676743, 10.3924694 ], [ 124.9678781, 10.3924325 ], [ 124.9680418, 10.3924167 ], [ 124.9683556, 10.3923692 ], [ 124.9685675, 10.3922874 ], [ 124.9686587, 10.3921845 ], [ 124.9687257, 10.392042 ], [ 124.9688867, 10.3917334 ], [ 124.9689296, 10.3916357 ], [ 124.9689349, 10.391554 ], [ 124.9690261, 10.3914089 ], [ 124.9691978, 10.3912717 ], [ 124.9692997, 10.3911793 ], [ 124.969466, 10.3909287 ], [ 124.9695036, 10.3907915 ], [ 124.9695679, 10.3907018 ], [ 124.9696404, 10.3905593 ], [ 124.9697185, 10.3903421 ], [ 124.9698955, 10.3900993 ], [ 124.9701583, 10.3897775 ], [ 124.9701959, 10.3896429 ], [ 124.9701959, 10.3894958 ], [ 124.970183, 10.3893337 ] ] } },
{ "type": "Feature", "properties": { "u": 2528285468, "v": 1641042380, "key": 0, "osmid": "151284357", "highway": "tertiary", "oneway": false, "reversed": "True", "length": 310.54989808762457, "lanes": null, "name": "Flores Street", "ref": null, "bridge": null, "maxspeed": null, "access": null }, "geometry": { "type": "LineString", "coordinates": [ [ 124.9780672, 10.391759 ], [ 124.9780977, 10.3917164 ], [ 124.9783122, 10.3914579 ], [ 124.9784599, 10.3912198 ], [ 124.9785483, 10.3909619 ], [ 124.9785808, 10.3906797 ], [ 124.9785907, 10.390378 ], [ 124.9786077, 10.3902161 ], [ 124.9786288, 10.3900571 ], [ 124.9786877, 10.3897694 ], [ 124.9789041, 10.3891515 ] ] } },
{ "type": "Feature", "properties": { "u": 2528285468, "v": 1641042380, "key": 1, "osmid": [ 245676048, 893651337 ], "highway": "residential", "oneway": false, "reversed": [ false, true ], "length": 427.37172899786771, "lanes": null, "name": null, "ref": null, "bridge": null, "maxspeed": null, "access": null }, "geometry": { "type": "LineString", "coordinates": [ [ 124.9780672, 10.391759 ], [ 124.9779309, 10.391664 ], [ 124.9777071, 10.3914724 ], [ 124.9775317, 10.3913141 ], [ 124.9774271, 10.3911795 ], [ 124.9773884, 10.391102 ], [ 124.977382, 10.3910307 ], [ 124.9773939, 10.3909765 ], [ 124.9774158, 10.3908771 ], [ 124.9774465, 10.3907769 ], [ 124.9776041, 10.3902629 ], [ 124.9777581, 10.3897207 ], [ 124.9778397, 10.3894975 ], [ 124.9779167, 10.3892681 ], [ 124.9779795, 10.389238 ], [ 124.9782163, 10.3891824 ], [ 124.9789041, 10.3891515 ] ] } },
{ "type": "Feature", "properties": { "u": 2528285534, "v": 8333003633, "key": 0, "osmid": [ 1485365129, 245676060 ], "highway": "unclassified", "oneway": false, "reversed": "False", "length": 1993.4978393438571, "lanes": null, "name": null, "ref": null, "bridge": null, "maxspeed": null, "access": null }, "geometry": { "type": "LineString", "coordinates": [ [ 124.9876427, 10.4019471 ], [ 124.9873079, 10.4019639 ], [ 124.9870245, 10.4019724 ], [ 124.9866893, 10.4020307 ], [ 124.9858731, 10.402288 ], [ 124.9852292, 10.4024938 ], [ 124.9849717, 10.4026015 ], [ 124.9848848, 10.402687 ], [ 124.9848172, 10.4028294 ], [ 124.9847496, 10.4031366 ], [ 124.9845468, 10.4034659 ], [ 124.9843118, 10.4038332 ], [ 124.9842731, 10.4039756 ], [ 124.984212, 10.4041055 ], [ 124.9841315, 10.4041625 ], [ 124.9839866, 10.4041814 ], [ 124.9837613, 10.4041403 ], [ 124.9836263, 10.4041527 ], [ 124.9835439, 10.4041812 ], [ 124.9834799, 10.4042397 ], [ 124.9834577, 10.4044095 ], [ 124.9834643, 10.4045612 ], [ 124.9834466, 10.4046793 ], [ 124.9833764, 10.4048826 ], [ 124.9833256, 10.4050168 ], [ 124.9832819, 10.4053014 ], [ 124.9832829, 10.4055839 ], [ 124.9832607, 10.4057749 ], [ 124.9832559, 10.4059261 ], [ 124.9831906, 10.4061141 ], [ 124.9832184, 10.4063241 ], [ 124.9832722, 10.4064889 ], [ 124.9831657, 10.4066638 ], [ 124.9830815, 10.4069448 ], [ 124.9829307, 10.4073403 ], [ 124.9828184, 10.4076083 ], [ 124.982648, 10.407775 ], [ 124.9825898, 10.4078893 ], [ 124.9824541, 10.4080183 ], [ 124.9823425, 10.4081454 ], [ 124.9822209, 10.4082941 ], [ 124.9821451, 10.40847 ], [ 124.9821356, 10.4086438 ], [ 124.9821629, 10.4088222 ], [ 124.9822357, 10.4091368 ], [ 124.9822412, 10.4093549 ], [ 124.982209, 10.4095512 ], [ 124.9820513, 10.4101433 ], [ 124.9820686, 10.4102689 ], [ 124.9821034, 10.4103729 ], [ 124.9821806, 10.4105838 ], [ 124.9821564, 10.4108198 ], [ 124.9821419, 10.4110535 ], [ 124.9821115, 10.4113105 ], [ 124.9820037, 10.4115032 ], [ 124.9817305, 10.411828 ], [ 124.9817058, 10.4119119 ], [ 124.9816689, 10.412032 ], [ 124.981524, 10.4122884 ], [ 124.9813469, 10.4126177 ], [ 124.9811409, 10.41289 ], [ 124.9809753, 10.4131392 ], [ 124.9809619, 10.4132846 ], [ 124.9809273, 10.4133815 ], [ 124.9808979, 10.4134616 ], [ 124.9808888, 10.4135669 ], [ 124.9812469, 10.4149009 ], [ 124.9812801, 10.4152525 ], [ 124.9812332, 10.4156271 ], [ 124.9809703, 10.4160742 ] ] } },
{ "type": "Feature", "properties": { "u": 2528285534, "v": 504407154, "key": 0, "osmid": "917267264", "highway": "primary", "oneway": false, "reversed": "False", "length": 120.8469569821855, "lanes": "2", "name": "Mahaplag-Liloan-Sogod Road", "ref": "692", "bridge": null, "maxspeed": null, "access": null }, "geometry": { "type": "LineString", "coordinates": [ [ 124.9876427, 10.4019471 ], [ 124.9881436, 10.402672 ], [ 124.9882267, 10.4028658 ] ] } },
{ "type": "Feature", "properties": { "u": 2528285534, "v": 504407131, "key": 0, "osmid": "917267264", "highway": "primary", "oneway": false, "reversed": "True", "length": 562.50349292143278, "lanes": "2", "name": "Mahaplag-Liloan-Sogod Road", "ref": "692", "bridge": null, "maxspeed": null, "access": null }, "geometry": { "type": "LineString", "coordinates": [ [ 124.9876427, 10.4019471 ], [ 124.9875329, 10.4017882 ], [ 124.9869851, 10.400814 ], [ 124.9868608, 10.4005292 ], [ 124.9867962, 10.4003172 ], [ 124.9867496, 10.4000136 ], [ 124.9866635, 10.3994536 ], [ 124.9865676, 10.3991841 ], [ 124.9863079, 10.3987473 ], [ 124.9860249, 10.3983226 ], [ 124.9857988, 10.3979815 ], [ 124.9854912, 10.3974151 ] ] } },
{ "type": "Feature", "properties": { "u": 2528285672, "v": 10972444778, "key": 0, "osmid": "245676057", "highway": "tertiary", "oneway": false, "reversed": "True", "length": 10.287412904108507, "lanes": "2", "name": "Diversion Road", "ref": "692", "bridge": null, "maxspeed": null, "access": null }, "geometry": { "type": "LineString", "coordinates": [ [ 124.9921961, 10.4130814 ], [ 124.9921622, 10.4129951 ] ] } },
{ "type": "Feature", "properties": { "u": 2528285672, "v": 8530952597, "key": 0, "osmid": "245676057", "highway": "tertiary", "oneway": false, "reversed": "False", "length": 99.404284318966475, "lanes": "2", "name": "Diversion Road", "ref": "692", "bridge": null, "maxspeed": null, "access": null }, "geometry": { "type": "LineString", "coordinates": [ [ 124.9921961, 10.4130814 ], [ 124.9922246, 10.4131542 ], [ 124.9923747, 10.413363 ], [ 124.9927706, 10.4137658 ] ] } },
{ "type": "Feature", "properties": { "u": 2528285672, "v": 2528285680, "key": 0, "osmid": "245676061", "highway": "residential", "oneway": false, "reversed": "False", "length": 96.826784621110662, "lanes": null, "name": "Barangay Road", "ref": null, "bridge": null, "maxspeed": null, "access": null }, "geometry": { "type": "LineString", "coordinates": [ [ 124.9921961, 10.4130814 ], [ 124.9921015, 10.413228 ], [ 124.99211, 10.4139251 ] ] } },
{ "type": "Feature", "properties": { "u": 2528285680, "v": 2528285688, "key": 0, "osmid": [ 245676058, 245676061 ], "highway": "residential", "oneway": false, "reversed": "False", "length": 232.53043604371953, "lanes": null, "name": "Barangay Road", "ref": null, "bridge": null, "maxspeed": null, "access": null }, "geometry": { "type": "LineString", "coordinates": [ [ 124.99211, 10.4139251 ], [ 124.9915523, 10.4139442 ], [ 124.9911654, 10.4139576 ], [ 124.9908386, 10.4139522 ], [ 124.9906912, 10.4140098 ], [ 124.9905394, 10.4141076 ], [ 124.9903596, 10.4142195 ], [ 124.9901934, 10.4143024 ], [ 124.9900785, 10.4143069 ] ] } },
{ "type": "Feature", "properties": { "u": 2528285680, "v": 2528285672, "key": 0, "osmid": "245676061", "highway": "residential", "oneway": false, "reversed": "True", "length": 96.826784621110662, "lanes": null, "name": "Barangay Road", "ref": null, "bridge": null, "maxspeed": null, "access": null }, "geometry": { "type": "LineString", "coordinates": [ [ 124.99211, 10.4139251 ], [ 124.9921015, 10.413228 ], [ 124.9921961, 10.4130814 ] ] } },
{ "type": "Feature", "properties": { "u": 2528285680, "v": 8317379551, "key": 0, "osmid": "894791633", "highway": "residential", "oneway": false, "reversed": "False", "length": 83.627135856862992, "lanes": null, "name": null, "ref": null, "bridge": null, "maxspeed": null, "access": null }, "geometry": { "type": "LineString", "coordinates": [ [ 124.99211, 10.4139251 ], [ 124.9926594, 10.413919 ], [ 124.9928673, 10.4138642 ] ] } },
{ "type": "Feature", "properties": { "u": 2528285688, "v": 11954885518, "key": 0, "osmid": [ 1289243536, 245676058 ], "highway": "residential", "oneway": false, "reversed": [ false, true ], "length": 252.4656205366, "lanes": null, "name": null, "ref": null, "bridge": null, "maxspeed": null, "access": null }, "geometry": { "type": "LineString", "coordinates": [ [ 124.9900785, 10.4143069 ], [ 124.9894822, 10.4143408 ], [ 124.989457, 10.4140526 ], [ 124.9895083, 10.4137728 ], [ 124.9898982, 10.4130035 ], [ 124.9901459, 10.412948 ] ] } },
{ "type": "Feature", "properties": { "u": 2528285688, "v": 2528285680, "key": 0, "osmid": [ 245676058, 245676061 ], "highway": "residential", "oneway": false, "reversed": "True", "length": 232.53043604371956, "lanes": null, "name": "Barangay Road", "ref": null, "bridge": null, "maxspeed": null, "access": null }, "geometry": { "type": "LineString", "coordinates": [ [ 124.9900785, 10.4143069 ], [ 124.9901934, 10.4143024 ], [ 124.9903596, 10.4142195 ], [ 124.9905394, 10.4141076 ], [ 124.9906912, 10.4140098 ], [ 124.9908386, 10.4139522 ], [ 124.9911654, 10.4139576 ], [ 124.9915523, 10.4139442 ], [ 124.99211, 10.4139251 ] ] } },
{ "type": "Feature", "properties": { "u": 2528285688, "v": 8317503340, "key": 0, "osmid": "894803231", "highway": "residential", "oneway": false, "reversed": "False", "length": 201.52040128808056, "lanes": null, "name": null, "ref": null, "bridge": null, "maxspeed": null, "access": null }, "geometry": { "type": "LineString", "coordinates": [ [ 124.9900785, 10.4143069 ], [ 124.9901743, 10.4150573 ], [ 124.9902776, 10.4154055 ], [ 124.9906786, 10.4152828 ], [ 124.9907604, 10.4152235 ], [ 124.9908824, 10.4150889 ] ] } },
{ "type": "Feature", "properties": { "u": 2528288488, "v": 2528239562, "key": 0, "osmid": "245671683", "highway": "residential", "oneway": false, "reversed": "True", "length": 369.34562877670982, "lanes": null, "name": null, "ref": null, "bridge": null, "maxspeed": null, "access": null }, "geometry": { "type": "LineString", "coordinates": [ [ 124.9889432, 10.3925885 ], [ 124.9891055, 10.3919263 ], [ 124.9886616, 10.3917007 ], [ 124.9881814, 10.3916994 ], [ 124.9880004, 10.391772 ], [ 124.9877349, 10.3916401 ], [ 124.9875954, 10.391524 ], [ 124.9875122, 10.3911678 ], [ 124.9877349, 10.3908143 ], [ 124.9877107, 10.3905848 ] ] } },
{ "type": "Feature", "properties": { "u": 2528329163, "v": 2528329167, "key": 0, "osmid": "245680811", "highway": "residential", "oneway": false, "reversed": "True", "length": 78.00614564890968, "lanes": null, "name": null, "ref": null, "bridge": null, "maxspeed": null, "access": null }, "geometry": { "type": "LineString", "coordinates": [ [ 124.9692782, 10.3768898 ], [ 124.9691325, 10.3770466 ], [ 124.9687706, 10.377382 ] ] } },
{ "type": "Feature", "properties": { "u": 2528329167, "v": 2528329163, "key": 0, "osmid": "245680811", "highway": "residential", "oneway": false, "reversed": "False", "length": 78.00614564890968, "lanes": null, "name": null, "ref": null, "bridge": null, "maxspeed": null, "access": null }, "geometry": { "type": "LineString", "coordinates": [ [ 124.9687706, 10.377382 ], [ 124.9691325, 10.3770466 ], [ 124.9692782, 10.3768898 ] ] } },
{ "type": "Feature", "properties": { "u": 2528329167, "v": 2522454764, "key": 0, "osmid": [ 245680800, 245680802, 273390420 ], "highway": "primary", "oneway": false, "reversed": "False", "length": 203.16597555444994, "lanes": "2", "name": "Maasin – Macrohon – Sogod Road", "ref": "692", "bridge": "yes", "maxspeed": null, "access": null }, "geometry": { "type": "LineString", "coordinates": [ [ 124.9687706, 10.377382 ], [ 124.9692494, 10.3777331 ], [ 124.9695213, 10.3779643 ], [ 124.9696441, 10.3780607 ], [ 124.9701057, 10.3783968 ], [ 124.9702347, 10.3785049 ] ] } },
{ "type": "Feature", "properties": { "u": 2528329167, "v": 8292321334, "key": 0, "osmid": [ 273390275, 273390420 ], "highway": "primary", "oneway": false, "reversed": "True", "length": 790.24986298757642, "lanes": "2", "name": [ "Maasin – Macrohon – Sogod Road", "Sogod-Bontoc Road" ], "ref": "692", "bridge": null, "maxspeed": null, "access": null }, "geometry": { "type": "LineString", "coordinates": [ [ 124.9687706, 10.377382 ], [ 124.9682869, 10.376996 ], [ 124.9681057, 10.3768635 ], [ 124.9679406, 10.3766221 ], [ 124.9678687, 10.3764183 ], [ 124.9678504, 10.3763068 ], [ 124.9678401, 10.3759498 ], [ 124.9678736, 10.3750601 ], [ 124.9679413, 10.374583 ], [ 124.9680627, 10.3741275 ], [ 124.9682454, 10.3735859 ], [ 124.968497, 10.3729676 ], [ 124.9687649, 10.3723743 ], [ 124.9690002, 10.3718534 ], [ 124.9690492, 10.3717047 ], [ 124.9691067, 10.3714126 ], [ 124.9691162, 10.3711197 ], [ 124.9691086, 10.3708701 ] ] } },
{ "type": "Feature", "properties": { "u": 2528329201, "v": 2528329212, "key": 0, "osmid": "245680812", "highway": "residential", "oneway": false, "reversed": "False", "length": 50.009187356804617, "lanes": null, "name": null, "ref": null, "bridge": null, "maxspeed": null, "access": null }, "geometry": { "type": "LineString", "coordinates": [ [ 124.9709045, 10.3784474 ], [ 124.9712915, 10.3786869 ] ] } },
{ "type": "Feature", "properties": { "u": 2528329201, "v": 2528329218, "key": 0, "osmid": "245680801", "highway": "residential", "oneway": false, "reversed": "True", "length": 44.720570301343344, "lanes": null, "name": null, "ref": null, "bridge": null, "maxspeed": null, "access": null }, "geometry": { "type": "LineString", "coordinates": [ [ 124.9709045, 10.3784474 ], [ 124.9708172, 10.3786189 ], [ 124.9707214, 10.378807 ] ] } },
{ "type": "Feature", "properties": { "u": 2528329201, "v": 2522454764, "key": 0, "osmid": [ 245680812, 1233216973 ], "highway": [ "unclassified", "residential" ], "oneway": false, "reversed": "True", "length": 106.62471603437747, "lanes": null, "name": null, "ref": null, "bridge": null, "maxspeed": null, "access": null }, "geometry": { "type": "LineString", "coordinates": [ [ 124.9709045, 10.3784474 ], [ 124.9704731, 10.3781434 ], [ 124.970431, 10.3781703 ], [ 124.9703738, 10.3782447 ], [ 124.9703062, 10.378358 ], [ 124.9702347, 10.3785049 ] ] } },
{ "type": "Feature", "properties": { "u": 2528329212, "v": 2528329201, "key": 0, "osmid": "245680812", "highway": "residential", "oneway": false, "reversed": "True", "length": 50.009187356804617, "lanes": null, "name": null, "ref": null, "bridge": null, "maxspeed": null, "access": null }, "geometry": { "type": "LineString", "coordinates": [ [ 124.9712915, 10.3786869 ], [ 124.9709045, 10.3784474 ] ] } },
{ "type": "Feature", "properties": { "u": 2528329215, "v": 2528329224, "key": 0, "osmid": "245680808", "highway": "residential", "oneway": false, "reversed": "False", "length": 37.558053930880128, "lanes": null, "name": null, "ref": null, "bridge": null, "maxspeed": null, "access": null }, "geometry": { "type": "LineString", "coordinates": [ [ 124.9714324, 10.3787752 ], [ 124.9717293, 10.3789449 ] ] } },
{ "type": "Feature", "properties": { "u": 2528329218, "v": 11442656377, "key": 0, "osmid": "1233216975", "highway": "unclassified", "oneway": false, "reversed": "False", "length": 10.292175902315165, "lanes": null, "name": null, "ref": null, "bridge": null, "maxspeed": null, "access": null }, "geometry": { "type": "LineString", "coordinates": [ [ 124.9707214, 10.378807 ], [ 124.9706722, 10.3788859 ] ] } },
{ "type": "Feature", "properties": { "u": 2528329218, "v": 504809001, "key": 0, "osmid": "245680800", "highway": "primary", "oneway": false, "reversed": "False", "length": 52.751486553292047, "lanes": "2", "name": "Maasin – Macrohon – Sogod Road", "ref": "692", "bridge": null, "maxspeed": null, "access": null }, "geometry": { "type": "LineString", "coordinates": [ [ 124.9707214, 10.378807 ], [ 124.9708118, 10.3788577 ], [ 124.9710876, 10.3791123 ] ] } },
{ "type": "Feature", "properties": { "u": 2528329218, "v": 2522454764, "key": 0, "osmid": "245680800", "highway": "primary", "oneway": false, "reversed": "True", "length": 62.965542498697133, "lanes": "2", "name": "Maasin – Macrohon – Sogod Road", "ref": "692", "bridge": null, "maxspeed": null, "access": null }, "geometry": { "type": "LineString", "coordinates": [ [ 124.9707214, 10.378807 ], [ 124.970601, 10.3787394 ], [ 124.9702347, 10.3785049 ] ] } },
{ "type": "Feature", "properties": { "u": 2528329218, "v": 2528329201, "key": 0, "osmid": "245680801", "highway": "residential", "oneway": false, "reversed": "False", "length": 44.720570301343344, "lanes": null, "name": null, "ref": null, "bridge": null, "maxspeed": null, "access": null }, "geometry": { "type": "LineString", "coordinates": [ [ 124.9707214, 10.378807 ], [ 124.9708172, 10.3786189 ], [ 124.9709045, 10.3784474 ] ] } },
{ "type": "Feature", "properties": { "u": 2528329222, "v": 2528329224, "key": 0, "osmid": "245680823", "highway": "residential", "oneway": false, "reversed": "True", "length": 1.7133726044751483, "lanes": null, "name": null, "ref": null, "bridge": null, "maxspeed": null, "access": null }, "geometry": { "type": "LineString", "coordinates": [ [ 124.9717346, 10.3789304 ], [ 124.9717293, 10.3789449 ] ] } },
{ "type": "Feature", "properties": { "u": 2528329224, "v": 2528329215, "key": 0, "osmid": "245680808", "highway": "residential", "oneway": false, "reversed": "True", "length": 37.558053930880128, "lanes": null, "name": null, "ref": null, "bridge": null, "maxspeed": null, "access": null }, "geometry": { "type": "LineString", "coordinates": [ [ 124.9717293, 10.3789449 ], [ 124.9714324, 10.3787752 ] ] } },
{ "type": "Feature", "properties": { "u": 2528329224, "v": 2528329222, "key": 0, "osmid": "245680823", "highway": "residential", "oneway": false, "reversed": "False", "length": 1.7133726044751483, "lanes": null, "name": null, "ref": null, "bridge": null, "maxspeed": null, "access": null }, "geometry": { "type": "LineString", "coordinates": [ [ 124.9717293, 10.3789449 ], [ 124.9717346, 10.3789304 ] ] } },
{ "type": "Feature", "properties": { "u": 2528329224, "v": 2528329228, "key": 0, "osmid": "245680823", "highway": "residential", "oneway": false, "reversed": "True", "length": 23.834053191170693, "lanes": null, "name": null, "ref": null, "bridge": null, "maxspeed": null, "access": null }, "geometry": { "type": "LineString", "coordinates": [ [ 124.9717293, 10.3789449 ], [ 124.971655, 10.3791464 ] ] } },
{ "type": "Feature", "properties": { "u": 2528329228, "v": 2528329224, "key": 0, "osmid": "245680823", "highway": "residential", "oneway": false, "reversed": "False", "length": 23.834053191170693, "lanes": null, "name": null, "ref": null, "bridge": null, "maxspeed": null, "access": null }, "geometry": { "type": "LineString", "coordinates": [ [ 124.971655, 10.3791464 ], [ 124.9717293, 10.3789449 ] ] } },
{ "type": "Feature", "properties": { "u": 2528329228, "v": 11442656380, "key": 0, "osmid": [ 1233216976, 245680803 ], "highway": [ "unclassified", "residential" ], "oneway": false, "reversed": [ false, true ], "length": 236.19469697152721, "lanes": null, "name": null, "ref": null, "bridge": null, "maxspeed": null, "access": null }, "geometry": { "type": "LineString", "coordinates": [ [ 124.971655, 10.3791464 ], [ 124.9721751, 10.3792942 ], [ 124.9724474, 10.3794083 ], [ 124.9723519, 10.3796537 ], [ 124.9723149, 10.379778 ], [ 124.9722564, 10.3800871 ], [ 124.9722379, 10.3805235 ], [ 124.9721608, 10.380661 ] ] } },
{ "type": "Feature", "properties": { "u": 2528329228, "v": 2528329259, "key": 0, "osmid": "245680823", "highway": "residential", "oneway": false, "reversed": "True", "length": 82.823597229459608, "lanes": null, "name": null, "ref": null, "bridge": null, "maxspeed": null, "access": null }, "geometry": { "type": "LineString", "coordinates": [ [ 124.971655, 10.3791464 ], [ 124.9716439, 10.3791748 ], [ 124.9715963, 10.3792957 ], [ 124.9714843, 10.3796457 ], [ 124.9712719, 10.3797074 ] ] } },
{ "type": "Feature", "properties": { "u": 2528329259, "v": 2522454643, "key": 0, "osmid": "245680800", "highway": "primary", "oneway": false, "reversed": "False", "length": 23.536371903541912, "lanes": "2", "name": "Maasin – Macrohon – Sogod Road", "ref": "692", "bridge": null, "maxspeed": null, "access": null }, "geometry": { "type": "LineString", "coordinates": [ [ 124.9712719, 10.3797074 ], [ 124.9713072, 10.3799162 ] ] } },
{ "type": "Feature", "properties": { "u": 2528329259, "v": 504809001, "key": 0, "osmid": "245680800", "highway": "primary", "oneway": false, "reversed": "True", "length": 69.734843772271574, "lanes": "2", "name": "Maasin – Macrohon – Sogod Road", "ref": "692", "bridge": null, "maxspeed": null, "access": null }, "geometry": { "type": "LineString", "coordinates": [ [ 124.9712719, 10.3797074 ], [ 124.9712269, 10.3794409 ], [ 124.9711545, 10.3792368 ], [ 124.9710876, 10.3791123 ] ] } },
{ "type": "Feature", "properties": { "u": 2528329259, "v": 2528329228, "key": 0, "osmid": "245680823", "highway": "residential", "oneway": false, "reversed": "False", "length": 82.823597229459594, "lanes": null, "name": null, "ref": null, "bridge": null, "maxspeed": null, "access": null }, "geometry": { "type": "LineString", "coordinates": [ [ 124.9712719, 10.3797074 ], [ 124.9714843, 10.3796457 ], [ 124.9715963, 10.3792957 ], [ 124.9716439, 10.3791748 ], [ 124.971655, 10.3791464 ] ] } },
{ "type": "Feature", "properties": { "u": 2528329288, "v": 8292437985, "key": 0, "osmid": "245680804", "highway": "residential", "oneway": false, "reversed": "False", "length": 136.65761756094966, "lanes": null, "name": null, "ref": null, "bridge": null, "maxspeed": null, "access": null }, "geometry": { "type": "LineString", "coordinates": [ [ 124.9734503, 10.3807866 ], [ 124.973593, 10.3797893 ], [ 124.9736244, 10.3795696 ] ] } },
{ "type": "Feature", "properties": { "u": 2528329288, "v": 10181758507, "key": 0, "osmid": [ 245680817, 273390274, 245680819, 245680807 ], "highway": "primary", "oneway": false, "reversed": "False", "length": 299.60162651211334, "lanes": "2", "name": [ "Maasin – Macrohon – Sogod Road", "Osmeña Street" ], "ref": "692", "bridge": "cantilever", "maxspeed": null, "access": null }, "geometry": { "type": "LineString", "coordinates": [ [ 124.9734503, 10.3807866 ], [ 124.9735064, 10.3807931 ], [ 124.9738103, 10.3808345 ], [ 124.9740138, 10.3808564 ], [ 124.9742961, 10.3808805 ], [ 124.9744503, 10.3809225 ], [ 124.974683, 10.3810364 ], [ 124.9750656, 10.3812762 ], [ 124.9755229, 10.3815985 ], [ 124.9756885, 10.381736 ], [ 124.9758776, 10.3818732 ] ] } },
{ "type": "Feature", "properties": { "u": 2528329288, "v": 11442656380, "key": 0, "osmid": [ 245680800, 245680819, 245680806 ], "highway": "primary", "oneway": false, "reversed": "True", "length": 141.80271725832037, "lanes": "2", "name": "Maasin – Macrohon – Sogod Road", "ref": "692", "bridge": "cantilever", "maxspeed": null, "access": null }, "geometry": { "type": "LineString", "coordinates": [ [ 124.9734503, 10.3807866 ], [ 124.9731382, 10.3807505 ], [ 124.9725957, 10.3806878 ], [ 124.9723725, 10.3806811 ], [ 124.9722292, 10.3806665 ], [ 124.9721608, 10.380661 ] ] } },
{ "type": "Feature", "properties": { "u": 2528329348, "v": 2528329421, "key": 0, "osmid": "1201220750", "highway": "unclassified", "oneway": false, "reversed": "True", "length": 398.54524654987057, "lanes": null, "name": null, "ref": null, "bridge": null, "maxspeed": null, "access": null }, "geometry": { "type": "LineString", "coordinates": [ [ 124.9884671, 10.3808153 ], [ 124.9889612, 10.3830387 ], [ 124.9890151, 10.3833945 ], [ 124.9890196, 10.3834245 ], [ 124.9886591, 10.3837973 ], [ 124.9886227, 10.3838222 ], [ 124.9885146, 10.3838964 ], [ 124.9883066, 10.3840025 ] ] } },
{ "type": "Feature", "properties": { "u": 2528329378, "v": 2528329397, "key": 0, "osmid": "245680818", "highway": "residential", "oneway": false, "reversed": "True", "length": 112.30104428697578, "lanes": null, "name": null, "ref": null, "bridge": null, "maxspeed": null, "access": null }, "geometry": { "type": "LineString", "coordinates": [ [ 124.9831275, 10.3832376 ], [ 124.9829619, 10.3832608 ], [ 124.9827936, 10.3832915 ], [ 124.982536, 10.3833439 ], [ 124.9822981, 10.3834006 ], [ 124.9821193, 10.3834248 ] ] } },
{ "type": "Feature", "properties": { "u": 2528329378, "v": 2528329404, "key": 0, "osmid": "818307279", "highway": "residential", "oneway": false, "reversed": "False", "length": 33.971304020793802, "lanes": null, "name": null, "ref": null, "bridge": null, "maxspeed": null, "access": null }, "geometry": { "type": "LineString", "coordinates": [ [ 124.9831275, 10.3832376 ], [ 124.9831365, 10.383279 ], [ 124.9832133, 10.3835311 ] ] } },
{ "type": "Feature", "properties": { "u": 2528329378, "v": 1641042274, "key": 0, "osmid": [ 151284366, 818307279 ], "highway": "residential", "oneway": false, "reversed": "True", "length": 197.20721410555416, "lanes": null, "name": null, "ref": null, "bridge": null, "maxspeed": null, "access": null }, "geometry": { "type": "LineString", "coordinates": [ [ 124.9831275, 10.3832376 ], [ 124.9830232, 10.3828109 ], [ 124.9830341, 10.3827493 ], [ 124.9832707, 10.3826435 ], [ 124.9835064, 10.3825381 ], [ 124.9837182, 10.3824496 ], [ 124.9840112, 10.3823306 ], [ 124.9842214, 10.3822453 ] ] } },
{ "type": "Feature", "properties": { "u": 2528329397, "v": 1641042280, "key": 0, "osmid": "151284356", "highway": "residential", "oneway": false, "reversed": "True", "length": 101.99079416110011, "lanes": null, "name": null, "ref": null, "bridge": null, "maxspeed": null, "access": null }, "geometry": { "type": "LineString", "coordinates": [ [ 124.9821193, 10.3834248 ], [ 124.9811875, 10.3833894 ] ] } },
{ "type": "Feature", "properties": { "u": 2528329397, "v": 504407048, "key": 0, "osmid": "151284361", "highway": "residential", "oneway": false, "reversed": "False", "length": 105.28548241719956, "lanes": null, "name": "Rizal Street", "ref": null, "bridge": null, "maxspeed": null, "access": null }, "geometry": { "type": "LineString", "coordinates": [ [ 124.9821193, 10.3834248 ], [ 124.982121, 10.3834534 ], [ 124.9821926, 10.3843689 ] ] } },
{ "type": "Feature", "properties": { "u": 2528329397, "v": 2528329378, "key": 0, "osmid": "245680818", "highway": "residential", "oneway": false, "reversed": "False", "length": 112.30104428697578, "lanes": null, "name": null, "ref": null, "bridge": null, "maxspeed": null, "access": null }, "geometry": { "type": "LineString", "coordinates": [ [ 124.9821193, 10.3834248 ], [ 124.9822981, 10.3834006 ], [ 124.982536, 10.3833439 ], [ 124.9827936, 10.3832915 ], [ 124.9829619, 10.3832608 ], [ 124.9831275, 10.3832376 ] ] } },
{ "type": "Feature", "properties": { "u": 2528329404, "v": 10159017280, "key": 0, "osmid": "245680821", "highway": "residential", "oneway": false, "reversed": "False", "length": 12.717666774996209, "lanes": null, "name": null, "ref": null, "bridge": null, "maxspeed": null, "access": null }, "geometry": { "type": "LineString", "coordinates": [ [ 124.9832133, 10.3835311 ], [ 124.9833292, 10.3835219 ] ] } },
{ "type": "Feature", "properties": { "u": 2528329404, "v": 1404221043, "key": 0, "osmid": "818307278", "highway": "residential", "oneway": true, "reversed": "False", "length": 31.326766893868491, "lanes": "2", "name": "L. Regis Street", "ref": null, "bridge": null, "maxspeed": null, "access": null }, "geometry": { "type": "LineString", "coordinates": [ [ 124.9832133, 10.3835311 ], [ 124.9832746, 10.3838063 ] ] } },
{ "type": "Feature", "properties": { "u": 2528329404, "v": 2528329378, "key": 0, "osmid": "818307279", "highway": "residential", "oneway": false, "reversed": "True", "length": 33.971304020793802, "lanes": null, "name": null, "ref": null, "bridge": null, "maxspeed": null, "access": null }, "geometry": { "type": "LineString", "coordinates": [ [ 124.9832133, 10.3835311 ], [ 124.9831365, 10.383279 ], [ 124.9831275, 10.3832376 ] ] } },
{ "type": "Feature", "properties": { "u": 2528329421, "v": 2528329433, "key": 0, "osmid": "896495412", "highway": "residential", "oneway": false, "reversed": "True", "length": 23.105390935230151, "lanes": null, "name": null, "ref": null, "bridge": null, "maxspeed": null, "access": null }, "geometry": { "type": "LineString", "coordinates": [ [ 124.9883066, 10.3840025 ], [ 124.988276, 10.3842081 ] ] } },
{ "type": "Feature", "properties": { "u": 2528329421, "v": 2528329348, "key": 0, "osmid": "1201220750", "highway": "unclassified", "oneway": false, "reversed": "False", "length": 398.54524654987063, "lanes": null, "name": null, "ref": null, "bridge": null, "maxspeed": null, "access": null }, "geometry": { "type": "LineString", "coordinates": [ [ 124.9883066, 10.3840025 ], [ 124.9885146, 10.3838964 ], [ 124.9886227, 10.3838222 ], [ 124.9886591, 10.3837973 ], [ 124.9890196, 10.3834245 ], [ 124.9890151, 10.3833945 ], [ 124.9889612, 10.3830387 ], [ 124.9884671, 10.3808153 ] ] } },
{ "type": "Feature", "properties": { "u": 2528329421, "v": 10559549851, "key": 0, "osmid": "1201220750", "highway": "unclassified", "oneway": false, "reversed": "True", "length": 93.887571861660945, "lanes": null, "name": null, "ref": null, "bridge": null, "maxspeed": null, "access": null }, "geometry": { "type": "LineString", "coordinates": [ [ 124.9883066, 10.3840025 ], [ 124.9881917, 10.3840442 ], [ 124.9880767, 10.3840858 ], [ 124.9875129, 10.3843235 ] ] } },
{ "type": "Feature", "properties": { "u": 2528329433, "v": 2528329421, "key": 0, "osmid": "896495412", "highway": "residential", "oneway": false, "reversed": "False", "length": 23.105390935230151, "lanes": null, "name": null, "ref": null, "bridge": null, "maxspeed": null, "access": null }, "geometry": { "type": "LineString", "coordinates": [ [ 124.988276, 10.3842081 ], [ 124.9883066, 10.3840025 ] ] } },
{ "type": "Feature", "properties": { "u": 2528329433, "v": 2528329483, "key": 0, "osmid": "895425523", "highway": "residential", "oneway": false, "reversed": "True", "length": 58.307554817811209, "lanes": null, "name": null, "ref": null, "bridge": null, "maxspeed": null, "access": null }, "geometry": { "type": "LineString", "coordinates": [ [ 124.988276, 10.3842081 ], [ 124.9884725, 10.384377 ], [ 124.9886032, 10.3846118 ] ] } },
{ "type": "Feature", "properties": { "u": 2528329433, "v": 2528329526, "key": 0, "osmid": "896495412", "highway": "residential", "oneway": false, "reversed": "True", "length": 61.908256160381391, "lanes": null, "name": null, "ref": null, "bridge": null, "maxspeed": null, "access": null }, "geometry": { "type": "LineString", "coordinates": [ [ 124.988276, 10.3842081 ], [ 124.9882618, 10.384514 ], [ 124.9882768, 10.3847641 ] ] } },
{ "type": "Feature", "properties": { "u": 2528329483, "v": 2528329526, "key": 0, "osmid": "245680799", "highway": "residential", "oneway": false, "reversed": "False", "length": 39.612112040969805, "lanes": null, "name": null, "ref": null, "bridge": null, "maxspeed": null, "access": null }, "geometry": { "type": "LineString", "coordinates": [ [ 124.9886032, 10.3846118 ], [ 124.9884353, 10.3846797 ], [ 124.988309, 10.3847414 ], [ 124.9882768, 10.3847641 ] ] } },
{ "type": "Feature", "properties": { "u": 2528329483, "v": 2528628278, "key": 0, "osmid": [ 393549779, 895427140, 895427141, 245680799 ], "highway": "residential", "oneway": false, "reversed": "True", "length": 1011.4961560693019, "lanes": null, "name": null, "ref": null, "bridge": "yes", "maxspeed": null, "access": null }, "geometry": { "type": "LineString", "coordinates": [ [ 124.9886032, 10.3846118 ], [ 124.9888672, 10.3845378 ], [ 124.9890856, 10.3844614 ], [ 124.9891999, 10.38444 ], [ 124.9893673, 10.3844712 ], [ 124.9894735, 10.3845315 ], [ 124.9895457, 10.3845726 ], [ 124.9899671, 10.3848491 ], [ 124.9901384, 10.3848689 ], [ 124.9903688, 10.3848407 ], [ 124.9912725, 10.3846683 ], [ 124.9918091, 10.3845696 ], [ 124.9923301, 10.3845188 ], [ 124.992649, 10.3844894 ], [ 124.9928979, 10.3844969 ], [ 124.9932351, 10.3845678 ], [ 124.9934718, 10.3846446 ], [ 124.9942787, 10.3849079 ], [ 124.9945307, 10.384884 ], [ 124.994634, 10.3848878 ], [ 124.9955365, 10.384894 ], [ 124.9957299, 10.3848631 ], [ 124.9958271, 10.3848584 ], [ 124.9959303, 10.3848361 ], [ 124.9975313, 10.3843475 ] ] } },
{ "type": "Feature", "properties": { "u": 2528329483, "v": 2528329433, "key": 0, "osmid": "895425523", "highway": "residential", "oneway": false, "reversed": "False", "length": 58.307554817811209, "lanes": null, "name": null, "ref": null, "bridge": null, "maxspeed": null, "access": null }, "geometry": { "type": "LineString", "coordinates": [ [ 124.9886032, 10.3846118 ], [ 124.9884725, 10.384377 ], [ 124.988276, 10.3842081 ] ] } },
{ "type": "Feature", "properties": { "u": 2528329499, "v": 2528329523, "key": 0, "osmid": "245680822", "highway": "residential", "oneway": false, "reversed": "True", "length": 77.353275333820591, "lanes": null, "name": "Bagares Street", "ref": null, "bridge": null, "maxspeed": null, "access": null }, "geometry": { "type": "LineString", "coordinates": [ [ 124.9868682, 10.3845707 ], [ 124.9867334, 10.3846386 ], [ 124.9866412, 10.3846728 ], [ 124.9865521, 10.3847083 ], [ 124.9863548, 10.3847654 ], [ 124.9862014, 10.3847902 ] ] } },
{ "type": "Feature", "properties": { "u": 2528329499, "v": 2528285445, "key": 0, "osmid": "392710999", "highway": "residential", "oneway": false, "reversed": "False", "length": 86.793555948629916, "lanes": null, "name": null, "ref": null, "bridge": null, "maxspeed": null, "access": null }, "geometry": { "type": "LineString", "coordinates": [ [ 124.9868682, 10.3845707 ], [ 124.9868872, 10.384634 ], [ 124.986898, 10.3847382 ], [ 124.9869181, 10.3848233 ], [ 124.9869476, 10.3849078 ], [ 124.9869804, 10.3849915 ], [ 124.9870978, 10.3853149 ] ] } },
{ "type": "Feature", "properties": { "u": 2528329499, "v": 3959007165, "key": 0, "osmid": "392711082", "highway": "residential", "oneway": false, "reversed": "False", "length": 147.07148219199146, "lanes": null, "name": null, "ref": null, "bridge": null, "maxspeed": null, "access": null }, "geometry": { "type": "LineString", "coordinates": [ [ 124.9868682, 10.3845707 ], [ 124.9865653, 10.3839286 ], [ 124.9863126, 10.3833663 ] ] } },
{ "type": "Feature", "properties": { "u": 2528329523, "v": 2528285437, "key": 0, "osmid": "245680822", "highway": "residential", "oneway": false, "reversed": "True", "length": 88.112867619625533, "lanes": null, "name": "Bagares Street", "ref": null, "bridge": null, "maxspeed": null, "access": null }, "geometry": { "type": "LineString", "coordinates": [ [ 124.9862014, 10.3847902 ], [ 124.9853989, 10.3848598 ] ] } },
{ "type": "Feature", "properties": { "u": 2528329523, "v": 2528285445, "key": 0, "osmid": "245676059", "highway": "residential", "oneway": false, "reversed": "False", "length": 114.35309473469353, "lanes": null, "name": null, "ref": null, "bridge": null, "maxspeed": null, "access": null }, "geometry": { "type": "LineString", "coordinates": [ [ 124.9862014, 10.3847902 ], [ 124.9865317, 10.3849536 ], [ 124.9866814, 10.3850319 ], [ 124.9868138, 10.3851182 ], [ 124.9869577, 10.3852133 ], [ 124.9870978, 10.3853149 ] ] } },
{ "type": "Feature", "properties": { "u": 2528329523, "v": 2528329499, "key": 0, "osmid": "245680822", "highway": "residential", "oneway": false, "reversed": "False", "length": 77.353275333820591, "lanes": null, "name": "Bagares Street", "ref": null, "bridge": null, "maxspeed": null, "access": null }, "geometry": { "type": "LineString", "coordinates": [ [ 124.9862014, 10.3847902 ], [ 124.9863548, 10.3847654 ], [ 124.9865521, 10.3847083 ], [ 124.9866412, 10.3846728 ], [ 124.9867334, 10.3846386 ], [ 124.9868682, 10.3845707 ] ] } },
{ "type": "Feature", "properties": { "u": 2528329526, "v": 2528329483, "key": 0, "osmid": "245680799", "highway": "residential", "oneway": false, "reversed": "True", "length": 39.612112040969805, "lanes": null, "name": null, "ref": null, "bridge": null, "maxspeed": null, "access": null }, "geometry": { "type": "LineString", "coordinates": [ [ 124.9882768, 10.3847641 ], [ 124.988309, 10.3847414 ], [ 124.9884353, 10.3846797 ], [ 124.9886032, 10.3846118 ] ] } },
{ "type": "Feature", "properties": { "u": 2528329526, "v": 2528329707, "key": 0, "osmid": "245680815", "highway": "residential", "oneway": false, "reversed": "True", "length": 1034.4214186769723, "lanes": null, "name": null, "ref": null, "bridge": null, "maxspeed": null, "access": null }, "geometry": { "type": "LineString", "coordinates": [ [ 124.9882768, 10.3847641 ], [ 124.9883005, 10.3850402 ], [ 124.9883414, 10.3852395 ], [ 124.9884484, 10.3854567 ], [ 124.9885896, 10.3856291 ], [ 124.9887125, 10.3857992 ], [ 124.989252, 10.3863769 ], [ 124.9895383, 10.3867257 ], [ 124.9897573, 10.3869926 ], [ 124.9899144, 10.3871449 ], [ 124.9900077, 10.3872882 ], [ 124.9901056, 10.3875054 ], [ 124.9902399, 10.3879017 ], [ 124.9902649, 10.3880338 ], [ 124.9904744, 10.3886383 ], [ 124.9905426, 10.3887547 ], [ 124.990595, 10.3889383 ], [ 124.9905927, 10.3890884 ], [ 124.9904539, 10.389675 ], [ 124.9904304, 10.389795 ], [ 124.9903947, 10.389977 ], [ 124.990554, 10.3905348 ], [ 124.9906132, 10.3907273 ], [ 124.9907839, 10.391034 ], [ 124.9910184, 10.3916184 ], [ 124.9911823, 10.3920349 ], [ 124.9912483, 10.392308 ], [ 124.9912551, 10.3926304 ], [ 124.9912742, 10.3927256 ], [ 124.9912847, 10.3927782 ], [ 124.9914123, 10.3931747 ] ] } },
{ "type": "Feature", "properties": { "u": 2528329526, "v": 2528329433, "key": 0, "osmid": "896495412", "highway": "residential", "oneway": false, "reversed": "False", "length": 61.908256160381391, "lanes": null, "name": null, "ref": null, "bridge": null, "maxspeed": null, "access": null }, "geometry": { "type": "LineString", "coordinates": [ [ 124.9882768, 10.3847641 ], [ 124.9882618, 10.384514 ], [ 124.988276, 10.3842081 ] ] } },
{ "type": "Feature", "properties": { "u": 2528329552, "v": 1641042343, "key": 0, "osmid": "151284354", "highway": "residential", "oneway": false, "reversed": "False", "length": 92.418668964525835, "lanes": null, "name": "T. Dagohoy Street", "ref": null, "bridge": null, "maxspeed": null, "access": null }, "geometry": { "type": "LineString", "coordinates": [ [ 124.9777907, 10.3857673 ], [ 124.9777704, 10.3865982 ] ] } },
{ "type": "Feature", "properties": { "u": 2528329552, "v": 12953473771, "key": 0, "osmid": "151284354", "highway": "residential", "oneway": false, "reversed": "True", "length": 159.90314897236414, "lanes": null, "name": "T. Dagohoy Street", "ref": null, "bridge": null, "maxspeed": null, "access": null }, "geometry": { "type": "LineString", "coordinates": [ [ 124.9777907, 10.3857673 ], [ 124.9777919, 10.3857171 ], [ 124.9778289, 10.3846636 ], [ 124.9779141, 10.3844631 ], [ 124.9779597, 10.3843557 ] ] } },
{ "type": "Feature", "properties": { "u": 2528329552, "v": 1641042033, "key": 0, "osmid": [ 245680809, 151284359 ], "highway": "residential", "oneway": false, "reversed": "True", "length": 256.58229988361313, "lanes": null, "name": null, "ref": null, "bridge": null, "maxspeed": null, "access": null }, "geometry": { "type": "LineString", "coordinates": [ [ 124.9777907, 10.3857673 ], [ 124.9764134, 10.3858839 ], [ 124.9765031, 10.3861856 ], [ 124.9765869, 10.3863702 ], [ 124.9766707, 10.3867935 ] ] } },
{ "type": "Feature", "properties": { "u": 2528329583, "v": 1641042330, "key": 0, "osmid": "151284355", "highway": "tertiary", "oneway": false, "reversed": "False", "length": 115.24801180548795, "lanes": null, "name": null, "ref": null, "bridge": null, "maxspeed": null, "access": null }, "geometry": { "type": "LineString", "coordinates": [ [ 124.975501, 10.3869704 ], [ 124.9753403, 10.3869992 ], [ 124.9744594, 10.3871266 ] ] } },
{ "type": "Feature", "properties": { "u": 2528329583, "v": 1641042033, "key": 0, "osmid": "151284355", "highway": "tertiary", "oneway": false, "reversed": "True", "length": 129.4770051905499, "lanes": null, "name": null, "ref": null, "bridge": null, "maxspeed": null, "access": null }, "geometry": { "type": "LineString", "coordinates": [ [ 124.975501, 10.3869704 ], [ 124.9760163, 10.3868779 ], [ 124.9766707, 10.3867935 ] ] } },
{ "type": "Feature", "properties": { "u": 2528329583, "v": 2528329603, "key": 0, "osmid": "245680810", "highway": "residential", "oneway": false, "reversed": "True", "length": 62.996002318325075, "lanes": null, "name": null, "ref": null, "bridge": null, "maxspeed": null, "access": null }, "geometry": { "type": "LineString", "coordinates": [ [ 124.975501, 10.3869704 ], [ 124.9755922, 10.3873759 ], [ 124.9754409, 10.3874028 ] ] } },
{ "type": "Feature", "properties": { "u": 2528329603, "v": 2528329583, "key": 0, "osmid": "245680810", "highway": "residential", "oneway": false, "reversed": "False", "length": 62.996002318325075, "lanes": null, "name": null, "ref": null, "bridge": null, "maxspeed": null, "access": null }, "geometry": { "type": "LineString", "coordinates": [ [ 124.9754409, 10.3874028 ], [ 124.9755922, 10.3873759 ], [ 124.975501, 10.3869704 ] ] } },
{ "type": "Feature", "properties": { "u": 2528329662, "v": 2528285468, "key": 0, "osmid": [ 245680824, 151284357, 400681126, 245415999 ], "highway": "tertiary", "oneway": false, "reversed": [ false, true ], "length": 4076.353836361001, "lanes": null, "name": [ "Flores Street", "Bagares Street" ], "ref": null, "bridge": null, "maxspeed": null, "access": null }, "geometry": { "type": "LineString", "coordinates": [ [ 124.970183, 10.3893337 ], [ 124.9701959, 10.3894958 ], [ 124.9701959, 10.3896429 ], [ 124.9701583, 10.3897775 ], [ 124.9698955, 10.3900993 ], [ 124.9697185, 10.3903421 ], [ 124.9696404, 10.3905593 ], [ 124.9695679, 10.3907018 ], [ 124.9695036, 10.3907915 ], [ 124.969466, 10.3909287 ], [ 124.9692997, 10.3911793 ], [ 124.9691978, 10.3912717 ], [ 124.9690261, 10.3914089 ], [ 124.9689349, 10.391554 ], [ 124.9689296, 10.3916357 ], [ 124.9688867, 10.3917334 ], [ 124.9687257, 10.392042 ], [ 124.9686587, 10.3921845 ], [ 124.9685675, 10.3922874 ], [ 124.9683556, 10.3923692 ], [ 124.9680418, 10.3924167 ], [ 124.9678781, 10.3924325 ], [ 124.9676743, 10.3924694 ], [ 124.9675661, 10.3925446 ], [ 124.9674958, 10.3926455 ], [ 124.9674785, 10.3927464 ], [ 124.967457, 10.3929126 ], [ 124.9674812, 10.393092 ], [ 124.967559, 10.3932319 ], [ 124.9677145, 10.3934113 ], [ 124.9678325, 10.3935036 ], [ 124.9680001, 10.393774 ], [ 124.9680766, 10.3939495 ], [ 124.9682188, 10.3941446 ], [ 124.9683904, 10.3944612 ], [ 124.9684656, 10.394696 ], [ 124.9685513, 10.3948781 ], [ 124.9686023, 10.395076 ], [ 124.9685487, 10.3952079 ], [ 124.9685031, 10.3952633 ], [ 124.9684468, 10.3953187 ], [ 124.9683851, 10.3953662 ], [ 124.9681973, 10.3954031 ], [ 124.9680444, 10.3954559 ], [ 124.9677724, 10.3956017 ], [ 124.9677381, 10.3957467 ], [ 124.9677552, 10.3958715 ], [ 124.9678478, 10.3959861 ], [ 124.9679747, 10.3960569 ], [ 124.9683941, 10.3962163 ], [ 124.9688883, 10.3964936 ], [ 124.9691061, 10.3967246 ], [ 124.9691198, 10.3969034 ], [ 124.9690547, 10.3971462 ], [ 124.9690825, 10.3974027 ], [ 124.969201, 10.3976894 ], [ 124.9692781, 10.3978294 ], [ 124.9692747, 10.3979204 ], [ 124.9692764, 10.3980503 ], [ 124.969261, 10.39817 ], [ 124.9691872, 10.398261 ], [ 124.9686331, 10.3985345 ], [ 124.9681587, 10.3988461 ], [ 124.9680215, 10.3989574 ], [ 124.9679718, 10.3990704 ], [ 124.9679015, 10.3994143 ], [ 124.9678248, 10.4000506 ], [ 124.9677658, 10.400747 ], [ 124.9677953, 10.4010768 ], [ 124.9678838, 10.4014277 ], [ 124.9681547, 10.4016387 ], [ 124.968667, 10.4019606 ], [ 124.9687716, 10.4019817 ], [ 124.9688521, 10.4019316 ], [ 124.9688803, 10.4017977 ], [ 124.9689391, 10.4015271 ], [ 124.9691122, 10.4013203 ], [ 124.9694523, 10.4011075 ], [ 124.9698387, 10.40077 ], [ 124.9703024, 10.4004385 ], [ 124.9708665, 10.4002135 ], [ 124.9710016, 10.4000174 ], [ 124.9710292, 10.3996769 ], [ 124.9708867, 10.3991614 ], [ 124.9707322, 10.3984367 ], [ 124.9706827, 10.3980394 ], [ 124.97076, 10.3977474 ], [ 124.9709115, 10.397568 ], [ 124.9710722, 10.3973217 ], [ 124.9712484, 10.3970116 ], [ 124.9714308, 10.3968808 ], [ 124.9715885, 10.3967318 ], [ 124.9715978, 10.3965585 ], [ 124.9715898, 10.3962867 ], [ 124.9717245, 10.3960537 ], [ 124.9719935, 10.3959838 ], [ 124.9723155, 10.395941 ], [ 124.9728251, 10.396002 ], [ 124.973125, 10.395926 ], [ 124.9734249, 10.3956584 ], [ 124.9737742, 10.3955003 ], [ 124.9741081, 10.3953635 ], [ 124.97434, 10.395181 ], [ 124.9745378, 10.3947462 ], [ 124.9747037, 10.3943506 ], [ 124.9749136, 10.3940196 ], [ 124.9751301, 10.3938751 ], [ 124.9753476, 10.3937151 ], [ 124.975754, 10.3938984 ], [ 124.9758138, 10.3942658 ], [ 124.9759438, 10.3943439 ], [ 124.9760634, 10.3945031 ], [ 124.9762355, 10.3947593 ], [ 124.9767346, 10.3954373 ], [ 124.9769239, 10.395668 ], [ 124.9769445, 10.3957792 ], [ 124.9769959, 10.3958366 ], [ 124.9770988, 10.3958501 ], [ 124.9772188, 10.3958096 ], [ 124.9772702, 10.3957388 ], [ 124.9772805, 10.3956241 ], [ 124.9772136, 10.3953456 ], [ 124.9772068, 10.3952006 ], [ 124.9772582, 10.3949291 ], [ 124.9772582, 10.3946981 ], [ 124.9772222, 10.3945784 ], [ 124.9771776, 10.3944182 ], [ 124.9771159, 10.3942479 ], [ 124.9770953, 10.3941619 ], [ 124.9769297, 10.3938958 ], [ 124.9768594, 10.3937573 ], [ 124.9768254, 10.393618 ], [ 124.9767626, 10.3934481 ], [ 124.9766902, 10.3932766 ], [ 124.9766699, 10.3930589 ], [ 124.9769814, 10.3928258 ], [ 124.9772715, 10.3925923 ], [ 124.9774003, 10.3924815 ], [ 124.9777484, 10.3921245 ], [ 124.9780672, 10.391759 ] ] } },
{ "type": "Feature", "properties": { "u": 2528329662, "v": 1641042330, "key": 0, "osmid": [ 245680824, 151284355 ], "highway": "tertiary", "oneway": false, "reversed": "True", "length": 560.37835678265344, "lanes": null, "name": null, "ref": null, "bridge": null, "maxspeed": null, "access": null }, "geometry": { "type": "LineString", "coordinates": [ [ 124.970183, 10.3893337 ], [ 124.9701862, 10.3892103 ], [ 124.9701814, 10.3891105 ], [ 124.9702055, 10.3890187 ], [ 124.9702458, 10.3889316 ], [ 124.97033, 10.3888724 ], [ 124.970566, 10.3886561 ], [ 124.9709142, 10.3884363 ], [ 124.9712414, 10.3882675 ], [ 124.9715633, 10.3881197 ], [ 124.9718422, 10.3879139 ], [ 124.9720573, 10.3878066 ], [ 124.9724918, 10.3875797 ], [ 124.972921, 10.3873897 ], [ 124.9731605, 10.3872747 ], [ 124.9733292, 10.3872702 ], [ 124.9737096, 10.3872947 ], [ 124.9741816, 10.3871998 ], [ 124.9744594, 10.3871266 ] ] } },
{ "type": "Feature", "properties": { "u": 2528329662, "v": 8305509765, "key": 0, "osmid": "893633211", "highway": "unclassified", "oneway": false, "reversed": "True", "length": 293.40180478660932, "lanes": null, "name": null, "ref": null, "bridge": null, "maxspeed": null, "access": null }, "geometry": { "type": "LineString", "coordinates": [ [ 124.970183, 10.3893337 ], [ 124.9701275, 10.3894318 ], [ 124.9700242, 10.3894833 ], [ 124.9698378, 10.3895176 ], [ 124.9695481, 10.3895018 ], [ 124.9692316, 10.3894661 ], [ 124.9690989, 10.3894978 ], [ 124.9689661, 10.3895651 ], [ 124.9689191, 10.3896403 ], [ 124.9687904, 10.3900109 ], [ 124.9687368, 10.390094 ], [ 124.968671, 10.3901086 ], [ 124.9686054, 10.3900176 ], [ 124.9684417, 10.3894503 ] ] } },
{ "type": "Feature", "properties": { "u": 2528329707, "v": 2528329526, "key": 0, "osmid": "245680815", "highway": "residential", "oneway": false, "reversed": "False", "length": 1034.4214186769727, "lanes": null, "name": null, "ref": null, "bridge": null, "maxspeed": null, "access": null }, "geometry": { "type": "LineString", "coordinates": [ [ 124.9914123, 10.3931747 ], [ 124.9912847, 10.3927782 ], [ 124.9912742, 10.3927256 ], [ 124.9912551, 10.3926304 ], [ 124.9912483, 10.392308 ], [ 124.9911823, 10.3920349 ], [ 124.9910184, 10.3916184 ], [ 124.9907839, 10.391034 ], [ 124.9906132, 10.3907273 ], [ 124.990554, 10.3905348 ], [ 124.9903947, 10.389977 ], [ 124.9904304, 10.389795 ], [ 124.9904539, 10.389675 ], [ 124.9905927, 10.3890884 ], [ 124.990595, 10.3889383 ], [ 124.9905426, 10.3887547 ], [ 124.9904744, 10.3886383 ], [ 124.9902649, 10.3880338 ], [ 124.9902399, 10.3879017 ], [ 124.9901056, 10.3875054 ], [ 124.9900077, 10.3872882 ], [ 124.9899144, 10.3871449 ], [ 124.9897573, 10.3869926 ], [ 124.9895383, 10.3867257 ], [ 124.989252, 10.3863769 ], [ 124.9887125, 10.3857992 ], [ 124.9885896, 10.3856291 ], [ 124.9884484, 10.3854567 ], [ 124.9883414, 10.3852395 ], [ 124.9883005, 10.3850402 ], [ 124.9882768, 10.3847641 ] ] } },
{ "type": "Feature", "properties": { "u": 2528628278, "v": 8323135093, "key": 0, "osmid": [ 245723744, 895404382 ], "highway": "residential", "oneway": false, "reversed": "True", "length": 321.69521225278424, "lanes": null, "name": null, "ref": null, "bridge": null, "maxspeed": null, "access": null }, "geometry": { "type": "LineString", "coordinates": [ [ 124.9975313, 10.3843475 ], [ 124.9973759, 10.3834531 ], [ 124.9973492, 10.3832557 ], [ 124.9972969, 10.383013 ], [ 124.9973386, 10.3829142 ], [ 124.9976429, 10.3821925 ], [ 124.9977449, 10.3815501 ] ] } },
{ "type": "Feature", "properties": { "u": 2528628278, "v": 1769463822, "key": 0, "osmid": [ 393549778, 165396534 ], "highway": "unclassified", "oneway": false, "reversed": [ false, true ], "length": 1022.8912376136653, "lanes": null, "name": null, "ref": null, "bridge": null, "maxspeed": null, "access": null }, "geometry": { "type": "LineString", "coordinates": [ [ 124.9975313, 10.3843475 ], [ 124.9977125, 10.3848513 ], [ 124.997756, 10.3851373 ], [ 124.9980604, 10.3859659 ], [ 124.9982125, 10.386447 ], [ 124.9982533, 10.3866475 ], [ 124.9982289, 10.3867838 ], [ 124.9981202, 10.3870378 ], [ 124.9980319, 10.3873397 ], [ 124.997887, 10.3879571 ], [ 124.9978538, 10.3885239 ], [ 124.9979085, 10.3885731 ], [ 124.9979822, 10.3886364 ], [ 124.9981123, 10.3886655 ], [ 124.9982585, 10.38868 ], [ 124.9983537, 10.3887275 ], [ 124.9983609, 10.3888412 ], [ 124.9983475, 10.3889395 ], [ 124.9982994, 10.3890378 ], [ 124.9982475, 10.3891663 ], [ 124.9981767, 10.3897471 ], [ 124.9981767, 10.3899094 ], [ 124.9981635, 10.390146 ], [ 124.9981177, 10.3904819 ], [ 124.997946, 10.3908671 ], [ 124.9979889, 10.3912496 ], [ 124.998174, 10.3916348 ], [ 124.9981974, 10.3916673 ], [ 124.9989334, 10.3926886 ] ] } },
{ "type": "Feature", "properties": { "u": 2528628278, "v": 2528329483, "key": 0, "osmid": [ 393549779, 895427140, 895427141, 245680799 ], "highway": "residential", "oneway": false, "reversed": "False", "length": 1011.4961560693019, "lanes": null, "name": null, "ref": null, "bridge": "yes", "maxspeed": null, "access": null }, "geometry": { "type": "LineString", "coordinates": [ [ 124.9975313, 10.3843475 ], [ 124.9959303, 10.3848361 ], [ 124.9958271, 10.3848584 ], [ 124.9957299, 10.3848631 ], [ 124.9955365, 10.384894 ], [ 124.994634, 10.3848878 ], [ 124.9945307, 10.384884 ], [ 124.9942787, 10.3849079 ], [ 124.9934718, 10.3846446 ], [ 124.9932351, 10.3845678 ], [ 124.9928979, 10.3844969 ], [ 124.992649, 10.3844894 ], [ 124.9923301, 10.3845188 ], [ 124.9918091, 10.3845696 ], [ 124.9912725, 10.3846683 ], [ 124.9903688, 10.3848407 ], [ 124.9901384, 10.3848689 ], [ 124.9899671, 10.3848491 ], [ 124.9895457, 10.3845726 ], [ 124.9894735, 10.3845315 ], [ 124.9893673, 10.3844712 ], [ 124.9891999, 10.38444 ], [ 124.9890856, 10.3844614 ], [ 124.9888672, 10.3845378 ], [ 124.9886032, 10.3846118 ] ] } },
{ "type": "Feature", "properties": { "u": 2528628278, "v": 2527244212, "key": 0, "osmid": [ 245540552, 1529414998, 1529414999 ], "highway": "unclassified", "oneway": false, "reversed": "False", "length": 1055.2171250461265, "lanes": null, "name": null, "ref": null, "bridge": "yes", "maxspeed": null, "access": null }, "geometry": { "type": "LineString", "coordinates": [ [ 124.9975313, 10.3843475 ], [ 124.9981284, 10.38434 ], [ 124.99903, 10.3844661 ], [ 124.9991448, 10.3844822 ], [ 124.9996715, 10.384538 ], [ 124.999759, 10.3845473 ], [ 125.0005968, 10.3846078 ], [ 125.0007818, 10.3846211 ], [ 125.0022696, 10.3848257 ], [ 125.0024661, 10.3848808 ], [ 125.0026981, 10.3848917 ], [ 125.0030747, 10.3848685 ], [ 125.003169, 10.3848671 ], [ 125.0032568, 10.3848657 ], [ 125.0039917, 10.3848571 ], [ 125.0043458, 10.3848677 ], [ 125.004445, 10.384865 ], [ 125.0045228, 10.3848281 ], [ 125.0049493, 10.3846566 ], [ 125.0055139, 10.3844416 ], [ 125.0056601, 10.3844073 ], [ 125.0056976, 10.3844126 ], [ 125.0058103, 10.3844535 ], [ 125.0059591, 10.3845287 ], [ 125.0060128, 10.3845313 ], [ 125.0062367, 10.3845023 ], [ 125.0064647, 10.3845313 ], [ 125.0065331, 10.3845471 ], [ 125.0066444, 10.3845775 ], [ 125.0067142, 10.3845907 ], [ 125.0067624, 10.3845933 ], [ 125.0068147, 10.384592 ], [ 125.0070057, 10.3845376 ] ] } },
{ "type": "Feature", "properties": { "u": 2528820438, "v": 8302416576, "key": 0, "osmid": [ 1523431090, 1523431089, 151270522 ], "highway": "residential", "oneway": false, "reversed": "False", "length": 207.88953600295196, "lanes": null, "name": "Talisay Barangay Road", "ref": null, "bridge": null, "maxspeed": null, "access": null }, "geometry": { "type": "LineString", "coordinates": [ [ 124.9692025, 10.3596759 ], [ 124.968923, 10.3598159 ], [ 124.9684305, 10.3600626 ], [ 124.9682399, 10.3601664 ], [ 124.9680099, 10.3605214 ], [ 124.9677763, 10.3608267 ] ] } },
{ "type": "Feature", "properties": { "u": 2528820438, "v": 1640904060, "key": 0, "osmid": "151270522", "highway": "residential", "oneway": false, "reversed": "True", "length": 45.502667414130002, "lanes": null, "name": "Talisay Barangay Road", "ref": null, "bridge": null, "maxspeed": null, "access": null }, "geometry": { "type": "LineString", "coordinates": [ [ 124.9692025, 10.3596759 ], [ 124.969235, 10.3596606 ], [ 124.9692882, 10.3596382 ], [ 124.9693566, 10.3596023 ], [ 124.9695756, 10.3594952 ] ] } },
{ "type": "Feature", "properties": { "u": 2528820438, "v": 12599813078, "key": 0, "osmid": "245746056", "highway": "residential", "oneway": false, "reversed": "True", "length": 127.04541527604241, "lanes": null, "name": null, "ref": null, "bridge": null, "maxspeed": null, "access": null }, "geometry": { "type": "LineString", "coordinates": [ [ 124.9692025, 10.3596759 ], [ 124.969179, 10.3596333 ], [ 124.9690763, 10.3594305 ], [ 124.9690871, 10.3592115 ], [ 124.9689423, 10.3589853 ], [ 124.9688777, 10.3586097 ] ] } },
{ "type": "Feature", "properties": { "u": 2531870341, "v": 8302416581, "key": 0, "osmid": "246108677", "highway": "residential", "oneway": false, "reversed": "True", "length": 42.851895976679813, "lanes": null, "name": null, "ref": null, "bridge": null, "maxspeed": null, "access": null }, "geometry": { "type": "LineString", "coordinates": [ [ 124.9692947, 10.3548562 ], [ 124.9689125, 10.3549408 ] ] } },
{ "type": "Feature", "properties": { "u": 2531870348, "v": 1640904131, "key": 0, "osmid": "246108677", "highway": "residential", "oneway": false, "reversed": "False", "length": 84.665495591041477, "lanes": null, "name": null, "ref": null, "bridge": null, "maxspeed": null, "access": null }, "geometry": { "type": "LineString", "coordinates": [ [ 124.9659173, 10.3556754 ], [ 124.9666768, 10.3555286 ] ] } },
{ "type": "Feature", "properties": { "u": 2531870352, "v": 1640903999, "key": 0, "osmid": "273390422", "highway": "primary", "oneway": false, "reversed": "False", "length": 8.4439346186738131, "lanes": "2", "name": "Sogod-Bontoc Road", "ref": "692", "bridge": null, "maxspeed": null, "access": null }, "geometry": { "type": "LineString", "coordinates": [ [ 124.9700239, 10.3558167 ], [ 124.9699808, 10.3558797 ] ] } },
{ "type": "Feature", "properties": { "u": 2531870352, "v": 2653348713, "key": 0, "osmid": "151270523", "highway": "tertiary", "oneway": false, "reversed": "False", "length": 80.506213011421465, "lanes": null, "name": null, "ref": null, "bridge": null, "maxspeed": null, "access": null }, "geometry": { "type": "LineString", "coordinates": [ [ 124.9700239, 10.3558167 ], [ 124.9695066, 10.3560154 ], [ 124.9693405, 10.3560853 ] ] } },
{ "type": "Feature", "properties": { "u": 2531870352, "v": 1640904266, "key": 0, "osmid": "246108678", "highway": "residential", "oneway": false, "reversed": "False", "length": 362.94760614451394, "lanes": null, "name": null, "ref": null, "bridge": null, "maxspeed": null, "access": null }, "geometry": { "type": "LineString", "coordinates": [ [ 124.9700239, 10.3558167 ], [ 124.9699671, 10.3557305 ], [ 124.9699431, 10.3555076 ], [ 124.9700689, 10.354467 ], [ 124.9701282, 10.3541818 ], [ 124.9702175, 10.3538671 ], [ 124.9702895, 10.3534977 ], [ 124.9703951, 10.3530929 ], [ 124.970448, 10.3530131 ], [ 124.9705307, 10.3529734 ], [ 124.9707221, 10.3529029 ], [ 124.9708065, 10.3528668 ] ] } },
{ "type": "Feature", "properties": { "u": 2531870352, "v": 1404221058, "key": 0, "osmid": "273390422", "highway": "primary", "oneway": false, "reversed": "True", "length": 131.13487684455083, "lanes": "2", "name": "Sogod-Bontoc Road", "ref": "692", "bridge": null, "maxspeed": null, "access": null }, "geometry": { "type": "LineString", "coordinates": [ [ 124.9700239, 10.3558167 ], [ 124.9704099, 10.3554442 ], [ 124.9707778, 10.3549074 ] ] } },
{ "type": "Feature", "properties": { "u": 2532525013, "v": 9049584987, "key": 0, "osmid": "978016686", "highway": "residential", "oneway": false, "reversed": "False", "length": 34.248340636855765, "lanes": null, "name": null, "ref": null, "bridge": null, "maxspeed": null, "access": null }, "geometry": { "type": "LineString", "coordinates": [ [ 124.9719554, 10.5139056 ], [ 124.9719071, 10.5137315 ], [ 124.9718534, 10.5136154 ] ] } },
{ "type": "Feature", "properties": { "u": 2532525013, "v": 2532525038, "key": 0, "osmid": "978016686", "highway": "residential", "oneway": false, "reversed": "True", "length": 104.67557596476595, "lanes": null, "name": null, "ref": null, "bridge": null, "maxspeed": null, "access": null }, "geometry": { "type": "LineString", "coordinates": [ [ 124.9719554, 10.5139056 ], [ 124.9720556, 10.5141921 ], [ 124.9721319, 10.5144136 ], [ 124.9722068, 10.5146014 ], [ 124.9722699, 10.5147945 ] ] } },
{ "type": "Feature", "properties": { "u": 2532525013, "v": 4077513370, "key": 0, "osmid": "978016687", "highway": "residential", "oneway": false, "reversed": "False", "length": 20.11252237932926, "lanes": null, "name": null, "ref": null, "bridge": null, "maxspeed": null, "access": null }, "geometry": { "type": "LineString", "coordinates": [ [ 124.9719554, 10.5139056 ], [ 124.9720017, 10.513882 ], [ 124.9721285, 10.5138466 ] ] } },
{ "type": "Feature", "properties": { "u": 2532525023, "v": 2532525038, "key": 0, "osmid": "978016685", "highway": "residential", "oneway": false, "reversed": "False", "length": 72.291051830326694, "lanes": null, "name": null, "ref": null, "bridge": null, "maxspeed": null, "access": null }, "geometry": { "type": "LineString", "coordinates": [ [ 124.9717221, 10.5144984 ], [ 124.9718555, 10.5146211 ], [ 124.9719774, 10.5147503 ], [ 124.9721106, 10.5147927 ], [ 124.9722699, 10.5147945 ] ] } },
{ "type": "Feature", "properties": { "u": 2532525038, "v": 9049584986, "key": 0, "osmid": "978016684", "highway": "unclassified", "oneway": false, "reversed": "False", "length": 162.5124844558766, "lanes": null, "name": null, "ref": null, "bridge": null, "maxspeed": null, "access": null }, "geometry": { "type": "LineString", "coordinates": [ [ 124.9722699, 10.5147945 ], [ 124.9727656, 10.5156716 ], [ 124.972981, 10.5160778 ] ] } },
{ "type": "Feature", "properties": { "u": 2532525038, "v": 2532525023, "key": 0, "osmid": "978016685", "highway": "residential", "oneway": false, "reversed": "True", "length": 72.291051830326694, "lanes": null, "name": null, "ref": null, "bridge": null, "maxspeed": null, "access": null }, "geometry": { "type": "LineString", "coordinates": [ [ 124.9722699, 10.5147945 ], [ 124.9721106, 10.5147927 ], [ 124.9719774, 10.5147503 ], [ 124.9718555, 10.5146211 ], [ 124.9717221, 10.5144984 ] ] } },
{ "type": "Feature", "properties": { "u": 2532525038, "v": 2532525013, "key": 0, "osmid": "978016686", "highway": "residential", "oneway": false, "reversed": "False", "length": 104.67557596476597, "lanes": null, "name": null, "ref": null, "bridge": null, "maxspeed": null, "access": null }, "geometry": { "type": "LineString", "coordinates": [ [ 124.9722699, 10.5147945 ], [ 124.9722068, 10.5146014 ], [ 124.9721319, 10.5144136 ], [ 124.9720556, 10.5141921 ], [ 124.9719554, 10.5139056 ] ] } },
{ "type": "Feature", "properties": { "u": 2533620304, "v": 1774379208, "key": 0, "osmid": "165931086", "highway": "trunk", "oneway": false, "reversed": "False", "length": 12.243278439510304, "lanes": "2", "name": "Maharlika Highway", "ref": "1", "bridge": null, "maxspeed": null, "access": null }, "geometry": { "type": "LineString", "coordinates": [ [ 125.0266074, 10.3657116 ], [ 125.026581, 10.3658186 ] ] } },
{ "type": "Feature", "properties": { "u": 2533620304, "v": 1774376366, "key": 0, "osmid": [ 165931092, 165931086, 165931095 ], "highway": "trunk", "oneway": false, "reversed": "True", "length": 267.05118360121986, "lanes": "2", "name": "Maharlika Highway", "ref": "1", "bridge": "yes", "maxspeed": null, "access": null }, "geometry": { "type": "LineString", "coordinates": [ [ 125.0266074, 10.3657116 ], [ 125.0266412, 10.3655744 ], [ 125.0268808, 10.3645122 ], [ 125.0269312, 10.3642942 ], [ 125.0270211, 10.3639521 ], [ 125.0271111, 10.3637071 ], [ 125.0272293, 10.3633929 ] ] } },
{ "type": "Feature", "properties": { "u": 2533620304, "v": 2533620312, "key": 0, "osmid": "246311840", "highway": "residential", "oneway": false, "reversed": "False", "length": 128.59668460884495, "lanes": null, "name": null, "ref": null, "bridge": null, "maxspeed": null, "access": null }, "geometry": { "type": "LineString", "coordinates": [ [ 125.0266074, 10.3657116 ], [ 125.0269151, 10.3657883 ], [ 125.0273481, 10.3655543 ], [ 125.0275676, 10.3652684 ] ] } },
{ "type": "Feature", "properties": { "u": 2533620312, "v": 2533620304, "key": 0, "osmid": "246311840", "highway": "residential", "oneway": false, "reversed": "True", "length": 128.59668460884498, "lanes": null, "name": null, "ref": null, "bridge": null, "maxspeed": null, "access": null }, "geometry": { "type": "LineString", "coordinates": [ [ 125.0275676, 10.3652684 ], [ 125.0273481, 10.3655543 ], [ 125.0269151, 10.3657883 ], [ 125.0266074, 10.3657116 ] ] } },
{ "type": "Feature", "properties": { "u": 2533625392, "v": 1774379192, "key": 0, "osmid": [ 165931089, 165931094, 165931095 ], "highway": "trunk", "oneway": false, "reversed": "False", "length": 683.61556480840409, "lanes": "2", "name": "Maharlika Highway", "ref": "1", "bridge": "yes", "maxspeed": null, "access": null }, "geometry": { "type": "LineString", "coordinates": [ [ 125.0301351, 10.356373 ], [ 125.0297524, 10.3573106 ], [ 125.0293457, 10.358263 ], [ 125.0290376, 10.3590119 ], [ 125.0285984, 10.3600844 ], [ 125.0285288, 10.3602501 ], [ 125.0283565, 10.3606563 ], [ 125.0280024, 10.3615291 ], [ 125.0278668, 10.3618633 ], [ 125.0277829, 10.3620687 ] ] } },
{ "type": "Feature", "properties": { "u": 2533625392, "v": 8526832426, "key": 0, "osmid": [ 165931090, 165930812, 165931094 ], "highway": "trunk", "oneway": false, "reversed": "True", "length": 245.6795621494046, "lanes": "2", "name": "Maharlika Highway", "ref": "1", "bridge": "yes", "maxspeed": null, "access": null }, "geometry": { "type": "LineString", "coordinates": [ [ 125.0301351, 10.356373 ], [ 125.0301999, 10.3562143 ], [ 125.0306783, 10.3550266 ], [ 125.030767, 10.3548121 ], [ 125.0309652, 10.35432 ] ] } },
{ "type": "Feature", "properties": { "u": 2533625392, "v": 2533625394, "key": 0, "osmid": "246312459", "highway": "residential", "oneway": false, "reversed": "False", "length": 269.11741902902679, "lanes": null, "name": null, "ref": null, "bridge": null, "maxspeed": null, "access": null }, "geometry": { "type": "LineString", "coordinates": [ [ 125.0301351, 10.356373 ], [ 125.028448, 10.3557154 ], [ 125.0278458, 10.3554865 ] ] } },
{ "type": "Feature", "properties": { "u": 2533625394, "v": 2533625392, "key": 0, "osmid": "246312459", "highway": "residential", "oneway": false, "reversed": "True", "length": 269.11741902902679, "lanes": null, "name": null, "ref": null, "bridge": null, "maxspeed": null, "access": null }, "geometry": { "type": "LineString", "coordinates": [ [ 125.0278458, 10.3554865 ], [ 125.028448, 10.3557154 ], [ 125.0301351, 10.356373 ] ] } },
{ "type": "Feature", "properties": { "u": 2653348713, "v": 1640904190, "key": 0, "osmid": "151270523", "highway": "tertiary", "oneway": false, "reversed": "False", "length": 264.65872671842453, "lanes": null, "name": null, "ref": null, "bridge": null, "maxspeed": null, "access": null }, "geometry": { "type": "LineString", "coordinates": [ [ 124.9693405, 10.3560853 ], [ 124.9670161, 10.3567462 ] ] } },
{ "type": "Feature", "properties": { "u": 2653348713, "v": 2653348714, "key": 0, "osmid": "259869754", "highway": "residential", "oneway": false, "reversed": "False", "length": 65.07908068345715, "lanes": null, "name": null, "ref": null, "bridge": null, "maxspeed": null, "access": null }, "geometry": { "type": "LineString", "coordinates": [ [ 124.9693405, 10.3560853 ], [ 124.9695625, 10.3566283 ] ] } },
{ "type": "Feature", "properties": { "u": 2653348713, "v": 8302416581, "key": 0, "osmid": "259869754", "highway": "residential", "oneway": false, "reversed": "True", "length": 135.60080699836618, "lanes": null, "name": null, "ref": null, "bridge": null, "maxspeed": null, "access": null }, "geometry": { "type": "LineString", "coordinates": [ [ 124.9693405, 10.3560853 ], [ 124.9689125, 10.3549408 ] ] } },
{ "type": "Feature", "properties": { "u": 2653348713, "v": 2531870352, "key": 0, "osmid": "151270523", "highway": "tertiary", "oneway": false, "reversed": "True", "length": 80.506213011421465, "lanes": null, "name": null, "ref": null, "bridge": null, "maxspeed": null, "access": null }, "geometry": { "type": "LineString", "coordinates": [ [ 124.9693405, 10.3560853 ], [ 124.9695066, 10.3560154 ], [ 124.9700239, 10.3558167 ] ] } },
{ "type": "Feature", "properties": { "u": 2653348714, "v": 2653348713, "key": 0, "osmid": "259869754", "highway": "residential", "oneway": false, "reversed": "True", "length": 65.07908068345715, "lanes": null, "name": null, "ref": null, "bridge": null, "maxspeed": null, "access": null }, "geometry": { "type": "LineString", "coordinates": [ [ 124.9695625, 10.3566283 ], [ 124.9693405, 10.3560853 ] ] } },
{ "type": "Feature", "properties": { "u": 2653348714, "v": 12599724648, "key": 0, "osmid": "273390422", "highway": "primary", "oneway": false, "reversed": "False", "length": 8.5439843977012995, "lanes": "2", "name": "Sogod-Bontoc Road", "ref": "692", "bridge": null, "maxspeed": null, "access": null }, "geometry": { "type": "LineString", "coordinates": [ [ 124.9695625, 10.3566283 ], [ 124.9695239, 10.3566951 ] ] } },
{ "type": "Feature", "properties": { "u": 2653348714, "v": 1640903999, "key": 0, "osmid": "273390422", "highway": "primary", "oneway": false, "reversed": "True", "length": 95.07609779713377, "lanes": "2", "name": "Sogod-Bontoc Road", "ref": "692", "bridge": null, "maxspeed": null, "access": null }, "geometry": { "type": "LineString", "coordinates": [ [ 124.9695625, 10.3566283 ], [ 124.9696885, 10.3563893 ], [ 124.9697658, 10.356228 ], [ 124.9699808, 10.3558797 ] ] } },
{ "type": "Feature", "properties": { "u": 3831527908, "v": 2526223060, "key": 0, "osmid": "908384545", "highway": "residential", "oneway": false, "reversed": "False", "length": 62.497639859662314, "lanes": null, "name": null, "ref": null, "bridge": null, "maxspeed": null, "access": null }, "geometry": { "type": "LineString", "coordinates": [ [ 124.9681816, 10.5256476 ], [ 124.9676208, 10.5255385 ] ] } },
{ "type": "Feature", "properties": { "u": 3831527908, "v": 2526223060, "key": 1, "osmid": [ 379809137, 245414501, 379810223 ], "highway": "residential", "oneway": false, "reversed": [ false, true ], "length": 183.91762250630867, "lanes": null, "name": null, "ref": null, "bridge": null, "maxspeed": null, "access": null }, "geometry": { "type": "LineString", "coordinates": [ [ 124.9681816, 10.5256476 ], [ 124.9682082, 10.5255983 ], [ 124.9682791, 10.5254966 ], [ 124.9684676, 10.525295 ], [ 124.9684327, 10.5252755 ], [ 124.9680007, 10.5251059 ], [ 124.9678679, 10.5250376 ], [ 124.9677435, 10.5252731 ], [ 124.9676879, 10.525396 ], [ 124.9676208, 10.5255385 ] ] } },
{ "type": "Feature", "properties": { "u": 3831527908, "v": 3985873659, "key": 0, "osmid": "379809137", "highway": "residential", "oneway": false, "reversed": "True", "length": 48.976097329810905, "lanes": null, "name": null, "ref": null, "bridge": null, "maxspeed": null, "access": null }, "geometry": { "type": "LineString", "coordinates": [ [ 124.9681816, 10.5256476 ], [ 124.968313, 10.5258084 ], [ 124.9685064, 10.5259451 ] ] } },
{ "type": "Feature", "properties": { "u": 3959007165, "v": 2528329499, "key": 0, "osmid": "392711082", "highway": "residential", "oneway": false, "reversed": "True", "length": 147.07148219199146, "lanes": null, "name": null, "ref": null, "bridge": null, "maxspeed": null, "access": null }, "geometry": { "type": "LineString", "coordinates": [ [ 124.9863126, 10.3833663 ], [ 124.9865653, 10.3839286 ], [ 124.9868682, 10.3845707 ] ] } },
{ "type": "Feature", "properties": { "u": 3959007174, "v": 2528285445, "key": 0, "osmid": "245676047", "highway": "residential", "oneway": false, "reversed": "True", "length": 120.63507477900501, "lanes": null, "name": null, "ref": null, "bridge": null, "maxspeed": null, "access": null }, "geometry": { "type": "LineString", "coordinates": [ [ 124.9877007, 10.3861525 ], [ 124.9876676, 10.3861352 ], [ 124.987652, 10.3861276 ], [ 124.9876383, 10.3861195 ], [ 124.9876048, 10.3860918 ], [ 124.9875578, 10.3860602 ], [ 124.9875028, 10.3860285 ], [ 124.9874425, 10.3860008 ], [ 124.9873781, 10.3859507 ], [ 124.9873164, 10.3858927 ], [ 124.987244, 10.385795 ], [ 124.9871837, 10.3856499 ], [ 124.9871515, 10.3855061 ], [ 124.9870978, 10.3853149 ] ] } },
{ "type": "Feature", "properties": { "u": 3967718035, "v": 3967718048, "key": 0, "osmid": "393566066", "highway": "residential", "oneway": false, "reversed": "False", "length": 143.41601346541248, "lanes": null, "name": null, "ref": null, "bridge": null, "maxspeed": null, "access": null }, "geometry": { "type": "LineString", "coordinates": [ [ 124.9792798, 10.3958437 ], [ 124.979312, 10.3959137 ], [ 124.9793335, 10.3959862 ], [ 124.9793429, 10.396035 ], [ 124.9793523, 10.3960772 ], [ 124.9793844, 10.3960891 ], [ 124.9794515, 10.3960851 ], [ 124.9795883, 10.3960693 ], [ 124.9797036, 10.3960601 ], [ 124.9798525, 10.3960482 ], [ 124.9799987, 10.3960469 ], [ 124.980114, 10.3960416 ], [ 124.9803205, 10.3960403 ], [ 124.98041, 10.3960415 ] ] } },
{ "type": "Feature", "properties": { "u": 3967718048, "v": 3967718035, "key": 0, "osmid": "393566066", "highway": "residential", "oneway": false, "reversed": "True", "length": 143.41601346541248, "lanes": null, "name": null, "ref": null, "bridge": null, "maxspeed": null, "access": null }, "geometry": { "type": "LineString", "coordinates": [ [ 124.98041, 10.3960415 ], [ 124.9803205, 10.3960403 ], [ 124.980114, 10.3960416 ], [ 124.9799987, 10.3960469 ], [ 124.9798525, 10.3960482 ], [ 124.9797036, 10.3960601 ], [ 124.9795883, 10.3960693 ], [ 124.9794515, 10.3960851 ], [ 124.9793844, 10.3960891 ], [ 124.9793523, 10.3960772 ], [ 124.9793429, 10.396035 ], [ 124.9793335, 10.3959862 ], [ 124.979312, 10.3959137 ], [ 124.9792798, 10.3958437 ] ] } },
{ "type": "Feature", "properties": { "u": 3967718048, "v": 1641042144, "key": 0, "osmid": [ 393566067, 1249070733, 1136942414 ], "highway": "residential", "oneway": false, "reversed": [ false, true ], "length": 255.84639759084138, "lanes": null, "name": "Pandan Barangay Road", "ref": null, "bridge": "yes", "maxspeed": null, "access": null }, "geometry": { "type": "LineString", "coordinates": [ [ 124.98041, 10.3960415 ], [ 124.9804038, 10.3961979 ], [ 124.9804698, 10.396383 ], [ 124.9805747, 10.3965598 ], [ 124.9806028, 10.3966129 ], [ 124.9808603, 10.397093 ], [ 124.9810749, 10.3975415 ], [ 124.98138, 10.3981126 ] ] } },
{ "type": "Feature", "properties": { "u": 3967718048, "v": 1641041941, "key": 0, "osmid": "1081727903", "highway": "residential", "oneway": false, "reversed": "True", "length": 323.2919376817639, "lanes": null, "name": null, "ref": null, "bridge": null, "maxspeed": null, "access": null }, "geometry": { "type": "LineString", "coordinates": [ [ 124.98041, 10.3960415 ], [ 124.9804205, 10.395774 ], [ 124.9805599, 10.3952753 ], [ 124.9808367, 10.3947524 ], [ 124.9808657, 10.3946976 ], [ 124.9810797, 10.3943565 ], [ 124.9813158, 10.3939449 ], [ 124.9815304, 10.3933856 ] ] } },
{ "type": "Feature", "properties": { "u": 3985402644, "v": 2526223501, "key": 0, "osmid": [ 245372897, 895532572 ], "highway": "residential", "oneway": false, "reversed": "False", "length": 638.86794034729871, "lanes": null, "name": null, "ref": null, "bridge": null, "maxspeed": null, "access": null }, "geometry": { "type": "LineString", "coordinates": [ [ 124.9608415, 10.5471633 ], [ 124.9610048, 10.5473726 ], [ 124.9611181, 10.5474617 ], [ 124.9612726, 10.5475346 ], [ 124.9613488, 10.5475691 ], [ 124.9614724, 10.547567 ], [ 124.9617887, 10.547747 ], [ 124.9619099, 10.5478969 ], [ 124.9619025, 10.5480376 ], [ 124.9615929, 10.5485478 ], [ 124.9615535, 10.5486427 ], [ 124.9615153, 10.5487436 ], [ 124.9613363, 10.5489909 ], [ 124.9613195, 10.5490914 ], [ 124.96135, 10.5491759 ], [ 124.9614583, 10.5492355 ], [ 124.9615552, 10.5492653 ], [ 124.9618515, 10.5492097 ], [ 124.9621741, 10.5492033 ], [ 124.9624659, 10.5492704 ], [ 124.9627072, 10.5493402 ], [ 124.9629283, 10.5494572 ], [ 124.9630165, 10.5495448 ], [ 124.9631258, 10.5497624 ], [ 124.9632862, 10.5499417 ], [ 124.9636687, 10.5503341 ], [ 124.96355, 10.5505003 ] ] } },
{ "type": "Feature", "properties": { "u": 3985402644, "v": 4076106281, "key": 0, "osmid": [ 248638688, 392893676, 248638686, 392892630 ], "highway": "trunk", "oneway": false, "reversed": "False", "length": 1230.7608988793224, "lanes": "2", "name": "Maharlika Highway", "ref": "1", "bridge": "yes", "maxspeed": null, "access": null }, "geometry": { "type": "LineString", "coordinates": [ [ 124.9608415, 10.5471633 ], [ 124.960788, 10.547214 ], [ 124.9605558, 10.5473717 ], [ 124.9604334, 10.5474091 ], [ 124.9600208, 10.5474115 ], [ 124.9597436, 10.5474131 ], [ 124.9594789, 10.5474612 ], [ 124.9592964, 10.5475525 ], [ 124.9591079, 10.5476773 ], [ 124.9587043, 10.5480186 ], [ 124.9584532, 10.5482225 ], [ 124.9579736, 10.5485131 ], [ 124.9576916, 10.5486895 ], [ 124.9573637, 10.5487753 ], [ 124.9570181, 10.5488079 ], [ 124.956649, 10.5488292 ], [ 124.9563599, 10.5488605 ], [ 124.9560117, 10.5489285 ], [ 124.955775, 10.5492276 ], [ 124.9556291, 10.549536 ], [ 124.9555526, 10.5499798 ], [ 124.955486, 10.551005 ], [ 124.9554411, 10.5520572 ], [ 124.9553799, 10.5524098 ], [ 124.9552849, 10.5526338 ], [ 124.9549832, 10.5530545 ], [ 124.9548003, 10.5533469 ], [ 124.9546183, 10.5536473 ], [ 124.9545669, 10.5537658 ], [ 124.9545456, 10.5538899 ], [ 124.9545434, 10.554081 ], [ 124.9545558, 10.5542031 ], [ 124.9545841, 10.5543211 ], [ 124.9546195, 10.5543906 ] ] } },
{ "type": "Feature", "properties": { "u": 3985402644, "v": 504809309, "key": 0, "osmid": [ 395699793, 180523522, 392893676 ], "highway": "trunk", "oneway": false, "reversed": "True", "length": 912.31654543657078, "lanes": "2", "name": "Maharlika Highway", "ref": "1", "bridge": "yes", "maxspeed": null, "access": null }, "geometry": { "type": "LineString", "coordinates": [ [ 124.9608415, 10.5471633 ], [ 124.9609063, 10.5471019 ], [ 124.9609907, 10.5469193 ], [ 124.9610878, 10.5465332 ], [ 124.9611427, 10.5462925 ], [ 124.9612314, 10.5459936 ], [ 124.9614256, 10.5456533 ], [ 124.9618394, 10.545234 ], [ 124.9621898, 10.5449642 ], [ 124.9624938, 10.5447069 ], [ 124.96284, 10.5444246 ], [ 124.9631778, 10.544105 ], [ 124.9633425, 10.5437355 ], [ 124.9633992, 10.5434721 ], [ 124.9634586, 10.5431136 ], [ 124.9635345, 10.542792 ], [ 124.9636066, 10.5425957 ], [ 124.9637127, 10.5424107 ], [ 124.9638239, 10.5422923 ], [ 124.964069, 10.5421601 ], [ 124.9654742, 10.5415291 ], [ 124.9659439, 10.5413161 ] ] } },
{ "type": "Feature", "properties": { "u": 3985873659, "v": 2526223162, "key": 0, "osmid": "180523523", "highway": "trunk", "oneway": false, "reversed": "False", "length": 121.92409501676613, "lanes": "2", "name": "Maharlika Highway", "ref": "1", "bridge": null, "maxspeed": null, "access": null }, "geometry": { "type": "LineString", "coordinates": [ [ 124.9685064, 10.5259451 ], [ 124.9680112, 10.5262967 ], [ 124.9678096, 10.5264221 ], [ 124.9675847, 10.5265255 ], [ 124.9675678, 10.5265303 ] ] } },
{ "type": "Feature", "properties": { "u": 3985873659, "v": 8385839030, "key": 0, "osmid": "180523523", "highway": "trunk", "oneway": false, "reversed": "True", "length": 62.351229023742263, "lanes": "2", "name": "Maharlika Highway", "ref": "1", "bridge": null, "maxspeed": null, "access": null }, "geometry": { "type": "LineString", "coordinates": [ [ 124.9685064, 10.5259451 ], [ 124.968606, 10.5258744 ], [ 124.9689642, 10.5256107 ] ] } },
{ "type": "Feature", "properties": { "u": 3985873659, "v": 3831527908, "key": 0, "osmid": "379809137", "highway": "residential", "oneway": false, "reversed": "False", "length": 48.976097329810905, "lanes": null, "name": null, "ref": null, "bridge": null, "maxspeed": null, "access": null }, "geometry": { "type": "LineString", "coordinates": [ [ 124.9685064, 10.5259451 ], [ 124.968313, 10.5258084 ], [ 124.9681816, 10.5256476 ] ] } },
{ "type": "Feature", "properties": { "u": 4028232473, "v": 4028234051, "key": 0, "osmid": "400222910", "highway": "residential", "oneway": false, "reversed": "True", "length": 278.53416005119777, "lanes": null, "name": null, "ref": null, "bridge": null, "maxspeed": null, "access": null }, "geometry": { "type": "LineString", "coordinates": [ [ 124.9416859, 10.3566747 ], [ 124.9418398, 10.3569858 ], [ 124.9419565, 10.3572217 ], [ 124.942149, 10.3576508 ], [ 124.9425123, 10.3585956 ], [ 124.9426098, 10.3586594 ], [ 124.9428608, 10.3588337 ] ] } },
{ "type": "Feature", "properties": { "u": 4028232482, "v": 1640903959, "key": 0, "osmid": "400222903", "highway": "residential", "oneway": false, "reversed": "True", "length": 154.89217288208525, "lanes": null, "name": null, "ref": null, "bridge": null, "maxspeed": null, "access": null }, "geometry": { "type": "LineString", "coordinates": [ [ 124.9611447, 10.3565275 ], [ 124.9615708, 10.3568117 ], [ 124.9619893, 10.3568846 ], [ 124.962316, 10.357001 ], [ 124.9624121, 10.3570853 ] ] } },
{ "type": "Feature", "properties": { "u": 4028232994, "v": 4028234051, "key": 0, "osmid": "151270532", "highway": "tertiary", "oneway": false, "reversed": "False", "length": 1735.4096698679241, "lanes": null, "name": null, "ref": null, "bridge": null, "maxspeed": null, "access": null }, "geometry": { "type": "LineString", "coordinates": [ [ 124.9554378, 10.357184 ], [ 124.9552452, 10.3571275 ], [ 124.9550194, 10.3568972 ], [ 124.9547088, 10.3564626 ], [ 124.9544132, 10.356037 ], [ 124.9543011, 10.3557924 ], [ 124.954167, 10.3555075 ], [ 124.9540865, 10.355365 ], [ 124.953968, 10.3552085 ], [ 124.9538017, 10.355066 ], [ 124.9533892, 10.3548531 ], [ 124.9528313, 10.3545523 ], [ 124.9523914, 10.3543043 ], [ 124.95215, 10.3542568 ], [ 124.9517208, 10.3543043 ], [ 124.9511463, 10.3544117 ], [ 124.9505353, 10.3544573 ], [ 124.9500466, 10.3545594 ], [ 124.9496121, 10.3546966 ], [ 124.9492258, 10.354855 ], [ 124.948942, 10.3550431 ], [ 124.9484217, 10.3553755 ], [ 124.9482018, 10.3554916 ], [ 124.9474332, 10.3557814 ], [ 124.9471866, 10.3558256 ], [ 124.9471128, 10.3558519 ], [ 124.9470377, 10.3559746 ], [ 124.9469883, 10.3561854 ], [ 124.9468714, 10.3565551 ], [ 124.9465734, 10.3568672 ], [ 124.9462086, 10.3571354 ], [ 124.9454336, 10.3575041 ], [ 124.945059, 10.3576962 ], [ 124.9449386, 10.3580938 ], [ 124.9448485, 10.3585543 ], [ 124.9447095, 10.3586783 ], [ 124.9443997, 10.3586934 ], [ 124.9436729, 10.3587651 ], [ 124.9428608, 10.3588337 ] ] } },
{ "type": "Feature", "properties": { "u": 4028232994, "v": 1640904275, "key": 0, "osmid": "151270532", "highway": "tertiary", "oneway": false, "reversed": "True", "length": 54.493705527580282, "lanes": null, "name": null, "ref": null, "bridge": null, "maxspeed": null, "access": null }, "geometry": { "type": "LineString", "coordinates": [ [ 124.9554378, 10.357184 ], [ 124.9556047, 10.357233 ], [ 124.9559211, 10.3573017 ] ] } },
{ "type": "Feature", "properties": { "u": 4028232994, "v": 4028234004, "key": 0, "osmid": "400222904", "highway": "residential", "oneway": false, "reversed": "True", "length": 247.73853237786187, "lanes": null, "name": null, "ref": null, "bridge": null, "maxspeed": null, "access": null }, "geometry": { "type": "LineString", "coordinates": [ [ 124.9554378, 10.357184 ], [ 124.9550574, 10.3572477 ], [ 124.9549408, 10.357312 ], [ 124.9548702, 10.3574006 ], [ 124.9546706, 10.3575552 ], [ 124.9544781, 10.357623 ], [ 124.9541673, 10.3576682 ], [ 124.953807, 10.3577898 ], [ 124.9535562, 10.3579566 ], [ 124.9534467, 10.3580903 ] ] } },
{ "type": "Feature", "properties": { "u": 4028233266, "v": 1640904236, "key": 0, "osmid": "151270532", "highway": "tertiary", "oneway": false, "reversed": "False", "length": 171.0832753052488, "lanes": null, "name": null, "ref": null, "bridge": null, "maxspeed": null, "access": null }, "geometry": { "type": "LineString", "coordinates": [ [ 124.9582973, 10.3573935 ], [ 124.9581997, 10.3574177 ], [ 124.9574715, 10.3575761 ], [ 124.9572462, 10.3575813 ], [ 124.9567661, 10.3574743 ] ] } },
{ "type": "Feature", "properties": { "u": 4028233266, "v": 1640904054, "key": 0, "osmid": "151270532", "highway": "tertiary", "oneway": false, "reversed": "True", "length": 477.50356336979183, "lanes": null, "name": null, "ref": null, "bridge": null, "maxspeed": null, "access": null }, "geometry": { "type": "LineString", "coordinates": [ [ 124.9582973, 10.3573935 ], [ 124.9586919, 10.3572819 ], [ 124.9588609, 10.3572964 ], [ 124.9591827, 10.3573808 ], [ 124.959467, 10.3575127 ], [ 124.9598372, 10.3575919 ], [ 124.9610495, 10.357766 ], [ 124.9619316, 10.3578608 ], [ 124.9620887, 10.3578772 ], [ 124.9621867, 10.3578772 ], [ 124.962332, 10.3578606 ], [ 124.9624587, 10.357814 ], [ 124.9625584, 10.3577708 ] ] } },
{ "type": "Feature", "properties": { "u": 4028233266, "v": 4028234000, "key": 0, "osmid": "400222909", "highway": "residential", "oneway": false, "reversed": "True", "length": 120.2604836661894, "lanes": null, "name": null, "ref": null, "bridge": null, "maxspeed": null, "access": null }, "geometry": { "type": "LineString", "coordinates": [ [ 124.9582973, 10.3573935 ], [ 124.9581816, 10.3579392 ], [ 124.9581463, 10.3579791 ], [ 124.9580474, 10.3580243 ], [ 124.9576818, 10.3580799 ] ] } },
{ "type": "Feature", "properties": { "u": 4028234000, "v": 4028233266, "key": 0, "osmid": "400222909", "highway": "residential", "oneway": false, "reversed": "False", "length": 120.2604836661894, "lanes": null, "name": null, "ref": null, "bridge": null, "maxspeed": null, "access": null }, "geometry": { "type": "LineString", "coordinates": [ [ 124.9576818, 10.3580799 ], [ 124.9580474, 10.3580243 ], [ 124.9581463, 10.3579791 ], [ 124.9581816, 10.3579392 ], [ 124.9582973, 10.3573935 ] ] } },
{ "type": "Feature", "properties": { "u": 4028234004, "v": 4028232994, "key": 0, "osmid": "400222904", "highway": "residential", "oneway": false, "reversed": "False", "length": 247.73853237786187, "lanes": null, "name": null, "ref": null, "bridge": null, "maxspeed": null, "access": null }, "geometry": { "type": "LineString", "coordinates": [ [ 124.9534467, 10.3580903 ], [ 124.9535562, 10.3579566 ], [ 124.953807, 10.3577898 ], [ 124.9541673, 10.3576682 ], [ 124.9544781, 10.357623 ], [ 124.9546706, 10.3575552 ], [ 124.9548702, 10.3574006 ], [ 124.9549408, 10.357312 ], [ 124.9550574, 10.3572477 ], [ 124.9554378, 10.357184 ] ] } },
{ "type": "Feature", "properties": { "u": 4028234051, "v": 2526233649, "key": 0, "osmid": [ 245416000, 245415987, 151270532 ], "highway": "tertiary", "oneway": false, "reversed": "False", "length": 3103.7164055950525, "lanes": null, "name": null, "ref": null, "bridge": "yes", "maxspeed": null, "access": null }, "geometry": { "type": "LineString", "coordinates": [ [ 124.9428608, 10.3588337 ], [ 124.9426631, 10.3588951 ], [ 124.9423126, 10.3591059 ], [ 124.9420166, 10.3592464 ], [ 124.9418309, 10.359466 ], [ 124.9415939, 10.3597834 ], [ 124.9413052, 10.3600583 ], [ 124.9408284, 10.3607793 ], [ 124.9405544, 10.3611342 ], [ 124.9405293, 10.3612543 ], [ 124.9405588, 10.3613611 ], [ 124.9406889, 10.3615671 ], [ 124.9410149, 10.3622945 ], [ 124.9411006, 10.36253 ], [ 124.9410926, 10.3627067 ], [ 124.9410403, 10.3628571 ], [ 124.9409303, 10.3630563 ], [ 124.9408673, 10.3633175 ], [ 124.9409705, 10.3635906 ], [ 124.9410506, 10.3638611 ], [ 124.9410376, 10.3640603 ], [ 124.9409051, 10.3642062 ], [ 124.940534, 10.3646324 ], [ 124.9404411, 10.3647283 ], [ 124.9404393, 10.3650989 ], [ 124.9404774, 10.3654476 ], [ 124.940716, 10.3657926 ], [ 124.9412345, 10.366407 ], [ 124.9415083, 10.3669938 ], [ 124.9416225, 10.3671162 ], [ 124.9417742, 10.3671652 ], [ 124.941955, 10.3671428 ], [ 124.9421188, 10.3671978 ], [ 124.9422941, 10.3673686 ], [ 124.9423767, 10.3675811 ], [ 124.9424853, 10.3678248 ], [ 124.9428816, 10.3679131 ], [ 124.9431451, 10.367857 ], [ 124.9434254, 10.3678618 ], [ 124.943573, 10.3680855 ], [ 124.9436781, 10.3683185 ], [ 124.94372, 10.3687256 ], [ 124.9437262, 10.3689945 ], [ 124.9438369, 10.3693092 ], [ 124.943784, 10.3695914 ], [ 124.9437094, 10.3699956 ], [ 124.9436339, 10.3704204 ], [ 124.9435986, 10.3705835 ], [ 124.9434387, 10.3706827 ], [ 124.9430627, 10.3707761 ], [ 124.9426546, 10.3709241 ], [ 124.9421758, 10.3711409 ], [ 124.941795, 10.3714482 ], [ 124.941385, 10.3718056 ], [ 124.9412991, 10.3718805 ], [ 124.9412099, 10.3719937 ], [ 124.9409388, 10.3723377 ], [ 124.940768, 10.3727103 ], [ 124.9407469, 10.3730641 ], [ 124.9407212, 10.3734176 ], [ 124.9408885, 10.373877 ], [ 124.9410455, 10.3742211 ], [ 124.9412666, 10.3746616 ], [ 124.941917, 10.3756679 ], [ 124.9422218, 10.3761969 ], [ 124.9423438, 10.3765016 ], [ 124.9424283, 10.376834 ], [ 124.9424471, 10.3772852 ], [ 124.9425289, 10.3773793 ], [ 124.9429161, 10.3775936 ], [ 124.9430553, 10.3778465 ], [ 124.9430008, 10.3780339 ], [ 124.9428193, 10.3781292 ], [ 124.9423021, 10.3783374 ], [ 124.9418523, 10.378516 ], [ 124.9418151, 10.3785308 ], [ 124.9414611, 10.3787332 ], [ 124.9412928, 10.3789108 ], [ 124.9411496, 10.3790337 ], [ 124.9405733, 10.3796094 ], [ 124.9405658, 10.3798579 ] ] } },
{ "type": "Feature", "properties": { "u": 4028234051, "v": 4028232994, "key": 0, "osmid": "151270532", "highway": "tertiary", "oneway": false, "reversed": "True", "length": 1735.4096698679234, "lanes": null, "name": null, "ref": null, "bridge": null, "maxspeed": null, "access": null }, "geometry": { "type": "LineString", "coordinates": [ [ 124.9428608, 10.3588337 ], [ 124.9436729, 10.3587651 ], [ 124.9443997, 10.3586934 ], [ 124.9447095, 10.3586783 ], [ 124.9448485, 10.3585543 ], [ 124.9449386, 10.3580938 ], [ 124.945059, 10.3576962 ], [ 124.9454336, 10.3575041 ], [ 124.9462086, 10.3571354 ], [ 124.9465734, 10.3568672 ], [ 124.9468714, 10.3565551 ], [ 124.9469883, 10.3561854 ], [ 124.9470377, 10.3559746 ], [ 124.9471128, 10.3558519 ], [ 124.9471866, 10.3558256 ], [ 124.9474332, 10.3557814 ], [ 124.9482018, 10.3554916 ], [ 124.9484217, 10.3553755 ], [ 124.948942, 10.3550431 ], [ 124.9492258, 10.354855 ], [ 124.9496121, 10.3546966 ], [ 124.9500466, 10.3545594 ], [ 124.9505353, 10.3544573 ], [ 124.9511463, 10.3544117 ], [ 124.9517208, 10.3543043 ], [ 124.95215, 10.3542568 ], [ 124.9523914, 10.3543043 ], [ 124.9528313, 10.3545523 ], [ 124.9533892, 10.3548531 ], [ 124.9538017, 10.355066 ], [ 124.953968, 10.3552085 ], [ 124.9540865, 10.355365 ], [ 124.954167, 10.3555075 ], [ 124.9543011, 10.3557924 ], [ 124.9544132, 10.356037 ], [ 124.9547088, 10.3564626 ], [ 124.9550194, 10.3568972 ], [ 124.9552452, 10.3571275 ], [ 124.9554378, 10.357184 ] ] } },
{ "type": "Feature", "properties": { "u": 4028234051, "v": 4028232473, "key": 0, "osmid": "400222910", "highway": "residential", "oneway": false, "reversed": "False", "length": 278.53416005119777, "lanes": null, "name": null, "ref": null, "bridge": null, "maxspeed": null, "access": null }, "geometry": { "type": "LineString", "coordinates": [ [ 124.9428608, 10.3588337 ], [ 124.9426098, 10.3586594 ], [ 124.9425123, 10.3585956 ], [ 124.942149, 10.3576508 ], [ 124.9419565, 10.3572217 ], [ 124.9418398, 10.3569858 ], [ 124.9416859, 10.3566747 ] ] } },
{ "type": "Feature", "properties": { "u": 4028800237, "v": 4028800583, "key": 0, "osmid": "400297970", "highway": "tertiary", "oneway": false, "reversed": "True", "length": 164.01637433495762, "lanes": null, "name": null, "ref": null, "bridge": null, "maxspeed": null, "access": null }, "geometry": { "type": "LineString", "coordinates": [ [ 124.9431292, 10.395318 ], [ 124.9428816, 10.3954061 ], [ 124.9428535, 10.3954286 ], [ 124.942781, 10.3954866 ], [ 124.9424868, 10.3957712 ], [ 124.9424364, 10.3958199 ], [ 124.9421004, 10.3960683 ], [ 124.9419506, 10.3962031 ] ] } },
{ "type": "Feature", "properties": { "u": 4028800237, "v": 2526234260, "key": 0, "osmid": "1485167942", "highway": "tertiary", "oneway": false, "reversed": "True", "length": 386.5367044204657, "lanes": null, "name": null, "ref": null, "bridge": null, "maxspeed": null, "access": null }, "geometry": { "type": "LineString", "coordinates": [ [ 124.9431292, 10.395318 ], [ 124.9432472, 10.3951603 ], [ 124.9435359, 10.3946586 ], [ 124.9438646, 10.3943271 ], [ 124.9441114, 10.3939762 ], [ 124.9443877, 10.3935435 ], [ 124.9446205, 10.3931869 ], [ 124.9448571, 10.392785 ], [ 124.9449322, 10.3924843 ], [ 124.9449382, 10.3923791 ] ] } },
{ "type": "Feature", "properties": { "u": 4028800237, "v": 4466972826, "key": 0, "osmid": "1485167944", "highway": "unclassified", "oneway": false, "reversed": "False", "length": 84.177808433792492, "lanes": null, "name": null, "ref": null, "bridge": null, "maxspeed": null, "access": null }, "geometry": { "type": "LineString", "coordinates": [ [ 124.9431292, 10.395318 ], [ 124.943009, 10.3954787 ], [ 124.9427429, 10.3958462 ], [ 124.9426845, 10.3959357 ] ] } },
{ "type": "Feature", "properties": { "u": 4028800395, "v": 4028800751, "key": 0, "osmid": "400297969", "highway": "unclassified", "oneway": false, "reversed": "False", "length": 104.34029708067332, "lanes": null, "name": null, "ref": null, "bridge": null, "maxspeed": null, "access": null }, "geometry": { "type": "LineString", "coordinates": [ [ 124.9436789, 10.3957156 ], [ 124.9430791, 10.3964453 ] ] } },
{ "type": "Feature", "properties": { "u": 4028800396, "v": 4028800583, "key": 0, "osmid": "400297968", "highway": "residential", "oneway": false, "reversed": "True", "length": 70.554848429067306, "lanes": null, "name": null, "ref": null, "bridge": null, "maxspeed": null, "access": null }, "geometry": { "type": "LineString", "coordinates": [ [ 124.9419561, 10.3957347 ], [ 124.9417374, 10.395933 ], [ 124.9419506, 10.3962031 ] ] } },
{ "type": "Feature", "properties": { "u": 4028800583, "v": 4028800396, "key": 0, "osmid": "400297968", "highway": "residential", "oneway": false, "reversed": "False", "length": 70.554848429067306, "lanes": null, "name": null, "ref": null, "bridge": null, "maxspeed": null, "access": null }, "geometry": { "type": "LineString", "coordinates": [ [ 124.9419506, 10.3962031 ], [ 124.9417374, 10.395933 ], [ 124.9419561, 10.3957347 ] ] } },
{ "type": "Feature", "properties": { "u": 4028800583, "v": 4028800237, "key": 0, "osmid": "400297970", "highway": "tertiary", "oneway": false, "reversed": "False", "length": 164.01637433495762, "lanes": null, "name": null, "ref": null, "bridge": null, "maxspeed": null, "access": null }, "geometry": { "type": "LineString", "coordinates": [ [ 124.9419506, 10.3962031 ], [ 124.9421004, 10.3960683 ], [ 124.9424364, 10.3958199 ], [ 124.9424868, 10.3957712 ], [ 124.942781, 10.3954866 ], [ 124.9428535, 10.3954286 ], [ 124.9428816, 10.3954061 ], [ 124.9431292, 10.395318 ] ] } },
{ "type": "Feature", "properties": { "u": 4028800583, "v": 13887664675, "key": 0, "osmid": [ 400297970, 1138603907 ], "highway": "tertiary", "oneway": false, "reversed": "True", "length": 98.832784343254573, "lanes": null, "name": null, "ref": null, "bridge": null, "maxspeed": null, "access": null }, "geometry": { "type": "LineString", "coordinates": [ [ 124.9419506, 10.3962031 ], [ 124.9417825, 10.3963544 ], [ 124.9416639, 10.396493 ], [ 124.9415773, 10.3966316 ], [ 124.9415228, 10.3967191 ], [ 124.9414618, 10.3968411 ], [ 124.9414454, 10.3969218 ] ] } },
{ "type": "Feature", "properties": { "u": 4028800751, "v": 4028800395, "key": 0, "osmid": "400297969", "highway": "unclassified", "oneway": false, "reversed": "True", "length": 104.34029708067332, "lanes": null, "name": null, "ref": null, "bridge": null, "maxspeed": null, "access": null }, "geometry": { "type": "LineString", "coordinates": [ [ 124.9430791, 10.3964453 ], [ 124.9436789, 10.3957156 ] ] } },
{ "type": "Feature", "properties": { "u": 4028800751, "v": 8526851189, "key": 0, "osmid": [ 400297969, 918092755 ], "highway": "unclassified", "oneway": false, "reversed": "False", "length": 113.00920032428246, "lanes": null, "name": null, "ref": null, "bridge": null, "maxspeed": null, "access": null }, "geometry": { "type": "LineString", "coordinates": [ [ 124.9430791, 10.3964453 ], [ 124.9428987, 10.3966449 ], [ 124.9427521, 10.3967425 ], [ 124.9426529, 10.3967647 ], [ 124.9424883, 10.3966605 ], [ 124.9423017, 10.3964457 ] ] } },
{ "type": "Feature", "properties": { "u": 4028800751, "v": 4466972826, "key": 0, "osmid": "449762046", "highway": "residential", "oneway": false, "reversed": "True", "length": 81.883300659434298, "lanes": null, "name": null, "ref": null, "bridge": null, "maxspeed": null, "access": null }, "geometry": { "type": "LineString", "coordinates": [ [ 124.9430791, 10.3964453 ], [ 124.9430243, 10.3963726 ], [ 124.9429894, 10.3963271 ], [ 124.9429385, 10.3962855 ], [ 124.9428929, 10.3962394 ], [ 124.9428535, 10.3961979 ], [ 124.9428679, 10.3961503 ], [ 124.9429171, 10.3960923 ], [ 124.9428064, 10.3960105 ], [ 124.9426845, 10.3959357 ] ] } },
{ "type": "Feature", "properties": { "u": 4029141228, "v": 2526233681, "key": 0, "osmid": "400340418", "highway": "residential", "oneway": false, "reversed": "False", "length": 39.024652796987731, "lanes": null, "name": null, "ref": null, "bridge": null, "maxspeed": null, "access": null }, "geometry": { "type": "LineString", "coordinates": [ [ 124.9411015, 10.3806604 ], [ 124.9414334, 10.3805316 ] ] } },
{ "type": "Feature", "properties": { "u": 4076106281, "v": 4076106622, "key": 0, "osmid": "248638686", "highway": "trunk", "oneway": false, "reversed": "False", "length": 43.130340502098264, "lanes": "2", "name": "Maharlika Highway", "ref": "1", "bridge": null, "maxspeed": null, "access": null }, "geometry": { "type": "LineString", "coordinates": [ [ 124.9546195, 10.5543906 ], [ 124.9547478, 10.5547574 ] ] } },
{ "type": "Feature", "properties": { "u": 4076106281, "v": 3985402644, "key": 0, "osmid": [ 248638688, 392893676, 392892630, 248638686 ], "highway": "trunk", "oneway": false, "reversed": "True", "length": 1230.7608988793222, "lanes": "2", "name": "Maharlika Highway", "ref": "1", "bridge": "yes", "maxspeed": null, "access": null }, "geometry": { "type": "LineString", "coordinates": [ [ 124.9546195, 10.5543906 ], [ 124.9545841, 10.5543211 ], [ 124.9545558, 10.5542031 ], [ 124.9545434, 10.554081 ], [ 124.9545456, 10.5538899 ], [ 124.9545669, 10.5537658 ], [ 124.9546183, 10.5536473 ], [ 124.9548003, 10.5533469 ], [ 124.9549832, 10.5530545 ], [ 124.9552849, 10.5526338 ], [ 124.9553799, 10.5524098 ], [ 124.9554411, 10.5520572 ], [ 124.955486, 10.551005 ], [ 124.9555526, 10.5499798 ], [ 124.9556291, 10.549536 ], [ 124.955775, 10.5492276 ], [ 124.9560117, 10.5489285 ], [ 124.9563599, 10.5488605 ], [ 124.956649, 10.5488292 ], [ 124.9570181, 10.5488079 ], [ 124.9573637, 10.5487753 ], [ 124.9576916, 10.5486895 ], [ 124.9579736, 10.5485131 ], [ 124.9584532, 10.5482225 ], [ 124.9587043, 10.5480186 ], [ 124.9591079, 10.5476773 ], [ 124.9592964, 10.5475525 ], [ 124.9594789, 10.5474612 ], [ 124.9597436, 10.5474131 ], [ 124.9600208, 10.5474115 ], [ 124.9604334, 10.5474091 ], [ 124.9605558, 10.5473717 ], [ 124.960788, 10.547214 ], [ 124.9608415, 10.5471633 ] ] } },
{ "type": "Feature", "properties": { "u": 4076106281, "v": 4076106705, "key": 0, "osmid": "405402875", "highway": "residential", "oneway": false, "reversed": "True", "length": 109.79207338430373, "lanes": null, "name": null, "ref": null, "bridge": null, "maxspeed": null, "access": null }, "geometry": { "type": "LineString", "coordinates": [ [ 124.9546195, 10.5543906 ], [ 124.954438, 10.5544592 ], [ 124.954304, 10.5546119 ], [ 124.9540329, 10.5548763 ], [ 124.9538519, 10.5550042 ] ] } },
{ "type": "Feature", "properties": { "u": 4076106622, "v": 4076106281, "key": 0, "osmid": "248638686", "highway": "trunk", "oneway": false, "reversed": "True", "length": 43.130340502098264, "lanes": "2", "name": "Maharlika Highway", "ref": "1", "bridge": null, "maxspeed": null, "access": null }, "geometry": { "type": "LineString", "coordinates": [ [ 124.9547478, 10.5547574 ], [ 124.9546195, 10.5543906 ] ] } },
{ "type": "Feature", "properties": { "u": 4076106622, "v": 4076106756, "key": 0, "osmid": "405402872", "highway": "residential", "oneway": false, "reversed": "True", "length": 98.859267577311982, "lanes": null, "name": null, "ref": null, "bridge": null, "maxspeed": null, "access": null }, "geometry": { "type": "LineString", "coordinates": [ [ 124.9547478, 10.5547574 ], [ 124.9544272, 10.5548908 ], [ 124.9541831, 10.5550529 ], [ 124.9539779, 10.5552125 ] ] } },
{ "type": "Feature", "properties": { "u": 4076106705, "v": 4076106756, "key": 0, "osmid": "405402873", "highway": "residential", "oneway": false, "reversed": "True", "length": 26.94781722364538, "lanes": null, "name": null, "ref": null, "bridge": null, "maxspeed": null, "access": null }, "geometry": { "type": "LineString", "coordinates": [ [ 124.9538519, 10.5550042 ], [ 124.9539779, 10.5552125 ] ] } },
{ "type": "Feature", "properties": { "u": 4076106705, "v": 4076106757, "key": 0, "osmid": "405402875", "highway": "residential", "oneway": false, "reversed": "True", "length": 50.327543189054417, "lanes": null, "name": null, "ref": null, "bridge": null, "maxspeed": null, "access": null }, "geometry": { "type": "LineString", "coordinates": [ [ 124.9538519, 10.5550042 ], [ 124.9534608, 10.555243 ] ] } },
{ "type": "Feature", "properties": { "u": 4076106705, "v": 4076106281, "key": 0, "osmid": "405402875", "highway": "residential", "oneway": false, "reversed": "False", "length": 109.79207338430373, "lanes": null, "name": null, "ref": null, "bridge": null, "maxspeed": null, "access": null }, "geometry": { "type": "LineString", "coordinates": [ [ 124.9538519, 10.5550042 ], [ 124.9540329, 10.5548763 ], [ 124.954304, 10.5546119 ], [ 124.954438, 10.5544592 ], [ 124.9546195, 10.5543906 ] ] } },
{ "type": "Feature", "properties": { "u": 4076106756, "v": 4076106705, "key": 0, "osmid": "405402873", "highway": "residential", "oneway": false, "reversed": "False", "length": 26.94781722364538, "lanes": null, "name": null, "ref": null, "bridge": null, "maxspeed": null, "access": null }, "geometry": { "type": "LineString", "coordinates": [ [ 124.9539779, 10.5552125 ], [ 124.9538519, 10.5550042 ] ] } },
{ "type": "Feature", "properties": { "u": 4076106756, "v": 4076106622, "key": 0, "osmid": "405402872", "highway": "residential", "oneway": false, "reversed": "False", "length": 98.859267577311982, "lanes": null, "name": null, "ref": null, "bridge": null, "maxspeed": null, "access": null }, "geometry": { "type": "LineString", "coordinates": [ [ 124.9539779, 10.5552125 ], [ 124.9541831, 10.5550529 ], [ 124.9544272, 10.5548908 ], [ 124.9547478, 10.5547574 ] ] } },
{ "type": "Feature", "properties": { "u": 4076106756, "v": 4076106846, "key": 0, "osmid": "405402872", "highway": "residential", "oneway": false, "reversed": "True", "length": 70.446707532209032, "lanes": null, "name": null, "ref": null, "bridge": null, "maxspeed": null, "access": null }, "geometry": { "type": "LineString", "coordinates": [ [ 124.9539779, 10.5552125 ], [ 124.9538243, 10.5552869 ], [ 124.9535756, 10.5554135 ], [ 124.9534146, 10.5555184 ] ] } },
{ "type": "Feature", "properties": { "u": 4076106757, "v": 4076106705, "key": 0, "osmid": "405402875", "highway": "residential", "oneway": false, "reversed": "False", "length": 50.327543189054417, "lanes": null, "name": null, "ref": null, "bridge": null, "maxspeed": null, "access": null }, "geometry": { "type": "LineString", "coordinates": [ [ 124.9534608, 10.555243 ], [ 124.9538519, 10.5550042 ] ] } },
{ "type": "Feature", "properties": { "u": 4076106846, "v": 4076106756, "key": 0, "osmid": "405402872", "highway": "residential", "oneway": false, "reversed": "False", "length": 70.446707532209018, "lanes": null, "name": null, "ref": null, "bridge": null, "maxspeed": null, "access": null }, "geometry": { "type": "LineString", "coordinates": [ [ 124.9534146, 10.5555184 ], [ 124.9535756, 10.5554135 ], [ 124.9538243, 10.5552869 ], [ 124.9539779, 10.5552125 ] ] } },
{ "type": "Feature", "properties": { "u": 4076106846, "v": 4076106937, "key": 0, "osmid": "405402872", "highway": "residential", "oneway": false, "reversed": "True", "length": 185.0887242756848, "lanes": null, "name": null, "ref": null, "bridge": null, "maxspeed": null, "access": null }, "geometry": { "type": "LineString", "coordinates": [ [ 124.9534146, 10.5555184 ], [ 124.9534247, 10.5556597 ], [ 124.9533905, 10.5558519 ], [ 124.9533382, 10.5560853 ], [ 124.9533141, 10.5562066 ], [ 124.9533167, 10.5563147 ], [ 124.9533221, 10.5564518 ], [ 124.9533074, 10.5565875 ], [ 124.9532806, 10.556726 ], [ 124.9532497, 10.5568157 ], [ 124.9531947, 10.5568671 ], [ 124.9531035, 10.5568974 ], [ 124.9529251, 10.5569304 ] ] } },
{ "type": "Feature", "properties": { "u": 4076106846, "v": 11989529993, "key": 0, "osmid": "405402876", "highway": "residential", "oneway": false, "reversed": "False", "length": 31.303341551828655, "lanes": null, "name": null, "ref": null, "bridge": null, "maxspeed": null, "access": null }, "geometry": { "type": "LineString", "coordinates": [ [ 124.9534146, 10.5555184 ], [ 124.9533566, 10.5555404 ], [ 124.95328, 10.5555593 ], [ 124.9532249, 10.5555777 ], [ 124.95316, 10.5555207 ] ] } },
{ "type": "Feature", "properties": { "u": 4076106869, "v": 11989529993, "key": 0, "osmid": "405402876", "highway": "residential", "oneway": false, "reversed": "True", "length": 69.704580227097026, "lanes": null, "name": null, "ref": null, "bridge": null, "maxspeed": null, "access": null }, "geometry": { "type": "LineString", "coordinates": [ [ 124.9526841, 10.5556849 ], [ 124.9530269, 10.5553949 ], [ 124.9531065, 10.5554587 ], [ 124.95316, 10.5555207 ] ] } },
{ "type": "Feature", "properties": { "u": 4076106869, "v": 11989529992, "key": 0, "osmid": "1293352689", "highway": "residential", "oneway": false, "reversed": "False", "length": 22.579259023103663, "lanes": null, "name": null, "ref": null, "bridge": null, "maxspeed": null, "access": null }, "geometry": { "type": "LineString", "coordinates": [ [ 124.9526841, 10.5556849 ], [ 124.9527321, 10.5557563 ], [ 124.9527933, 10.5558572 ] ] } },
{ "type": "Feature", "properties": { "u": 4076106869, "v": 11989529995, "key": 0, "osmid": "1293352690", "highway": "residential", "oneway": false, "reversed": "False", "length": 31.574107600204684, "lanes": null, "name": null, "ref": null, "bridge": null, "maxspeed": null, "access": null }, "geometry": { "type": "LineString", "coordinates": [ [ 124.9526841, 10.5556849 ], [ 124.9526348, 10.5557037 ], [ 124.9525574, 10.5557545 ], [ 124.9524327, 10.5558231 ] ] } },
{ "type": "Feature", "properties": { "u": 4076106937, "v": 4076106846, "key": 0, "osmid": "405402872", "highway": "residential", "oneway": false, "reversed": "False", "length": 185.0887242756848, "lanes": null, "name": null, "ref": null, "bridge": null, "maxspeed": null, "access": null }, "geometry": { "type": "LineString", "coordinates": [ [ 124.9529251, 10.5569304 ], [ 124.9531035, 10.5568974 ], [ 124.9531947, 10.5568671 ], [ 124.9532497, 10.5568157 ], [ 124.9532806, 10.556726 ], [ 124.9533074, 10.5565875 ], [ 124.9533221, 10.5564518 ], [ 124.9533167, 10.5563147 ], [ 124.9533141, 10.5562066 ], [ 124.9533382, 10.5560853 ], [ 124.9533905, 10.5558519 ], [ 124.9534247, 10.5556597 ], [ 124.9534146, 10.5555184 ] ] } },
{ "type": "Feature", "properties": { "u": 4077513370, "v": 2526222896, "key": 0, "osmid": [ 902875616, 405577773 ], "highway": "residential", "oneway": false, "reversed": "False", "length": 129.47004461939082, "lanes": null, "name": null, "ref": null, "bridge": null, "maxspeed": null, "access": null }, "geometry": { "type": "LineString", "coordinates": [ [ 124.9721285, 10.5138466 ], [ 124.9722269, 10.5140813 ], [ 124.9723732, 10.5143364 ], [ 124.9725052, 10.5145296 ], [ 124.9725502, 10.514581 ], [ 124.9728265, 10.5144175 ] ] } },
{ "type": "Feature", "properties": { "u": 4077513370, "v": 2526222896, "key": 1, "osmid": [ 902875618, 978016687 ], "highway": "residential", "oneway": false, "reversed": "False", "length": 107.41851130271415, "lanes": null, "name": null, "ref": null, "bridge": null, "maxspeed": null, "access": null }, "geometry": { "type": "LineString", "coordinates": [ [ 124.9721285, 10.5138466 ], [ 124.9722719, 10.5138078 ], [ 124.9723288, 10.5138575 ], [ 124.9723998, 10.5139198 ], [ 124.9726049, 10.5141403 ], [ 124.9727357, 10.5143009 ], [ 124.9728265, 10.5144175 ] ] } },
{ "type": "Feature", "properties": { "u": 4077513370, "v": 2532525013, "key": 0, "osmid": "978016687", "highway": "residential", "oneway": false, "reversed": "True", "length": 20.11252237932926, "lanes": null, "name": null, "ref": null, "bridge": null, "maxspeed": null, "access": null }, "geometry": { "type": "LineString", "coordinates": [ [ 124.9721285, 10.5138466 ], [ 124.9720017, 10.513882 ], [ 124.9719554, 10.5139056 ] ] } },
{ "type": "Feature", "properties": { "u": 4077514930, "v": 8453908323, "key": 0, "osmid": [ 245414497, 245539314, 910450263, 245414495 ], "highway": "unclassified", "oneway": false, "reversed": "False", "length": 2316.9011741231516, "lanes": null, "name": null, "ref": null, "bridge": null, "maxspeed": null, "access": null }, "geometry": { "type": "LineString", "coordinates": [ [ 124.9657386, 10.5299984 ], [ 124.9655773, 10.5297821 ], [ 124.9653271, 10.5295682 ], [ 124.9651259, 10.5294096 ], [ 124.9647076, 10.5290887 ], [ 124.9642479, 10.5288856 ], [ 124.9639103, 10.5287727 ], [ 124.963441, 10.5286022 ], [ 124.9633241, 10.5285834 ], [ 124.9631124, 10.5286504 ], [ 124.9628937, 10.5286937 ], [ 124.9627365, 10.5287096 ], [ 124.962557, 10.528685 ], [ 124.9623889, 10.5286638 ], [ 124.9622614, 10.528671 ], [ 124.9621758, 10.5287142 ], [ 124.9621031, 10.5289229 ], [ 124.9619885, 10.5292437 ], [ 124.9618341, 10.5294437 ], [ 124.9614955, 10.529734 ], [ 124.961307, 10.5297687 ], [ 124.9611546, 10.529819 ], [ 124.9610623, 10.5299657 ], [ 124.961012, 10.5300522 ], [ 124.9609161, 10.530082 ], [ 124.9606728, 10.5300629 ], [ 124.9603938, 10.5300529 ], [ 124.9600972, 10.5300813 ], [ 124.959923, 10.53001 ], [ 124.9598211, 10.5300219 ], [ 124.9597312, 10.5300707 ], [ 124.9596573, 10.5301868 ], [ 124.9596266, 10.5303304 ], [ 124.9595836, 10.5304175 ], [ 124.9595033, 10.5305071 ], [ 124.9594777, 10.5306193 ], [ 124.9594898, 10.5309358 ], [ 124.9594764, 10.5310121 ], [ 124.9594187, 10.5310623 ], [ 124.9592981, 10.5312033 ], [ 124.9592403, 10.5313129 ], [ 124.9592584, 10.5315317 ], [ 124.9591524, 10.5317348 ], [ 124.9591243, 10.5318442 ], [ 124.9591506, 10.531939 ], [ 124.9592088, 10.5320407 ], [ 124.9591787, 10.5321328 ], [ 124.9590995, 10.5321936 ], [ 124.9587535, 10.532249 ], [ 124.9584867, 10.5323042 ], [ 124.9582921, 10.5323861 ], [ 124.9579381, 10.5325127 ], [ 124.9577047, 10.5325655 ], [ 124.9574244, 10.5325496 ], [ 124.9573038, 10.5324731 ], [ 124.9573037, 10.5323241 ], [ 124.9573815, 10.5321778 ], [ 124.9575089, 10.5318666 ], [ 124.9575934, 10.5317704 ], [ 124.9575989, 10.5316674 ], [ 124.9575089, 10.5315133 ], [ 124.957399, 10.53138 ], [ 124.9574124, 10.5309516 ], [ 124.9574526, 10.5307617 ], [ 124.9574445, 10.5306008 ], [ 124.9572783, 10.5303635 ], [ 124.9572569, 10.5302289 ], [ 124.9572837, 10.5300735 ], [ 124.9573668, 10.5298546 ], [ 124.9573078, 10.5296726 ], [ 124.9572246, 10.5292929 ], [ 124.957234, 10.5289698 ], [ 124.9572983, 10.5287299 ], [ 124.9573641, 10.5284991 ], [ 124.957348, 10.5283251 ], [ 124.9573399, 10.5279453 ], [ 124.9574714, 10.5275867 ], [ 124.9576216, 10.5272993 ], [ 124.9577959, 10.5268931 ], [ 124.9579542, 10.5265213 ], [ 124.9580876, 10.5259517 ], [ 124.9580024, 10.5256511 ], [ 124.9578603, 10.5252582 ], [ 124.9576296, 10.5251263 ], [ 124.9573131, 10.5249364 ], [ 124.9570503, 10.5247044 ], [ 124.956884, 10.5242798 ], [ 124.9567626, 10.524169 ], [ 124.9565651, 10.5240056 ] ] } },
{ "type": "Feature", "properties": { "u": 4077514930, "v": 2526223263, "key": 0, "osmid": "245414495", "highway": "unclassified", "oneway": false, "reversed": "True", "length": 69.242053543587929, "lanes": null, "name": null, "ref": null, "bridge": null, "maxspeed": null, "access": null }, "geometry": { "type": "LineString", "coordinates": [ [ 124.9657386, 10.5299984 ], [ 124.9657831, 10.530058 ], [ 124.9658861, 10.5302466 ], [ 124.9661136, 10.5304956 ] ] } },
{ "type": "Feature", "properties": { "u": 4077514930, "v": 2526223245, "key": 0, "osmid": "405577774", "highway": "residential", "oneway": false, "reversed": "False", "length": 113.12244869072917, "lanes": null, "name": null, "ref": null, "bridge": null, "maxspeed": null, "access": null }, "geometry": { "type": "LineString", "coordinates": [ [ 124.9657386, 10.5299984 ], [ 124.9656107, 10.5299402 ], [ 124.9654178, 10.5299261 ], [ 124.9652548, 10.5299515 ], [ 124.9649905, 10.5300347 ], [ 124.9647434, 10.5301071 ] ] } },
{ "type": "Feature", "properties": { "u": 4466972826, "v": 4028800751, "key": 0, "osmid": "449762046", "highway": "residential", "oneway": false, "reversed": "False", "length": 81.883300659434298, "lanes": null, "name": null, "ref": null, "bridge": null, "maxspeed": null, "access": null }, "geometry": { "type": "LineString", "coordinates": [ [ 124.9426845, 10.3959357 ], [ 124.9428064, 10.3960105 ], [ 124.9429171, 10.3960923 ], [ 124.9428679, 10.3961503 ], [ 124.9428535, 10.3961979 ], [ 124.9428929, 10.3962394 ], [ 124.9429385, 10.3962855 ], [ 124.9429894, 10.3963271 ], [ 124.9430243, 10.3963726 ], [ 124.9430791, 10.3964453 ] ] } },
{ "type": "Feature", "properties": { "u": 4466972826, "v": 8526851189, "key": 0, "osmid": "1485167944", "highway": "unclassified", "oneway": false, "reversed": "False", "length": 70.696436116729302, "lanes": null, "name": null, "ref": null, "bridge": null, "maxspeed": null, "access": null }, "geometry": { "type": "LineString", "coordinates": [ [ 124.9426845, 10.3959357 ], [ 124.9426281, 10.3960222 ], [ 124.9424479, 10.3962894 ], [ 124.9423017, 10.3964457 ] ] } },
{ "type": "Feature", "properties": { "u": 4466972826, "v": 4028800237, "key": 0, "osmid": "1485167944", "highway": "unclassified", "oneway": false, "reversed": "True", "length": 84.177808433792492, "lanes": null, "name": null, "ref": null, "bridge": null, "maxspeed": null, "access": null }, "geometry": { "type": "LineString", "coordinates": [ [ 124.9426845, 10.3959357 ], [ 124.9427429, 10.3958462 ], [ 124.943009, 10.3954787 ], [ 124.9431292, 10.395318 ] ] } },
{ "type": "Feature", "properties": { "u": 4852850463, "v": 2526222738, "key": 0, "osmid": [ 493366027, 245414500, 1215696347 ], "highway": "unclassified", "oneway": false, "reversed": "False", "length": 3860.9435028961948, "lanes": null, "name": null, "ref": null, "bridge": null, "maxspeed": null, "access": null }, "geometry": { "type": "LineString", "coordinates": [ [ 125.0041633, 10.5153134 ], [ 125.0041714, 10.5151816 ], [ 125.0041889, 10.5149561 ], [ 125.0043377, 10.5144775 ], [ 125.0044289, 10.514016 ], [ 125.004496, 10.5136995 ], [ 125.0044645, 10.5133013 ], [ 125.0044048, 10.5129222 ], [ 125.004333, 10.5125537 ], [ 125.0043464, 10.512344 ], [ 125.0043934, 10.5121943 ], [ 125.0044497, 10.512104 ], [ 125.0045496, 10.5119972 ], [ 125.004681, 10.5118917 ], [ 125.0048339, 10.5118416 ], [ 125.0051323, 10.5118119 ], [ 125.0054441, 10.5117177 ], [ 125.0055568, 10.511719 ], [ 125.0056601, 10.5116952 ], [ 125.0057419, 10.5116306 ], [ 125.0057875, 10.5115423 ], [ 125.005825, 10.5113458 ], [ 125.0059149, 10.5110781 ], [ 125.0060315, 10.5108606 ], [ 125.0062595, 10.5107023 ], [ 125.0063608, 10.5106358 ], [ 125.0064889, 10.5105085 ], [ 125.0067021, 10.5103094 ], [ 125.0067544, 10.5101934 ], [ 125.0067517, 10.5100997 ], [ 125.0068349, 10.5099494 ], [ 125.0069824, 10.5098321 ], [ 125.0071608, 10.5097173 ], [ 125.0075296, 10.5093811 ], [ 125.0077213, 10.5090857 ], [ 125.0078554, 10.5087956 ], [ 125.0079708, 10.5086981 ], [ 125.008062, 10.5086691 ], [ 125.0082135, 10.5086809 ], [ 125.0083047, 10.5086704 ], [ 125.0083637, 10.5086203 ], [ 125.0084308, 10.5085504 ], [ 125.0085153, 10.5084765 ], [ 125.0086762, 10.5083275 ], [ 125.0089712, 10.5081508 ], [ 125.0091657, 10.508077 ], [ 125.0092261, 10.5079675 ], [ 125.0092542, 10.5078713 ], [ 125.0091979, 10.5078054 ], [ 125.0090645, 10.5077289 ], [ 125.0089109, 10.5077157 ], [ 125.0088103, 10.5076405 ], [ 125.0088157, 10.507506 ], [ 125.0088318, 10.5074203 ], [ 125.0088304, 10.5073082 ], [ 125.0089243, 10.5071909 ], [ 125.0092596, 10.5072067 ], [ 125.0093897, 10.5071566 ], [ 125.0095238, 10.5070946 ], [ 125.0095882, 10.5070247 ], [ 125.0095949, 10.5068982 ], [ 125.0095613, 10.506736 ], [ 125.0094607, 10.506587 ], [ 125.0093588, 10.5064604 ], [ 125.0092649, 10.5062019 ], [ 125.0092489, 10.5056666 ], [ 125.0092448, 10.5053422 ], [ 125.0092006, 10.5051549 ], [ 125.008927, 10.5050336 ], [ 125.008589, 10.5050231 ], [ 125.0083932, 10.5050072 ], [ 125.0080901, 10.5050758 ], [ 125.0078313, 10.5051892 ], [ 125.0076449, 10.5051892 ], [ 125.0075242, 10.5050864 ], [ 125.007382, 10.5049941 ], [ 125.0072238, 10.5049097 ], [ 125.0071205, 10.5048793 ], [ 125.0069381, 10.5048121 ], [ 125.006792, 10.5047738 ], [ 125.0066137, 10.5046855 ], [ 125.0063125, 10.5043915 ], [ 125.0060141, 10.5041145 ], [ 125.0059256, 10.5040249 ], [ 125.0058291, 10.5039444 ], [ 125.0057164, 10.5037466 ], [ 125.005707, 10.5036121 ], [ 125.0056923, 10.5034895 ], [ 125.0057144, 10.5032917 ], [ 125.0056547, 10.5030379 ], [ 125.0056091, 10.5029238 ], [ 125.0056413, 10.5027563 ], [ 125.0057996, 10.5025453 ], [ 125.0059525, 10.5023476 ], [ 125.0060423, 10.5021893 ], [ 125.0060665, 10.5020021 ], [ 125.0060544, 10.5018016 ], [ 125.0059873, 10.5017067 ], [ 125.0058291, 10.5016276 ], [ 125.0055796, 10.5015537 ], [ 125.0053463, 10.5014773 ], [ 125.0052363, 10.5014614 ], [ 125.0051532, 10.501414 ], [ 125.0050781, 10.5013375 ], [ 125.0049949, 10.5012082 ], [ 125.0048957, 10.5010606 ], [ 125.0046167, 10.5007995 ], [ 125.0042498, 10.5006272 ], [ 125.0034245, 10.5006256 ], [ 125.0031146, 10.5005615 ], [ 125.0028987, 10.5004572 ], [ 125.0027426, 10.5004846 ], [ 125.0023094, 10.500359 ], [ 125.0021127, 10.5002685 ], [ 125.0020351, 10.5001863 ], [ 125.001997, 10.5000773 ], [ 125.0020131, 10.4999756 ], [ 125.0021466, 10.4998884 ], [ 125.0027384, 10.4997954 ], [ 125.0031172, 10.499694 ], [ 125.0033613, 10.4996911 ], [ 125.0035123, 10.4997188 ], [ 125.0035865, 10.4997038 ], [ 125.0036721, 10.4996214 ], [ 125.0037654, 10.4994307 ], [ 125.0039184, 10.4993134 ], [ 125.0040616, 10.4992539 ], [ 125.004142, 10.4991344 ], [ 125.0041964, 10.4988166 ], [ 125.0041161, 10.4985575 ], [ 125.0036343, 10.4982793 ], [ 125.0033379, 10.4982584 ], [ 125.0030457, 10.4981759 ], [ 125.0028726, 10.4981589 ], [ 125.0024771, 10.4981726 ], [ 125.0022204, 10.4981394 ], [ 125.0019086, 10.4980364 ], [ 125.0016757, 10.4980363 ], [ 125.0015339, 10.4980668 ], [ 125.0014544, 10.4980394 ], [ 125.0014246, 10.4979556 ], [ 125.0014456, 10.4978837 ], [ 125.0014739, 10.497777 ], [ 125.0015215, 10.4976762 ], [ 125.0015658, 10.4975917 ], [ 125.0016768, 10.4974227 ], [ 125.0017652, 10.497316 ], [ 125.0019141, 10.4971936 ], [ 125.0020938, 10.4971245 ], [ 125.0023021, 10.4969915 ], [ 125.0025267, 10.4968408 ], [ 125.003115, 10.4964576 ], [ 125.0034291, 10.4962994 ], [ 125.0036682, 10.4960654 ], [ 125.0037384, 10.4958553 ], [ 125.0039221, 10.4950738 ], [ 125.0039529, 10.4949286 ], [ 125.0039707, 10.4947805 ] ] } },
{ "type": "Feature", "properties": { "u": 4998782114, "v": 2526222738, "key": 0, "osmid": "510888680", "highway": "unclassified", "oneway": false, "reversed": "True", "length": 1311.3087815337867, "lanes": null, "name": null, "ref": null, "bridge": null, "maxspeed": null, "access": null }, "geometry": { "type": "LineString", "coordinates": [ [ 125.0130147, 10.4934796 ], [ 125.012894, 10.4934796 ], [ 125.0127867, 10.4935297 ], [ 125.0127223, 10.4936088 ], [ 125.0127009, 10.4937143 ], [ 125.012776, 10.4939543 ], [ 125.0128189, 10.4940572 ], [ 125.0128055, 10.4941838 ], [ 125.0127959, 10.4941963 ], [ 125.0127491, 10.4942576 ], [ 125.0125533, 10.4943156 ], [ 125.0123522, 10.4944159 ], [ 125.0119632, 10.4945952 ], [ 125.0112082, 10.4950567 ], [ 125.0111304, 10.4950937 ], [ 125.011062, 10.4951121 ], [ 125.0109909, 10.4951095 ], [ 125.0109413, 10.4950937 ], [ 125.0108542, 10.4950422 ], [ 125.0107884, 10.4949974 ], [ 125.0107214, 10.4949407 ], [ 125.010602, 10.4949051 ], [ 125.0104344, 10.4949051 ], [ 125.0102694, 10.4949209 ], [ 125.010189, 10.4949512 ], [ 125.0100951, 10.4950053 ], [ 125.009965, 10.4951187 ], [ 125.0098979, 10.4951754 ], [ 125.009796, 10.4952915 ], [ 125.0097115, 10.4953508 ], [ 125.0096404, 10.4953495 ], [ 125.0095707, 10.4952071 ], [ 125.009501, 10.4950119 ], [ 125.0094044, 10.49488 ], [ 125.0091094, 10.4947851 ], [ 125.0089216, 10.4947851 ], [ 125.0087392, 10.4948326 ], [ 125.0085126, 10.4948748 ], [ 125.0083657, 10.4949703 ], [ 125.0083188, 10.4951497 ], [ 125.0083087, 10.4953456 ], [ 125.0082638, 10.4954609 ], [ 125.0081961, 10.4955539 ], [ 125.0080056, 10.4957755 ], [ 125.0078488, 10.496053 ], [ 125.0077904, 10.496142 ], [ 125.0077119, 10.496233 ], [ 125.00761, 10.4962488 ], [ 125.0074249, 10.4962541 ], [ 125.0071245, 10.4962594 ], [ 125.0068147, 10.4962765 ], [ 125.0067356, 10.4962646 ], [ 125.0065854, 10.4962383 ], [ 125.0062099, 10.4962013 ], [ 125.0060919, 10.4961908 ], [ 125.0060034, 10.4961539 ], [ 125.0056145, 10.4960062 ], [ 125.0055447, 10.495993 ], [ 125.0054213, 10.4959904 ], [ 125.0052685, 10.4959851 ], [ 125.0051263, 10.4959561 ], [ 125.0050324, 10.4958769 ], [ 125.0045322, 10.4953323 ], [ 125.0043149, 10.4951332 ], [ 125.0042217, 10.4950377 ], [ 125.0039707, 10.4947805 ] ] } },
{ "type": "Feature", "properties": { "u": 7642343020, "v": 2528285420, "key": 0, "osmid": "245676050", "highway": "residential", "oneway": false, "reversed": "True", "length": 49.201762538773039, "lanes": null, "name": null, "ref": null, "bridge": null, "maxspeed": null, "access": null }, "geometry": { "type": "LineString", "coordinates": [ [ 124.9851196, 10.3818352 ], [ 124.9847225, 10.3820431 ] ] } },
{ "type": "Feature", "properties": { "u": 8292321334, "v": 12051535586, "key": 0, "osmid": "273390275", "highway": "primary", "oneway": false, "reversed": "True", "length": 27.455204930702436, "lanes": "2", "name": "Sogod-Bontoc Road", "ref": "692", "bridge": null, "maxspeed": null, "access": null }, "geometry": { "type": "LineString", "coordinates": [ [ 124.9691086, 10.3708701 ], [ 124.9691011, 10.3706233 ] ] } },
{ "type": "Feature", "properties": { "u": 8292321334, "v": 2528329167, "key": 0, "osmid": [ 273390275, 273390420 ], "highway": "primary", "oneway": false, "reversed": "False", "length": 790.24986298757653, "lanes": "2", "name": [ "Maasin – Macrohon – Sogod Road", "Sogod-Bontoc Road" ], "ref": "692", "bridge": null, "maxspeed": null, "access": null }, "geometry": { "type": "LineString", "coordinates": [ [ 124.9691086, 10.3708701 ], [ 124.9691162, 10.3711197 ], [ 124.9691067, 10.3714126 ], [ 124.9690492, 10.3717047 ], [ 124.9690002, 10.3718534 ], [ 124.9687649, 10.3723743 ], [ 124.968497, 10.3729676 ], [ 124.9682454, 10.3735859 ], [ 124.9680627, 10.3741275 ], [ 124.9679413, 10.374583 ], [ 124.9678736, 10.3750601 ], [ 124.9678401, 10.3759498 ], [ 124.9678504, 10.3763068 ], [ 124.9678687, 10.3764183 ], [ 124.9679406, 10.3766221 ], [ 124.9681057, 10.3768635 ], [ 124.9682869, 10.376996 ], [ 124.9687706, 10.377382 ] ] } },
{ "type": "Feature", "properties": { "u": 8292321334, "v": 8292321338, "key": 0, "osmid": "892155118", "highway": "residential", "oneway": false, "reversed": "True", "length": 224.33797181082917, "lanes": null, "name": "Casao Barangay Road", "ref": null, "bridge": null, "maxspeed": null, "access": null }, "geometry": { "type": "LineString", "coordinates": [ [ 124.9691086, 10.3708701 ], [ 124.969638, 10.3708766 ], [ 124.969587, 10.3704505 ], [ 124.9694033, 10.3697289 ], [ 124.9690744, 10.3697422 ] ] } },
{ "type": "Feature", "properties": { "u": 8292321338, "v": 12051535586, "key": 0, "osmid": "273390275", "highway": "primary", "oneway": false, "reversed": "False", "length": 98.017504489328289, "lanes": "2", "name": "Sogod-Bontoc Road", "ref": "692", "bridge": null, "maxspeed": null, "access": null }, "geometry": { "type": "LineString", "coordinates": [ [ 124.9690744, 10.3697422 ], [ 124.9691011, 10.3706233 ] ] } },
{ "type": "Feature", "properties": { "u": 8292321338, "v": 1640904113, "key": 0, "osmid": [ 273390275, 273390276 ], "highway": "primary", "oneway": false, "reversed": "True", "length": 748.33760452525632, "lanes": "2", "name": "Sogod-Bontoc Road", "ref": "692", "bridge": null, "maxspeed": null, "access": null }, "geometry": { "type": "LineString", "coordinates": [ [ 124.9690744, 10.3697422 ], [ 124.9690455, 10.3687894 ], [ 124.9690472, 10.3686294 ], [ 124.9690858, 10.3683203 ], [ 124.9691272, 10.3681708 ], [ 124.9692545, 10.3678941 ], [ 124.9696129, 10.3673702 ], [ 124.9697854, 10.3670792 ], [ 124.970022, 10.3665551 ], [ 124.9700405, 10.3665143 ], [ 124.9700714, 10.3664458 ], [ 124.9703287, 10.3658054 ], [ 124.9704824, 10.3653297 ], [ 124.9706178, 10.3647141 ], [ 124.9708136, 10.3634772 ], [ 124.9708192, 10.3633615 ] ] } },
{ "type": "Feature", "properties": { "u": 8292321338, "v": 8292321334, "key": 0, "osmid": "892155118", "highway": "residential", "oneway": false, "reversed": "False", "length": 224.33797181082917, "lanes": null, "name": "Casao Barangay Road", "ref": null, "bridge": null, "maxspeed": null, "access": null }, "geometry": { "type": "LineString", "coordinates": [ [ 124.9690744, 10.3697422 ], [ 124.9694033, 10.3697289 ], [ 124.969587, 10.3704505 ], [ 124.969638, 10.3708766 ], [ 124.9691086, 10.3708701 ] ] } },
{ "type": "Feature", "properties": { "u": 8292437985, "v": 2528329288, "key": 0, "osmid": "245680804", "highway": "residential", "oneway": false, "reversed": "True", "length": 136.65761756094966, "lanes": null, "name": null, "ref": null, "bridge": null, "maxspeed": null, "access": null }, "geometry": { "type": "LineString", "coordinates": [ [ 124.9736244, 10.3795696 ], [ 124.973593, 10.3797893 ], [ 124.9734503, 10.3807866 ] ] } },
{ "type": "Feature", "properties": { "u": 8302416575, "v": 8302416576, "key": 0, "osmid": "893287616", "highway": "residential", "oneway": false, "reversed": "True", "length": 117.92767028317427, "lanes": null, "name": null, "ref": null, "bridge": null, "maxspeed": null, "access": null }, "geometry": { "type": "LineString", "coordinates": [ [ 124.9687622, 10.3612424 ], [ 124.9682271, 10.3610748 ], [ 124.9677763, 10.3608267 ] ] } },
{ "type": "Feature", "properties": { "u": 8302416576, "v": 8302416575, "key": 0, "osmid": "893287616", "highway": "residential", "oneway": false, "reversed": "False", "length": 117.92767028317427, "lanes": null, "name": null, "ref": null, "bridge": null, "maxspeed": null, "access": null }, "geometry": { "type": "LineString", "coordinates": [ [ 124.9677763, 10.3608267 ], [ 124.9682271, 10.3610748 ], [ 124.9687622, 10.3612424 ] ] } },
{ "type": "Feature", "properties": { "u": 8302416576, "v": 8302429929, "key": 0, "osmid": "1523430974", "highway": "residential", "oneway": false, "reversed": "False", "length": 187.93636437518822, "lanes": null, "name": "Talisay Barangay Road", "ref": null, "bridge": null, "maxspeed": null, "access": null }, "geometry": { "type": "LineString", "coordinates": [ [ 124.9677763, 10.3608267 ], [ 124.9675627, 10.3606689 ], [ 124.9670027, 10.360406 ], [ 124.9662799, 10.3600036 ] ] } },
{ "type": "Feature", "properties": { "u": 8302416576, "v": 2528820438, "key": 0, "osmid": [ 1523431089, 1523431090, 151270522 ], "highway": "residential", "oneway": false, "reversed": "True", "length": 207.88953600295196, "lanes": null, "name": "Talisay Barangay Road", "ref": null, "bridge": null, "maxspeed": null, "access": null }, "geometry": { "type": "LineString", "coordinates": [ [ 124.9677763, 10.3608267 ], [ 124.9680099, 10.3605214 ], [ 124.9682399, 10.3601664 ], [ 124.9684305, 10.3600626 ], [ 124.968923, 10.3598159 ], [ 124.9692025, 10.3596759 ] ] } },
{ "type": "Feature", "properties": { "u": 8302416579, "v": 1640904130, "key": 0, "osmid": "893287617", "highway": "residential", "oneway": false, "reversed": "True", "length": 90.771992472833887, "lanes": null, "name": null, "ref": null, "bridge": null, "maxspeed": null, "access": null }, "geometry": { "type": "LineString", "coordinates": [ [ 124.9719071, 10.3514627 ], [ 124.9718656, 10.3518532 ], [ 124.9718951, 10.3520327 ], [ 124.9720037, 10.3522497 ] ] } },
{ "type": "Feature", "properties": { "u": 8302416581, "v": 2531870341, "key": 0, "osmid": "246108677", "highway": "residential", "oneway": false, "reversed": "False", "length": 42.851895976679813, "lanes": null, "name": null, "ref": null, "bridge": null, "maxspeed": null, "access": null }, "geometry": { "type": "LineString", "coordinates": [ [ 124.9689125, 10.3549408 ], [ 124.9692947, 10.3548562 ] ] } },
{ "type": "Feature", "properties": { "u": 8302416581, "v": 2653348713, "key": 0, "osmid": "259869754", "highway": "residential", "oneway": false, "reversed": "False", "length": 135.60080699836618, "lanes": null, "name": null, "ref": null, "bridge": null, "maxspeed": null, "access": null }, "geometry": { "type": "LineString", "coordinates": [ [ 124.9689125, 10.3549408 ], [ 124.9693405, 10.3560853 ] ] } },
{ "type": "Feature", "properties": { "u": 8302416581, "v": 1640904131, "key": 0, "osmid": "246108677", "highway": "residential", "oneway": false, "reversed": "True", "length": 253.1334787704707, "lanes": null, "name": null, "ref": null, "bridge": null, "maxspeed": null, "access": null }, "geometry": { "type": "LineString", "coordinates": [ [ 124.9689125, 10.3549408 ], [ 124.9673211, 10.3553592 ], [ 124.9666768, 10.3555286 ] ] } },
{ "type": "Feature", "properties": { "u": 8302429929, "v": 8302416576, "key": 0, "osmid": "1523430974", "highway": "residential", "oneway": false, "reversed": "True", "length": 187.93636437518825, "lanes": null, "name": "Talisay Barangay Road", "ref": null, "bridge": null, "maxspeed": null, "access": null }, "geometry": { "type": "LineString", "coordinates": [ [ 124.9662799, 10.3600036 ], [ 124.9670027, 10.360406 ], [ 124.9675627, 10.3606689 ], [ 124.9677763, 10.3608267 ] ] } },
{ "type": "Feature", "properties": { "u": 8302489629, "v": 12599724648, "key": 0, "osmid": "273390422", "highway": "primary", "oneway": false, "reversed": "True", "length": 15.074101535487173, "lanes": "2", "name": "Sogod-Bontoc Road", "ref": "692", "bridge": null, "maxspeed": null, "access": null }, "geometry": { "type": "LineString", "coordinates": [ [ 124.9694689, 10.3568194 ], [ 124.9695239, 10.3566951 ] ] } },
{ "type": "Feature", "properties": { "u": 8302489629, "v": 1640904155, "key": 0, "osmid": [ 1361052749, 1130789238 ], "highway": [ "unclassified", "residential" ], "oneway": false, "reversed": "True", "length": 152.7512338348875, "lanes": null, "name": "Bontoc Boulevard", "ref": null, "bridge": null, "maxspeed": null, "access": null }, "geometry": { "type": "LineString", "coordinates": [ [ 124.9694689, 10.3568194 ], [ 124.9696494, 10.3568915 ], [ 124.9699157, 10.3569899 ], [ 124.9700275, 10.3567 ], [ 124.9700737, 10.3566189 ], [ 124.9701798, 10.3565101 ], [ 124.9704091, 10.3562445 ] ] } },
{ "type": "Feature", "properties": { "u": 8302489629, "v": 504406046, "key": 0, "osmid": [ 1361052936, 245746054, 1361052750, 1130790422 ], "highway": "primary", "oneway": false, "reversed": "False", "length": 198.77400165509331, "lanes": "2", "name": "Sogod-Bontoc Road", "ref": "692", "bridge": "yes", "maxspeed": null, "access": null }, "geometry": { "type": "LineString", "coordinates": [ [ 124.9694689, 10.3568194 ], [ 124.9693362, 10.3571369 ], [ 124.9692682, 10.3573057 ], [ 124.9692346, 10.3574141 ], [ 124.9691612, 10.3576534 ], [ 124.9691517, 10.3578457 ], [ 124.9691439, 10.3579964 ], [ 124.9691449, 10.3581196 ], [ 124.9691987, 10.3585492 ] ] } },
{ "type": "Feature", "properties": { "u": 8303002724, "v": 1774379157, "key": 0, "osmid": "165931441", "highway": "residential", "oneway": false, "reversed": "False", "length": 24.323212294565351, "lanes": null, "name": null, "ref": null, "bridge": null, "maxspeed": null, "access": null }, "geometry": { "type": "LineString", "coordinates": [ [ 125.0316353, 10.3505951 ], [ 125.0318289, 10.3507027 ] ] } },
{ "type": "Feature", "properties": { "u": 8303002724, "v": 1774379156, "key": 0, "osmid": "165931441", "highway": "residential", "oneway": false, "reversed": "True", "length": 37.773489504841507, "lanes": null, "name": null, "ref": null, "bridge": null, "maxspeed": null, "access": null }, "geometry": { "type": "LineString", "coordinates": [ [ 125.0316353, 10.3505951 ], [ 125.0313347, 10.3504279 ] ] } },
{ "type": "Feature", "properties": { "u": 8305491666, "v": 2528253735, "key": 0, "osmid": "277530192", "highway": "primary", "oneway": false, "reversed": "False", "length": 288.13044294996644, "lanes": "2", "name": "Rizal Street", "ref": "692", "bridge": null, "maxspeed": null, "access": null }, "geometry": { "type": "LineString", "coordinates": [ [ 124.9834668, 10.3889953 ], [ 124.9839414, 10.3898451 ], [ 124.9842078, 10.3903269 ], [ 124.9844185, 10.3907212 ], [ 124.9846767, 10.3911541 ], [ 124.9847309, 10.3912681 ] ] } },
{ "type": "Feature", "properties": { "u": 8305491666, "v": 504407084, "key": 0, "osmid": "277530192", "highway": "primary", "oneway": false, "reversed": "True", "length": 69.596793698973286, "lanes": "2", "name": "Rizal Street", "ref": "692", "bridge": null, "maxspeed": null, "access": null }, "geometry": { "type": "LineString", "coordinates": [ [ 124.9834668, 10.3889953 ], [ 124.9834043, 10.3888834 ], [ 124.9831304, 10.3884643 ] ] } },
{ "type": "Feature", "properties": { "u": 8305491666, "v": 1641042347, "key": 0, "osmid": "1409653878", "highway": "residential", "oneway": false, "reversed": "False", "length": 121.54065848631842, "lanes": null, "name": "CTH Drive", "ref": null, "bridge": null, "maxspeed": null, "access": "permissive" }, "geometry": { "type": "LineString", "coordinates": [ [ 124.9834668, 10.3889953 ], [ 124.9832529, 10.3890651 ], [ 124.9831241, 10.389077 ], [ 124.9829417, 10.3890493 ], [ 124.9823833, 10.3889275 ] ] } },
{ "type": "Feature", "properties": { "u": 8305491673, "v": 2528253866, "key": 0, "osmid": "245672650", "highway": "residential", "oneway": false, "reversed": "False", "length": 71.202739939315592, "lanes": null, "name": null, "ref": null, "bridge": null, "maxspeed": null, "access": null }, "geometry": { "type": "LineString", "coordinates": [ [ 124.9823064, 10.3923651 ], [ 124.982242, 10.3930023 ] ] } },
{ "type": "Feature", "properties": { "u": 8305491673, "v": 8305491676, "key": 0, "osmid": "245672647", "highway": "residential", "oneway": false, "reversed": "False", "length": 74.961053083936775, "lanes": null, "name": null, "ref": null, "bridge": null, "maxspeed": null, "access": null }, "geometry": { "type": "LineString", "coordinates": [ [ 124.9823064, 10.3923651 ], [ 124.9828975, 10.3923299 ], [ 124.982935, 10.3923524 ], [ 124.9829538, 10.3923972 ] ] } },
{ "type": "Feature", "properties": { "u": 8305491673, "v": 2528253783, "key": 0, "osmid": "245672650", "highway": "residential", "oneway": false, "reversed": "True", "length": 38.775176977150132, "lanes": null, "name": null, "ref": null, "bridge": null, "maxspeed": null, "access": null }, "geometry": { "type": "LineString", "coordinates": [ [ 124.9823064, 10.3923651 ], [ 124.9823102, 10.3921647 ], [ 124.9823235, 10.392017 ] ] } },
{ "type": "Feature", "properties": { "u": 8305491676, "v": 2528253886, "key": 0, "osmid": "245672647", "highway": "residential", "oneway": false, "reversed": "False", "length": 115.34581671144647, "lanes": null, "name": null, "ref": null, "bridge": null, "maxspeed": null, "access": null }, "geometry": { "type": "LineString", "coordinates": [ [ 124.9829538, 10.3923972 ], [ 124.9829364, 10.3924869 ], [ 124.9829203, 10.3930278 ], [ 124.9829645, 10.3931109 ], [ 124.982994, 10.3932496 ], [ 124.9830438, 10.3933572 ], [ 124.9830824, 10.3933915 ] ] } },
{ "type": "Feature", "properties": { "u": 8305491676, "v": 8305491673, "key": 0, "osmid": "245672647", "highway": "residential", "oneway": false, "reversed": "True", "length": 74.961053083936775, "lanes": null, "name": null, "ref": null, "bridge": null, "maxspeed": null, "access": null }, "geometry": { "type": "LineString", "coordinates": [ [ 124.9829538, 10.3923972 ], [ 124.982935, 10.3923524 ], [ 124.9828975, 10.3923299 ], [ 124.9823064, 10.3923651 ] ] } },
{ "type": "Feature", "properties": { "u": 8305491676, "v": 2528253783, "key": 0, "osmid": "893631838", "highway": "residential", "oneway": false, "reversed": "True", "length": 108.70458442314717, "lanes": null, "name": null, "ref": null, "bridge": null, "maxspeed": null, "access": null }, "geometry": { "type": "LineString", "coordinates": [ [ 124.9829538, 10.3923972 ], [ 124.9829873, 10.3921901 ], [ 124.9829806, 10.392111 ], [ 124.982931, 10.3920345 ], [ 124.9823235, 10.392017 ] ] } },
{ "type": "Feature", "properties": { "u": 8305491682, "v": 1641042144, "key": 0, "osmid": "245374749", "highway": "residential", "oneway": false, "reversed": "False", "length": 21.214051725796192, "lanes": null, "name": "Pandan Road", "ref": null, "bridge": null, "maxspeed": null, "access": null }, "geometry": { "type": "LineString", "coordinates": [ [ 124.9815057, 10.3979673 ], [ 124.98138, 10.3981126 ] ] } },
{ "type": "Feature", "properties": { "u": 8305491682, "v": 8305686884, "key": 0, "osmid": "245374749", "highway": "residential", "oneway": false, "reversed": "True", "length": 203.33341174270333, "lanes": null, "name": "Pandan Road", "ref": null, "bridge": null, "maxspeed": null, "access": null }, "geometry": { "type": "LineString", "coordinates": [ [ 124.9815057, 10.3979673 ], [ 124.981605, 10.3978893 ], [ 124.9818528, 10.3976485 ], [ 124.9820942, 10.3974009 ], [ 124.9822237, 10.3972579 ], [ 124.9825657, 10.3968709 ], [ 124.9825895, 10.3968439 ], [ 124.9827809, 10.3966394 ] ] } },
{ "type": "Feature", "properties": { "u": 8305491682, "v": 8305491686, "key": 0, "osmid": "893631840", "highway": "residential", "oneway": false, "reversed": "True", "length": 114.22638812299525, "lanes": null, "name": null, "ref": null, "bridge": null, "maxspeed": null, "access": null }, "geometry": { "type": "LineString", "coordinates": [ [ 124.9815057, 10.3979673 ], [ 124.9816529, 10.3980726 ], [ 124.9818011, 10.3982263 ], [ 124.9818863, 10.3983259 ], [ 124.9819862, 10.3983872 ], [ 124.9820647, 10.3984307 ], [ 124.9821415, 10.39842 ], [ 124.9822336, 10.3984149 ], [ 124.9823704, 10.3984228 ] ] } },
{ "type": "Feature", "properties": { "u": 8305491686, "v": 8305491682, "key": 0, "osmid": "893631840", "highway": "residential", "oneway": false, "reversed": "False", "length": 114.22638812299523, "lanes": null, "name": null, "ref": null, "bridge": null, "maxspeed": null, "access": null }, "geometry": { "type": "LineString", "coordinates": [ [ 124.9823704, 10.3984228 ], [ 124.9822336, 10.3984149 ], [ 124.9821415, 10.39842 ], [ 124.9820647, 10.3984307 ], [ 124.9819862, 10.3983872 ], [ 124.9818863, 10.3983259 ], [ 124.9818011, 10.3982263 ], [ 124.9816529, 10.3980726 ], [ 124.9815057, 10.3979673 ] ] } },
{ "type": "Feature", "properties": { "u": 8305491687, "v": 1641042110, "key": 0, "osmid": "893631841", "highway": "residential", "oneway": false, "reversed": "False", "length": 12.0899452932741, "lanes": null, "name": null, "ref": null, "bridge": null, "maxspeed": null, "access": null }, "geometry": { "type": "LineString", "coordinates": [ [ 124.9758285, 10.3831792 ], [ 124.9759352, 10.3832076 ] ] } },
{ "type": "Feature", "properties": { "u": 8305491687, "v": 8305491690, "key": 0, "osmid": "893631841", "highway": "residential", "oneway": false, "reversed": "True", "length": 126.3421383036066, "lanes": null, "name": null, "ref": null, "bridge": null, "maxspeed": null, "access": null }, "geometry": { "type": "LineString", "coordinates": [ [ 124.9758285, 10.3831792 ], [ 124.9756193, 10.3831924 ], [ 124.9754316, 10.3832926 ], [ 124.9748656, 10.3837491 ] ] } },
{ "type": "Feature", "properties": { "u": 8305491687, "v": 11954887717, "key": 0, "osmid": "1289243775", "highway": "residential", "oneway": false, "reversed": "False", "length": 62.702872998106955, "lanes": null, "name": null, "ref": null, "bridge": null, "maxspeed": null, "access": null }, "geometry": { "type": "LineString", "coordinates": [ [ 124.9758285, 10.3831792 ], [ 124.9756225, 10.3830356 ], [ 124.9755311, 10.3828076 ], [ 124.9755229, 10.3827376 ] ] } },
{ "type": "Feature", "properties": { "u": 8305491690, "v": 8305491687, "key": 0, "osmid": "893631841", "highway": "residential", "oneway": false, "reversed": "False", "length": 126.3421383036066, "lanes": null, "name": null, "ref": null, "bridge": null, "maxspeed": null, "access": null }, "geometry": { "type": "LineString", "coordinates": [ [ 124.9748656, 10.3837491 ], [ 124.9754316, 10.3832926 ], [ 124.9756193, 10.3831924 ], [ 124.9758285, 10.3831792 ] ] } },
{ "type": "Feature", "properties": { "u": 8305509765, "v": 2528329662, "key": 0, "osmid": "893633211", "highway": "unclassified", "oneway": false, "reversed": "False", "length": 293.40180478660932, "lanes": null, "name": null, "ref": null, "bridge": null, "maxspeed": null, "access": null }, "geometry": { "type": "LineString", "coordinates": [ [ 124.9684417, 10.3894503 ], [ 124.9686054, 10.3900176 ], [ 124.968671, 10.3901086 ], [ 124.9687368, 10.390094 ], [ 124.9687904, 10.3900109 ], [ 124.9689191, 10.3896403 ], [ 124.9689661, 10.3895651 ], [ 124.9690989, 10.3894978 ], [ 124.9692316, 10.3894661 ], [ 124.9695481, 10.3895018 ], [ 124.9698378, 10.3895176 ], [ 124.9700242, 10.3894833 ], [ 124.9701275, 10.3894318 ], [ 124.970183, 10.3893337 ] ] } },
{ "type": "Feature", "properties": { "u": 8305686884, "v": 8305491682, "key": 0, "osmid": "245374749", "highway": "residential", "oneway": false, "reversed": "False", "length": 203.33341174270333, "lanes": null, "name": "Pandan Road", "ref": null, "bridge": null, "maxspeed": null, "access": null }, "geometry": { "type": "LineString", "coordinates": [ [ 124.9827809, 10.3966394 ], [ 124.9825895, 10.3968439 ], [ 124.9825657, 10.3968709 ], [ 124.9822237, 10.3972579 ], [ 124.9820942, 10.3974009 ], [ 124.9818528, 10.3976485 ], [ 124.981605, 10.3978893 ], [ 124.9815057, 10.3979673 ] ] } },
{ "type": "Feature", "properties": { "u": 8305686884, "v": 2525826745, "key": 0, "osmid": "245374749", "highway": "residential", "oneway": false, "reversed": "True", "length": 335.84813983514016, "lanes": null, "name": "Pandan Road", "ref": null, "bridge": null, "maxspeed": null, "access": null }, "geometry": { "type": "LineString", "coordinates": [ [ 124.9827809, 10.3966394 ], [ 124.9829738, 10.3964334 ], [ 124.9832496, 10.3959018 ], [ 124.983404, 10.395739 ], [ 124.9835805, 10.395522 ], [ 124.9837349, 10.3953396 ], [ 124.9840769, 10.3949145 ], [ 124.9844424, 10.3945157 ], [ 124.9846767, 10.3942843 ] ] } },
{ "type": "Feature", "properties": { "u": 8305686884, "v": 8305686890, "key": 0, "osmid": "893650674", "highway": "residential", "oneway": false, "reversed": "True", "length": 112.96561793324754, "lanes": null, "name": null, "ref": null, "bridge": null, "maxspeed": null, "access": null }, "geometry": { "type": "LineString", "coordinates": [ [ 124.9827809, 10.3966394 ], [ 124.9825421, 10.396464 ], [ 124.9825193, 10.3963941 ], [ 124.9824214, 10.3961012 ], [ 124.9823349, 10.3960518 ], [ 124.9822866, 10.3959674 ], [ 124.9822846, 10.3958216 ] ] } },
{ "type": "Feature", "properties": { "u": 8305686890, "v": 8305686884, "key": 0, "osmid": "893650674", "highway": "residential", "oneway": false, "reversed": "False", "length": 112.96561793324756, "lanes": null, "name": null, "ref": null, "bridge": null, "maxspeed": null, "access": null }, "geometry": { "type": "LineString", "coordinates": [ [ 124.9822846, 10.3958216 ], [ 124.9822866, 10.3959674 ], [ 124.9823349, 10.3960518 ], [ 124.9824214, 10.3961012 ], [ 124.9825193, 10.3963941 ], [ 124.9825421, 10.396464 ], [ 124.9827809, 10.3966394 ] ] } },
{ "type": "Feature", "properties": { "u": 8314350272, "v": 8314350273, "key": 0, "osmid": "894518910", "highway": "residential", "oneway": false, "reversed": "True", "length": 219.82195024818523, "lanes": null, "name": null, "ref": null, "bridge": null, "maxspeed": null, "access": null }, "geometry": { "type": "LineString", "coordinates": [ [ 125.0089431, 10.385795 ], [ 125.0090852, 10.3859243 ], [ 125.0091805, 10.3860549 ], [ 125.0091704, 10.3861446 ], [ 125.0088854, 10.3865641 ], [ 125.0088894, 10.3866709 ], [ 125.0090636, 10.3870909 ], [ 125.0092443, 10.3875265 ] ] } },
{ "type": "Feature", "properties": { "u": 8314350273, "v": 8314350272, "key": 0, "osmid": "894518910", "highway": "residential", "oneway": false, "reversed": "False", "length": 219.8219502481852, "lanes": null, "name": null, "ref": null, "bridge": null, "maxspeed": null, "access": null }, "geometry": { "type": "LineString", "coordinates": [ [ 125.0092443, 10.3875265 ], [ 125.0090636, 10.3870909 ], [ 125.0088894, 10.3866709 ], [ 125.0088854, 10.3865641 ], [ 125.0091704, 10.3861446 ], [ 125.0091805, 10.3860549 ], [ 125.0090852, 10.3859243 ], [ 125.0089431, 10.385795 ] ] } },
{ "type": "Feature", "properties": { "u": 8314350273, "v": 1769461709, "key": 0, "osmid": "920142266", "highway": "trunk", "oneway": false, "reversed": "False", "length": 179.58704753793899, "lanes": "2", "name": "Maharlika Highway", "ref": "1", "bridge": null, "maxspeed": null, "access": null }, "geometry": { "type": "LineString", "coordinates": [ [ 125.0092443, 10.3875265 ], [ 125.0082987, 10.3880935 ], [ 125.0079884, 10.3885216 ] ] } },
{ "type": "Feature", "properties": { "u": 8314350273, "v": 1774382316, "key": 0, "osmid": [ 920142266, 165931510, 245724183 ], "highway": "trunk", "oneway": false, "reversed": "True", "length": 530.21619013965801, "lanes": "2", "name": "Maharlika Highway", "ref": "1", "bridge": "yes", "maxspeed": null, "access": null }, "geometry": { "type": "LineString", "coordinates": [ [ 125.0092443, 10.3875265 ], [ 125.0102282, 10.3869154 ], [ 125.010349, 10.3868436 ], [ 125.0112243, 10.3863223 ], [ 125.0117343, 10.3860624 ], [ 125.0120925, 10.3859563 ], [ 125.0124399, 10.3858783 ], [ 125.0127536, 10.3858232 ], [ 125.0136359, 10.3856681 ] ] } },
{ "type": "Feature", "properties": { "u": 8314350274, "v": 8314350275, "key": 0, "osmid": "894518911", "highway": "unclassified", "oneway": false, "reversed": "True", "length": 69.284191962307403, "lanes": null, "name": null, "ref": null, "bridge": null, "maxspeed": null, "access": null }, "geometry": { "type": "LineString", "coordinates": [ [ 125.018481, 10.3846553 ], [ 125.0179238, 10.3843589 ] ] } },
{ "type": "Feature", "properties": { "u": 8314350275, "v": 8314350274, "key": 0, "osmid": "894518911", "highway": "unclassified", "oneway": false, "reversed": "False", "length": 69.284191962307403, "lanes": null, "name": null, "ref": null, "bridge": null, "maxspeed": null, "access": null }, "geometry": { "type": "LineString", "coordinates": [ [ 125.0179238, 10.3843589 ], [ 125.018481, 10.3846553 ] ] } },
{ "type": "Feature", "properties": { "u": 8314350275, "v": 1774380182, "key": 0, "osmid": "165931508", "highway": "trunk", "oneway": false, "reversed": "False", "length": 139.65072894754604, "lanes": "2", "name": "Maharlika Highway", "ref": "1", "bridge": null, "maxspeed": null, "access": null }, "geometry": { "type": "LineString", "coordinates": [ [ 125.0179238, 10.3843589 ], [ 125.017762, 10.3845862 ], [ 125.0175404, 10.3847688 ], [ 125.0173291, 10.3849105 ], [ 125.0172094, 10.3849854 ], [ 125.0169231, 10.3850972 ] ] } },
{ "type": "Feature", "properties": { "u": 8314350275, "v": 505376350, "key": 0, "osmid": [ 165931508, 165931509, 165931093 ], "highway": "trunk", "oneway": false, "reversed": "True", "length": 482.42487840690274, "lanes": "2", "name": "Maharlika Highway", "ref": "1", "bridge": "yes", "maxspeed": null, "access": null }, "geometry": { "type": "LineString", "coordinates": [ [ 125.0179238, 10.3843589 ], [ 125.0179736, 10.3842889 ], [ 125.0181537, 10.3838921 ], [ 125.0185893, 10.3811731 ], [ 125.0186431, 10.3808495 ], [ 125.0187547, 10.3801196 ] ] } },
{ "type": "Feature", "properties": { "u": 8314412767, "v": 8324175535, "key": 0, "osmid": "895513110", "highway": "residential", "oneway": false, "reversed": "False", "length": 41.626064743095647, "lanes": null, "name": null, "ref": null, "bridge": null, "maxspeed": null, "access": null }, "geometry": { "type": "LineString", "coordinates": [ [ 125.01302, 10.4012483 ], [ 125.0129583, 10.4008789 ] ] } },
{ "type": "Feature", "properties": { "u": 8314412767, "v": 8314412770, "key": 0, "osmid": "894524366", "highway": "residential", "oneway": false, "reversed": "False", "length": 145.09494193439639, "lanes": null, "name": null, "ref": null, "bridge": null, "maxspeed": null, "access": null }, "geometry": { "type": "LineString", "coordinates": [ [ 125.01302, 10.4012483 ], [ 125.0135364, 10.4011019 ], [ 125.0136705, 10.4010913 ], [ 125.0142458, 10.4013987 ] ] } },
{ "type": "Feature", "properties": { "u": 8314412767, "v": 2527308637, "key": 0, "osmid": "894524366", "highway": "residential", "oneway": false, "reversed": "True", "length": 217.70415527353339, "lanes": null, "name": null, "ref": null, "bridge": null, "maxspeed": null, "access": null }, "geometry": { "type": "LineString", "coordinates": [ [ 125.01302, 10.4012483 ], [ 125.0124849, 10.4013367 ], [ 125.0120638, 10.401433 ], [ 125.0111023, 10.4017548 ] ] } },
{ "type": "Feature", "properties": { "u": 8314412770, "v": 8314412767, "key": 0, "osmid": "894524366", "highway": "residential", "oneway": false, "reversed": "True", "length": 145.09494193439639, "lanes": null, "name": null, "ref": null, "bridge": null, "maxspeed": null, "access": null }, "geometry": { "type": "LineString", "coordinates": [ [ 125.0142458, 10.4013987 ], [ 125.0136705, 10.4010913 ], [ 125.0135364, 10.4011019 ], [ 125.01302, 10.4012483 ] ] } },
{ "type": "Feature", "properties": { "u": 8317379551, "v": 8530952597, "key": 0, "osmid": "245676057", "highway": "tertiary", "oneway": false, "reversed": "True", "length": 15.217050204903268, "lanes": "2", "name": "Diversion Road", "ref": "692", "bridge": null, "maxspeed": null, "access": null }, "geometry": { "type": "LineString", "coordinates": [ [ 124.9928673, 10.4138642 ], [ 124.9927706, 10.4137658 ] ] } },
{ "type": "Feature", "properties": { "u": 8317379551, "v": 1769455568, "key": 0, "osmid": "245676057", "highway": "tertiary", "oneway": false, "reversed": "False", "length": 651.58788617323103, "lanes": "2", "name": "Diversion Road", "ref": "692", "bridge": null, "maxspeed": null, "access": null }, "geometry": { "type": "LineString", "coordinates": [ [ 124.9928673, 10.4138642 ], [ 124.9932951, 10.4142994 ], [ 124.9933789, 10.4144187 ], [ 124.9934415, 10.4145482 ], [ 124.993485, 10.4146876 ], [ 124.9934964, 10.4148302 ], [ 124.9934836, 10.4149816 ], [ 124.9934458, 10.4151296 ], [ 124.9929142, 10.4163189 ], [ 124.992875, 10.4164614 ], [ 124.9927801, 10.4168722 ], [ 124.9927157, 10.4170424 ], [ 124.9925897, 10.4172983 ], [ 124.9923027, 10.4178232 ], [ 124.9922464, 10.4181355 ], [ 124.9921754, 10.4184354 ], [ 124.9921316, 10.4187363 ], [ 124.9921244, 10.4188837 ], [ 124.9921348, 10.4190296 ], [ 124.9921656, 10.4191737 ], [ 124.9921908, 10.419242 ] ] } },
{ "type": "Feature", "properties": { "u": 8317379551, "v": 2528285680, "key": 0, "osmid": "894791633", "highway": "residential", "oneway": false, "reversed": "True", "length": 83.627135856862992, "lanes": null, "name": null, "ref": null, "bridge": null, "maxspeed": null, "access": null }, "geometry": { "type": "LineString", "coordinates": [ [ 124.9928673, 10.4138642 ], [ 124.9926594, 10.413919 ], [ 124.99211, 10.4139251 ] ] } },
{ "type": "Feature", "properties": { "u": 8317503332, "v": 505376375, "key": 0, "osmid": "894803230", "highway": "residential", "oneway": false, "reversed": "True", "length": 298.54978961720531, "lanes": null, "name": null, "ref": null, "bridge": null, "maxspeed": null, "access": null }, "geometry": { "type": "LineString", "coordinates": [ [ 125.0014785, 10.4091217 ], [ 125.0014373, 10.4097891 ], [ 125.0014651, 10.4098735 ], [ 125.0017856, 10.4099989 ], [ 125.0022952, 10.4101235 ], [ 125.0023381, 10.4101202 ], [ 125.00255, 10.4100134 ], [ 125.0026546, 10.4100107 ], [ 125.0029403, 10.410107 ], [ 125.0033366, 10.4101734 ] ] } },
{ "type": "Feature", "properties": { "u": 8317503340, "v": 2528285688, "key": 0, "osmid": "894803231", "highway": "residential", "oneway": false, "reversed": "True", "length": 201.52040128808056, "lanes": null, "name": null, "ref": null, "bridge": null, "maxspeed": null, "access": null }, "geometry": { "type": "LineString", "coordinates": [ [ 124.9908824, 10.4150889 ], [ 124.9907604, 10.4152235 ], [ 124.9906786, 10.4152828 ], [ 124.9902776, 10.4154055 ], [ 124.9901743, 10.4150573 ], [ 124.9900785, 10.4143069 ] ] } },
{ "type": "Feature", "properties": { "u": 8323133490, "v": 2525826743, "key": 0, "osmid": "895403766", "highway": "residential", "oneway": false, "reversed": "True", "length": 61.603147482574855, "lanes": null, "name": null, "ref": null, "bridge": null, "maxspeed": null, "access": null }, "geometry": { "type": "LineString", "coordinates": [ [ 124.9850674, 10.395009 ], [ 124.9850607, 10.3948481 ], [ 124.9846613, 10.3948582 ] ] } },
{ "type": "Feature", "properties": { "u": 8323133500, "v": 504407121, "key": 0, "osmid": "895403769", "highway": "residential", "oneway": false, "reversed": "True", "length": 205.66370838281739, "lanes": null, "name": null, "ref": null, "bridge": null, "maxspeed": null, "access": null }, "geometry": { "type": "LineString", "coordinates": [ [ 124.9867076, 10.3960749 ], [ 124.9856356, 10.3959864 ], [ 124.9849102, 10.3959143 ], [ 124.9848352, 10.3959051 ] ] } },
{ "type": "Feature", "properties": { "u": 8323133504, "v": 504407127, "key": 0, "osmid": "895403771", "highway": "residential", "oneway": false, "reversed": "True", "length": 59.326280087142926, "lanes": null, "name": null, "ref": null, "bridge": null, "maxspeed": null, "access": null }, "geometry": { "type": "LineString", "coordinates": [ [ 124.9847549, 10.3971341 ], [ 124.9852565, 10.396931 ] ] } },
{ "type": "Feature", "properties": { "u": 8323135093, "v": 2528628278, "key": 0, "osmid": [ 245723744, 895404382 ], "highway": "residential", "oneway": false, "reversed": "False", "length": 321.69521225278424, "lanes": null, "name": null, "ref": null, "bridge": null, "maxspeed": null, "access": null }, "geometry": { "type": "LineString", "coordinates": [ [ 124.9977449, 10.3815501 ], [ 124.9976429, 10.3821925 ], [ 124.9973386, 10.3829142 ], [ 124.9972969, 10.383013 ], [ 124.9973492, 10.3832557 ], [ 124.9973759, 10.3834531 ], [ 124.9975313, 10.3843475 ] ] } },
{ "type": "Feature", "properties": { "u": 8323339131, "v": 2528239562, "key": 0, "osmid": "895420437", "highway": "residential", "oneway": false, "reversed": "True", "length": 97.56189537919532, "lanes": null, "name": null, "ref": null, "bridge": null, "maxspeed": null, "access": null }, "geometry": { "type": "LineString", "coordinates": [ [ 124.9883893, 10.3909132 ], [ 124.9880192, 10.3905175 ], [ 124.9878509, 10.3906234 ], [ 124.9877107, 10.3905848 ] ] } },
{ "type": "Feature", "properties": { "u": 8323339134, "v": 1404221036, "key": 0, "osmid": "895420438", "highway": "residential", "oneway": false, "reversed": "True", "length": 98.472661352025582, "lanes": null, "name": null, "ref": null, "bridge": null, "maxspeed": null, "access": null }, "geometry": { "type": "LineString", "coordinates": [ [ 124.9866298, 10.3911309 ], [ 124.9863535, 10.3911599 ], [ 124.985856, 10.3907919 ] ] } },
{ "type": "Feature", "properties": { "u": 8323339137, "v": 504407131, "key": 0, "osmid": "895403770", "highway": "residential", "oneway": false, "reversed": "True", "length": 121.97424733303572, "lanes": null, "name": null, "ref": null, "bridge": null, "maxspeed": null, "access": null }, "geometry": { "type": "LineString", "coordinates": [ [ 124.9865842, 10.3974634 ], [ 124.9858452, 10.3974612 ], [ 124.9857514, 10.3973953 ], [ 124.9854912, 10.3974151 ] ] } },
{ "type": "Feature", "properties": { "u": 8323364677, "v": 1404221039, "key": 0, "osmid": "895423131", "highway": "residential", "oneway": false, "reversed": "True", "length": 115.84278509397711, "lanes": null, "name": null, "ref": null, "bridge": null, "maxspeed": null, "access": null }, "geometry": { "type": "LineString", "coordinates": [ [ 124.9863026, 10.3857957 ], [ 124.9863703, 10.3859322 ], [ 124.9854657, 10.3859481 ] ] } },
{ "type": "Feature", "properties": { "u": 8323381161, "v": 1769463869, "key": 0, "osmid": "895424779", "highway": "residential", "oneway": false, "reversed": "True", "length": 806.24603921098333, "lanes": null, "name": null, "ref": null, "bridge": null, "maxspeed": null, "access": null }, "geometry": { "type": "LineString", "coordinates": [ [ 124.9931475, 10.3958005 ], [ 124.9936599, 10.3957504 ], [ 124.9937671, 10.395848 ], [ 124.9938717, 10.3965418 ], [ 124.9940568, 10.3969481 ], [ 124.9941614, 10.3973386 ], [ 124.9951941, 10.3978952 ], [ 124.9955535, 10.398101 ], [ 124.9958432, 10.3983648 ], [ 124.9961838, 10.3987421 ], [ 124.9966317, 10.3993699 ], [ 124.9975651, 10.4009449 ] ] } },
{ "type": "Feature", "properties": { "u": 8323662797, "v": 1769463822, "key": 0, "osmid": "895454468", "highway": "residential", "oneway": false, "reversed": "True", "length": 339.3436196525646, "lanes": null, "name": "LuzViMin", "ref": null, "bridge": null, "maxspeed": null, "access": null }, "geometry": { "type": "LineString", "coordinates": [ [ 125.0017709, 10.3927718 ], [ 125.0012116, 10.3927864 ], [ 125.0008173, 10.3928075 ], [ 125.0004405, 10.3925555 ], [ 125.0001749, 10.3923629 ], [ 124.99955, 10.3923075 ], [ 124.999389, 10.3923577 ], [ 124.9989334, 10.3926886 ] ] } },
{ "type": "Feature", "properties": { "u": 8323820362, "v": 8323820364, "key": 0, "osmid": "895471146", "highway": "residential", "oneway": false, "reversed": "True", "length": 147.48411307529187, "lanes": null, "name": null, "ref": null, "bridge": null, "maxspeed": null, "access": null }, "geometry": { "type": "LineString", "coordinates": [ [ 124.9649882, 10.3599156 ], [ 124.9647456, 10.3605735 ], [ 124.964686, 10.3607219 ], [ 124.9646645, 10.3607503 ], [ 124.9646417, 10.3607655 ], [ 124.9646088, 10.3607635 ], [ 124.9642307, 10.3607556 ] ] } },
{ "type": "Feature", "properties": { "u": 8323820362, "v": 1640904054, "key": 0, "osmid": "917313926", "highway": "residential", "oneway": false, "reversed": "False", "length": 376.86294701545228, "lanes": null, "name": null, "ref": null, "bridge": null, "maxspeed": "30", "access": null }, "geometry": { "type": "LineString", "coordinates": [ [ 124.9649882, 10.3599156 ], [ 124.9647081, 10.3598293 ], [ 124.9642253, 10.3597449 ], [ 124.9638868, 10.3595937 ], [ 124.9636883, 10.3594196 ], [ 124.9635196, 10.3591519 ], [ 124.963093, 10.3585036 ], [ 124.9628292, 10.3581877 ], [ 124.9625584, 10.3577708 ] ] } },
{ "type": "Feature", "properties": { "u": 8323820362, "v": 1640904113, "key": 0, "osmid": "917313926", "highway": "residential", "oneway": false, "reversed": "True", "length": 745.31832327494317, "lanes": null, "name": null, "ref": null, "bridge": null, "maxspeed": "30", "access": null }, "geometry": { "type": "LineString", "coordinates": [ [ 124.9649882, 10.3599156 ], [ 124.9652392, 10.3599929 ], [ 124.9660063, 10.3603781 ], [ 124.9663389, 10.3605628 ], [ 124.9669338, 10.3609393 ], [ 124.9674702, 10.3612665 ], [ 124.9682266, 10.3617467 ], [ 124.9694443, 10.3624802 ], [ 124.9708192, 10.3633615 ] ] } },
{ "type": "Feature", "properties": { "u": 8323820364, "v": 8323820362, "key": 0, "osmid": "895471146", "highway": "residential", "oneway": false, "reversed": "False", "length": 147.48411307529184, "lanes": null, "name": null, "ref": null, "bridge": null, "maxspeed": null, "access": null }, "geometry": { "type": "LineString", "coordinates": [ [ 124.9642307, 10.3607556 ], [ 124.9646088, 10.3607635 ], [ 124.9646417, 10.3607655 ], [ 124.9646645, 10.3607503 ], [ 124.964686, 10.3607219 ], [ 124.9647456, 10.3605735 ], [ 124.9649882, 10.3599156 ] ] } },
{ "type": "Feature", "properties": { "u": 8323952726, "v": 8323952739, "key": 0, "osmid": "895487653", "highway": "residential", "oneway": false, "reversed": "True", "length": 125.20208670690337, "lanes": null, "name": null, "ref": null, "bridge": null, "maxspeed": null, "access": null }, "geometry": { "type": "LineString", "coordinates": [ [ 125.0205463, 10.371403 ], [ 125.0208957, 10.3711998 ], [ 125.0209044, 10.3711761 ], [ 125.0209084, 10.3711418 ], [ 125.0209138, 10.3710455 ], [ 125.0209272, 10.3710283 ], [ 125.0211347, 10.370983 ], [ 125.0211505, 10.3709795 ], [ 125.0214797, 10.3709749 ] ] } },
{ "type": "Feature", "properties": { "u": 8323952732, "v": 8323952739, "key": 0, "osmid": "895487654", "highway": "residential", "oneway": false, "reversed": "True", "length": 76.991873964091681, "lanes": null, "name": null, "ref": null, "bridge": null, "maxspeed": null, "access": null }, "geometry": { "type": "LineString", "coordinates": [ [ 125.0221489, 10.3708384 ], [ 125.0218767, 10.3708944 ], [ 125.0218227, 10.370899 ], [ 125.0217251, 10.3708924 ], [ 125.0216199, 10.370899 ], [ 125.0216015, 10.3709049 ], [ 125.0215092, 10.3709347 ], [ 125.0214891, 10.3709518 ], [ 125.0214797, 10.3709749 ] ] } },
{ "type": "Feature", "properties": { "u": 8323952739, "v": 8323952726, "key": 0, "osmid": "895487653", "highway": "residential", "oneway": false, "reversed": "False", "length": 125.20208670690339, "lanes": null, "name": null, "ref": null, "bridge": null, "maxspeed": null, "access": null }, "geometry": { "type": "LineString", "coordinates": [ [ 125.0214797, 10.3709749 ], [ 125.0211505, 10.3709795 ], [ 125.0211347, 10.370983 ], [ 125.0209272, 10.3710283 ], [ 125.0209138, 10.3710455 ], [ 125.0209084, 10.3711418 ], [ 125.0209044, 10.3711761 ], [ 125.0208957, 10.3711998 ], [ 125.0205463, 10.371403 ] ] } },
{ "type": "Feature", "properties": { "u": 8323952739, "v": 8323952732, "key": 0, "osmid": "895487654", "highway": "residential", "oneway": false, "reversed": "False", "length": 76.991873964091681, "lanes": null, "name": null, "ref": null, "bridge": null, "maxspeed": null, "access": null }, "geometry": { "type": "LineString", "coordinates": [ [ 125.0214797, 10.3709749 ], [ 125.0214891, 10.3709518 ], [ 125.0215092, 10.3709347 ], [ 125.0216015, 10.3709049 ], [ 125.0216199, 10.370899 ], [ 125.0217251, 10.3708924 ], [ 125.0218227, 10.370899 ], [ 125.0218767, 10.3708944 ], [ 125.0221489, 10.3708384 ] ] } },
{ "type": "Feature", "properties": { "u": 8323952739, "v": 8323952742, "key": 0, "osmid": [ 1215689793, 895487654 ], "highway": "residential", "oneway": false, "reversed": "True", "length": 130.16009654702984, "lanes": null, "name": null, "ref": null, "bridge": null, "maxspeed": null, "access": null }, "geometry": { "type": "LineString", "coordinates": [ [ 125.0214797, 10.3709749 ], [ 125.0214965, 10.3710191 ], [ 125.021665, 10.3712586 ], [ 125.021801, 10.3714518 ], [ 125.0219391, 10.3716166 ], [ 125.0221526, 10.3718853 ], [ 125.0221792, 10.3719188 ] ] } },
{ "type": "Feature", "properties": { "u": 8323952742, "v": 505376350, "key": 0, "osmid": [ 165931088, 165931093, 165931087 ], "highway": "trunk", "oneway": false, "reversed": "False", "length": 1001.6671873760459, "lanes": "2", "name": "Maharlika Highway", "ref": "1", "bridge": "yes", "maxspeed": null, "access": null }, "geometry": { "type": "LineString", "coordinates": [ [ 125.0221792, 10.3719188 ], [ 125.0220666, 10.3720282 ], [ 125.0218457, 10.3722748 ], [ 125.0216268, 10.3725606 ], [ 125.0214676, 10.3728307 ], [ 125.0206775, 10.3743067 ], [ 125.0200427, 10.3754694 ], [ 125.0194039, 10.3767046 ], [ 125.0193124, 10.3769434 ], [ 125.0192467, 10.3771979 ], [ 125.0191731, 10.3775052 ], [ 125.0190254, 10.3784362 ], [ 125.0190002, 10.3785939 ], [ 125.0187547, 10.3801196 ] ] } },
{ "type": "Feature", "properties": { "u": 8323952742, "v": 1774376380, "key": 0, "osmid": [ 165931091, 165931086, 165931087 ], "highway": "trunk", "oneway": false, "reversed": "True", "length": 210.40697102352769, "lanes": "2", "name": "Maharlika Highway", "ref": "1", "bridge": "yes", "maxspeed": null, "access": null }, "geometry": { "type": "LineString", "coordinates": [ [ 125.0221792, 10.3719188 ], [ 125.0226479, 10.3714765 ], [ 125.0227966, 10.3713434 ], [ 125.0232831, 10.3709242 ], [ 125.0235904, 10.3706335 ] ] } },
{ "type": "Feature", "properties": { "u": 8323952742, "v": 8323952739, "key": 0, "osmid": [ 1215689793, 895487654 ], "highway": "residential", "oneway": false, "reversed": "False", "length": 130.16009654702984, "lanes": null, "name": null, "ref": null, "bridge": null, "maxspeed": null, "access": null }, "geometry": { "type": "LineString", "coordinates": [ [ 125.0221792, 10.3719188 ], [ 125.0221526, 10.3718853 ], [ 125.0219391, 10.3716166 ], [ 125.021801, 10.3714518 ], [ 125.021665, 10.3712586 ], [ 125.0214965, 10.3710191 ], [ 125.0214797, 10.3709749 ] ] } },
{ "type": "Feature", "properties": { "u": 8323952743, "v": 1774376380, "key": 0, "osmid": "895487655", "highway": "residential", "oneway": false, "reversed": "True", "length": 65.609979996118994, "lanes": null, "name": null, "ref": null, "bridge": null, "maxspeed": null, "access": null }, "geometry": { "type": "LineString", "coordinates": [ [ 125.0231588, 10.3702328 ], [ 125.0232735, 10.3703898 ], [ 125.0233787, 10.3704881 ], [ 125.0235904, 10.3706335 ] ] } },
{ "type": "Feature", "properties": { "u": 8323952746, "v": 1774379201, "key": 0, "osmid": "895487656", "highway": "residential", "oneway": false, "reversed": "True", "length": 34.226350013999422, "lanes": null, "name": null, "ref": null, "bridge": null, "maxspeed": null, "access": null }, "geometry": { "type": "LineString", "coordinates": [ [ 125.0251195, 10.3652561 ], [ 125.0251121, 10.3653294 ], [ 125.0251114, 10.3654105 ], [ 125.0251327, 10.3655621 ] ] } },
{ "type": "Feature", "properties": { "u": 8324017449, "v": 505376350, "key": 0, "osmid": "894226771", "highway": "unclassified", "oneway": false, "reversed": "False", "length": 819.82679522304602, "lanes": null, "name": null, "ref": null, "bridge": null, "maxspeed": null, "access": null }, "geometry": { "type": "LineString", "coordinates": [ [ 125.0257377, 10.3825236 ], [ 125.0249076, 10.3822729 ], [ 125.0246112, 10.3821621 ], [ 125.024512, 10.3820896 ], [ 125.0243926, 10.3819946 ], [ 125.0242598, 10.3819313 ], [ 125.0241096, 10.3819049 ], [ 125.0239809, 10.3818798 ], [ 125.0238615, 10.3818297 ], [ 125.0235665, 10.3816556 ], [ 125.0233881, 10.3815606 ], [ 125.0231977, 10.3815131 ], [ 125.0230448, 10.3814841 ], [ 125.0229241, 10.3814722 ], [ 125.0227457, 10.381397 ], [ 125.0224198, 10.3811635 ], [ 125.022098, 10.3809525 ], [ 125.0218901, 10.3808614 ], [ 125.0216071, 10.3807942 ], [ 125.0211284, 10.3806464 ], [ 125.02038, 10.3805541 ], [ 125.0201467, 10.3805218 ], [ 125.0200273, 10.3804789 ], [ 125.0197108, 10.3803338 ], [ 125.0190557, 10.3801768 ], [ 125.0187547, 10.3801196 ] ] } },
{ "type": "Feature", "properties": { "u": 8324175533, "v": 2527308666, "key": 0, "osmid": "245550229", "highway": "residential", "oneway": false, "reversed": "False", "length": 172.52334851116683, "lanes": null, "name": null, "ref": null, "bridge": null, "maxspeed": null, "access": null }, "geometry": { "type": "LineString", "coordinates": [ [ 125.0110272, 10.4050999 ], [ 125.0109909, 10.4053576 ], [ 125.0108984, 10.4059072 ], [ 125.0110188, 10.4062507 ], [ 125.0113356, 10.406452 ] ] } },
{ "type": "Feature", "properties": { "u": 8324175533, "v": 2527308637, "key": 0, "osmid": "245550229", "highway": "residential", "oneway": false, "reversed": "True", "length": 411.87118867645557, "lanes": null, "name": null, "ref": null, "bridge": null, "maxspeed": null, "access": null }, "geometry": { "type": "LineString", "coordinates": [ [ 125.0110272, 10.4050999 ], [ 125.0111479, 10.4048981 ], [ 125.0113584, 10.4046699 ], [ 125.0114992, 10.4045116 ], [ 125.0117527, 10.4034287 ], [ 125.0117232, 10.4028114 ], [ 125.0114483, 10.4022763 ], [ 125.0111023, 10.4017548 ] ] } },
{ "type": "Feature", "properties": { "u": 8324175533, "v": 8526862761, "key": 0, "osmid": [ 895513109, 918096623 ], "highway": "residential", "oneway": false, "reversed": [ false, true ], "length": 1291.0591626641301, "lanes": null, "name": null, "ref": null, "bridge": null, "maxspeed": null, "access": null }, "geometry": { "type": "LineString", "coordinates": [ [ 125.0110272, 10.4050999 ], [ 125.010708, 10.4050815 ], [ 125.010661, 10.4051144 ], [ 125.010547, 10.4053558 ], [ 125.0103351, 10.4056539 ], [ 125.0100455, 10.405923 ], [ 125.0095305, 10.406084 ], [ 125.0090504, 10.4059758 ], [ 125.0084764, 10.4058544 ], [ 125.008361, 10.4058597 ], [ 125.0080901, 10.4060734 ], [ 125.0079346, 10.406018 ], [ 125.0078514, 10.4057331 ], [ 125.0073472, 10.4056249 ], [ 125.0069073, 10.4055168 ], [ 125.0067893, 10.4053506 ], [ 125.0068402, 10.4047623 ], [ 125.0071447, 10.4044114 ], [ 125.0071661, 10.4043072 ], [ 125.0071393, 10.4042215 ], [ 125.0070499, 10.4041787 ], [ 125.0069856, 10.404184 ], [ 125.0065135, 10.4045534 ], [ 125.0063632, 10.4046272 ], [ 125.0061272, 10.4046325 ], [ 125.0057677, 10.4045534 ], [ 125.0056175, 10.4045534 ], [ 125.0055263, 10.4046114 ], [ 125.0054083, 10.4047591 ], [ 125.0053332, 10.4048172 ], [ 125.0052634, 10.4048383 ], [ 125.0050274, 10.4048066 ], [ 125.0048235, 10.4048066 ], [ 125.0047538, 10.4047802 ], [ 125.0041154, 10.4039202 ], [ 125.0039813, 10.4037988 ], [ 125.0037881, 10.4036617 ], [ 125.003713, 10.4036247 ], [ 125.0035574, 10.4035983 ], [ 125.0032677, 10.4035931 ], [ 125.0031712, 10.4036353 ], [ 125.0029834, 10.403783 ], [ 125.0026442, 10.403783 ] ] } },
{ "type": "Feature", "properties": { "u": 8324175535, "v": 8314412767, "key": 0, "osmid": "895513110", "highway": "residential", "oneway": false, "reversed": "True", "length": 41.626064743095647, "lanes": null, "name": null, "ref": null, "bridge": null, "maxspeed": null, "access": null }, "geometry": { "type": "LineString", "coordinates": [ [ 125.0129583, 10.4008789 ], [ 125.01302, 10.4012483 ] ] } },
{ "type": "Feature", "properties": { "u": 8324307044, "v": 2528285420, "key": 0, "osmid": "895524765", "highway": "residential", "oneway": false, "reversed": "True", "length": 36.390131286479317, "lanes": null, "name": null, "ref": null, "bridge": null, "maxspeed": null, "access": null }, "geometry": { "type": "LineString", "coordinates": [ [ 124.9848703, 10.3823363 ], [ 124.9847225, 10.3820431 ] ] } },
{ "type": "Feature", "properties": { "u": 8333003633, "v": 2528285534, "key": 0, "osmid": [ 1485365129, 245676060 ], "highway": "unclassified", "oneway": false, "reversed": "True", "length": 1993.4978393438569, "lanes": null, "name": null, "ref": null, "bridge": null, "maxspeed": null, "access": null }, "geometry": { "type": "LineString", "coordinates": [ [ 124.9809703, 10.4160742 ], [ 124.9812332, 10.4156271 ], [ 124.9812801, 10.4152525 ], [ 124.9812469, 10.4149009 ], [ 124.9808888, 10.4135669 ], [ 124.9808979, 10.4134616 ], [ 124.9809273, 10.4133815 ], [ 124.9809619, 10.4132846 ], [ 124.9809753, 10.4131392 ], [ 124.9811409, 10.41289 ], [ 124.9813469, 10.4126177 ], [ 124.981524, 10.4122884 ], [ 124.9816689, 10.412032 ], [ 124.9817058, 10.4119119 ], [ 124.9817305, 10.411828 ], [ 124.9820037, 10.4115032 ], [ 124.9821115, 10.4113105 ], [ 124.9821419, 10.4110535 ], [ 124.9821564, 10.4108198 ], [ 124.9821806, 10.4105838 ], [ 124.9821034, 10.4103729 ], [ 124.9820686, 10.4102689 ], [ 124.9820513, 10.4101433 ], [ 124.982209, 10.4095512 ], [ 124.9822412, 10.4093549 ], [ 124.9822357, 10.4091368 ], [ 124.9821629, 10.4088222 ], [ 124.9821356, 10.4086438 ], [ 124.9821451, 10.40847 ], [ 124.9822209, 10.4082941 ], [ 124.9823425, 10.4081454 ], [ 124.9824541, 10.4080183 ], [ 124.9825898, 10.4078893 ], [ 124.982648, 10.407775 ], [ 124.9828184, 10.4076083 ], [ 124.9829307, 10.4073403 ], [ 124.9830815, 10.4069448 ], [ 124.9831657, 10.4066638 ], [ 124.9832722, 10.4064889 ], [ 124.9832184, 10.4063241 ], [ 124.9831906, 10.4061141 ], [ 124.9832559, 10.4059261 ], [ 124.9832607, 10.4057749 ], [ 124.9832829, 10.4055839 ], [ 124.9832819, 10.4053014 ], [ 124.9833256, 10.4050168 ], [ 124.9833764, 10.4048826 ], [ 124.9834466, 10.4046793 ], [ 124.9834643, 10.4045612 ], [ 124.9834577, 10.4044095 ], [ 124.9834799, 10.4042397 ], [ 124.9835439, 10.4041812 ], [ 124.9836263, 10.4041527 ], [ 124.9837613, 10.4041403 ], [ 124.9839866, 10.4041814 ], [ 124.9841315, 10.4041625 ], [ 124.984212, 10.4041055 ], [ 124.9842731, 10.4039756 ], [ 124.9843118, 10.4038332 ], [ 124.9845468, 10.4034659 ], [ 124.9847496, 10.4031366 ], [ 124.9848172, 10.4028294 ], [ 124.9848848, 10.402687 ], [ 124.9849717, 10.4026015 ], [ 124.9852292, 10.4024938 ], [ 124.9858731, 10.402288 ], [ 124.9866893, 10.4020307 ], [ 124.9870245, 10.4019724 ], [ 124.9873079, 10.4019639 ], [ 124.9876427, 10.4019471 ] ] } },
{ "type": "Feature", "properties": { "u": 8385839030, "v": 3985873659, "key": 0, "osmid": "180523523", "highway": "trunk", "oneway": false, "reversed": "False", "length": 62.351229023742263, "lanes": "2", "name": "Maharlika Highway", "ref": "1", "bridge": null, "maxspeed": null, "access": null }, "geometry": { "type": "LineString", "coordinates": [ [ 124.9689642, 10.5256107 ], [ 124.968606, 10.5258744 ], [ 124.9685064, 10.5259451 ] ] } },
{ "type": "Feature", "properties": { "u": 8385839030, "v": 504406794, "key": 0, "osmid": "180523523", "highway": "trunk", "oneway": false, "reversed": "True", "length": 181.8191241037687, "lanes": "2", "name": "Maharlika Highway", "ref": "1", "bridge": null, "maxspeed": null, "access": null }, "geometry": { "type": "LineString", "coordinates": [ [ 124.9689642, 10.5256107 ], [ 124.9695057, 10.5252121 ], [ 124.9696443, 10.5251233 ], [ 124.9697883, 10.5250516 ], [ 124.9699867, 10.5249824 ], [ 124.9702462, 10.5249506 ], [ 124.9704332, 10.5249676 ] ] } },
{ "type": "Feature", "properties": { "u": 8385839030, "v": 8385839032, "key": 0, "osmid": "902879792", "highway": "residential", "oneway": false, "reversed": "True", "length": 59.779718061038494, "lanes": null, "name": null, "ref": null, "bridge": null, "maxspeed": null, "access": null }, "geometry": { "type": "LineString", "coordinates": [ [ 124.9689642, 10.5256107 ], [ 124.9692628, 10.5259526 ], [ 124.9691981, 10.5260119 ] ] } },
{ "type": "Feature", "properties": { "u": 8385839032, "v": 8385839030, "key": 0, "osmid": "902879792", "highway": "residential", "oneway": false, "reversed": "False", "length": 59.779718061038494, "lanes": null, "name": null, "ref": null, "bridge": null, "maxspeed": null, "access": null }, "geometry": { "type": "LineString", "coordinates": [ [ 124.9691981, 10.5260119 ], [ 124.9692628, 10.5259526 ], [ 124.9689642, 10.5256107 ] ] } },
{ "type": "Feature", "properties": { "u": 8453908323, "v": 4077514930, "key": 0, "osmid": [ 245414497, 245539314, 245414495, 910450263 ], "highway": "unclassified", "oneway": false, "reversed": "True", "length": 2316.9011741231529, "lanes": null, "name": null, "ref": null, "bridge": null, "maxspeed": null, "access": null }, "geometry": { "type": "LineString", "coordinates": [ [ 124.9565651, 10.5240056 ], [ 124.9567626, 10.524169 ], [ 124.956884, 10.5242798 ], [ 124.9570503, 10.5247044 ], [ 124.9573131, 10.5249364 ], [ 124.9576296, 10.5251263 ], [ 124.9578603, 10.5252582 ], [ 124.9580024, 10.5256511 ], [ 124.9580876, 10.5259517 ], [ 124.9579542, 10.5265213 ], [ 124.9577959, 10.5268931 ], [ 124.9576216, 10.5272993 ], [ 124.9574714, 10.5275867 ], [ 124.9573399, 10.5279453 ], [ 124.957348, 10.5283251 ], [ 124.9573641, 10.5284991 ], [ 124.9572983, 10.5287299 ], [ 124.957234, 10.5289698 ], [ 124.9572246, 10.5292929 ], [ 124.9573078, 10.5296726 ], [ 124.9573668, 10.5298546 ], [ 124.9572837, 10.5300735 ], [ 124.9572569, 10.5302289 ], [ 124.9572783, 10.5303635 ], [ 124.9574445, 10.5306008 ], [ 124.9574526, 10.5307617 ], [ 124.9574124, 10.5309516 ], [ 124.957399, 10.53138 ], [ 124.9575089, 10.5315133 ], [ 124.9575989, 10.5316674 ], [ 124.9575934, 10.5317704 ], [ 124.9575089, 10.5318666 ], [ 124.9573815, 10.5321778 ], [ 124.9573037, 10.5323241 ], [ 124.9573038, 10.5324731 ], [ 124.9574244, 10.5325496 ], [ 124.9577047, 10.5325655 ], [ 124.9579381, 10.5325127 ], [ 124.9582921, 10.5323861 ], [ 124.9584867, 10.5323042 ], [ 124.9587535, 10.532249 ], [ 124.9590995, 10.5321936 ], [ 124.9591787, 10.5321328 ], [ 124.9592088, 10.5320407 ], [ 124.9591506, 10.531939 ], [ 124.9591243, 10.5318442 ], [ 124.9591524, 10.5317348 ], [ 124.9592584, 10.5315317 ], [ 124.9592403, 10.5313129 ], [ 124.9592981, 10.5312033 ], [ 124.9594187, 10.5310623 ], [ 124.9594764, 10.5310121 ], [ 124.9594898, 10.5309358 ], [ 124.9594777, 10.5306193 ], [ 124.9595033, 10.5305071 ], [ 124.9595836, 10.5304175 ], [ 124.9596266, 10.5303304 ], [ 124.9596573, 10.5301868 ], [ 124.9597312, 10.5300707 ], [ 124.9598211, 10.5300219 ], [ 124.959923, 10.53001 ], [ 124.9600972, 10.5300813 ], [ 124.9603938, 10.5300529 ], [ 124.9606728, 10.5300629 ], [ 124.9609161, 10.530082 ], [ 124.961012, 10.5300522 ], [ 124.9610623, 10.5299657 ], [ 124.9611546, 10.529819 ], [ 124.961307, 10.5297687 ], [ 124.9614955, 10.529734 ], [ 124.9618341, 10.5294437 ], [ 124.9619885, 10.5292437 ], [ 124.9621031, 10.5289229 ], [ 124.9621758, 10.5287142 ], [ 124.9622614, 10.528671 ], [ 124.9623889, 10.5286638 ], [ 124.962557, 10.528685 ], [ 124.9627365, 10.5287096 ], [ 124.9628937, 10.5286937 ], [ 124.9631124, 10.5286504 ], [ 124.9633241, 10.5285834 ], [ 124.963441, 10.5286022 ], [ 124.9639103, 10.5287727 ], [ 124.9642479, 10.5288856 ], [ 124.9647076, 10.5290887 ], [ 124.9651259, 10.5294096 ], [ 124.9653271, 10.5295682 ], [ 124.9655773, 10.5297821 ], [ 124.9657386, 10.5299984 ] ] } },
{ "type": "Feature", "properties": { "u": 8457272320, "v": 8457272324, "key": 0, "osmid": "910799117", "highway": "residential", "oneway": false, "reversed": "True", "length": 359.78027776309347, "lanes": null, "name": null, "ref": null, "bridge": null, "maxspeed": null, "access": null }, "geometry": { "type": "LineString", "coordinates": [ [ 125.0292004, 10.444149 ], [ 125.0293858, 10.4441528 ], [ 125.0295677, 10.4440066 ], [ 125.0297024, 10.4435777 ], [ 125.0297192, 10.4435018 ], [ 125.0297032, 10.443328 ], [ 125.0296681, 10.443213 ], [ 125.029466, 10.442929 ], [ 125.0293955, 10.4428946 ], [ 125.0293187, 10.4428776 ], [ 125.0291877, 10.4429152 ], [ 125.029131, 10.4428535 ], [ 125.0288337, 10.44226 ], [ 125.0287485, 10.4422013 ], [ 125.0282378, 10.4420733 ] ] } },
{ "type": "Feature", "properties": { "u": 8457272320, "v": 8457272324, "key": 1, "osmid": "1202245276", "highway": "residential", "oneway": false, "reversed": "True", "length": 254.86904487862017, "lanes": null, "name": null, "ref": null, "bridge": null, "maxspeed": null, "access": null }, "geometry": { "type": "LineString", "coordinates": [ [ 125.0292004, 10.444149 ], [ 125.0291052, 10.4439027 ], [ 125.0289076, 10.4436488 ], [ 125.0288155, 10.4434371 ], [ 125.0285355, 10.4428197 ], [ 125.0283806, 10.4424807 ], [ 125.0282378, 10.4420733 ] ] } },
{ "type": "Feature", "properties": { "u": 8457272320, "v": 2527046831, "key": 0, "osmid": "1202245276", "highway": "residential", "oneway": false, "reversed": "False", "length": 129.96127171583041, "lanes": null, "name": null, "ref": null, "bridge": null, "maxspeed": null, "access": null }, "geometry": { "type": "LineString", "coordinates": [ [ 125.0292004, 10.444149 ], [ 125.0292541, 10.4442878 ], [ 125.0293304, 10.4446363 ], [ 125.0293033, 10.4450449 ], [ 125.0292175, 10.4452848 ] ] } },
{ "type": "Feature", "properties": { "u": 8457272324, "v": 2527045950, "key": 0, "osmid": "245524828", "highway": "unclassified", "oneway": false, "reversed": "True", "length": 4671.5451493434684, "lanes": null, "name": null, "ref": null, "bridge": null, "maxspeed": null, "access": null }, "geometry": { "type": "LineString", "coordinates": [ [ 125.0282378, 10.4420733 ], [ 125.0279251, 10.4415043 ], [ 125.0276729, 10.4411142 ], [ 125.027681, 10.4409648 ], [ 125.0277588, 10.4408494 ], [ 125.0282168, 10.4405507 ], [ 125.0283729, 10.4402569 ], [ 125.0283861, 10.4401366 ], [ 125.0283097, 10.4400127 ], [ 125.0281865, 10.4397982 ], [ 125.0281516, 10.4397373 ], [ 125.0281561, 10.4392931 ], [ 125.0283052, 10.4389955 ], [ 125.0284678, 10.4386447 ], [ 125.0284774, 10.4385863 ], [ 125.0285371, 10.4382241 ], [ 125.028549, 10.4381516 ], [ 125.0286945, 10.4374295 ], [ 125.0286922, 10.4372238 ], [ 125.0285896, 10.4368159 ], [ 125.0283097, 10.4364505 ], [ 125.0279412, 10.4360829 ], [ 125.0276503, 10.4360552 ], [ 125.0272599, 10.4358554 ], [ 125.027042, 10.4357868 ], [ 125.0267898, 10.4357822 ], [ 125.0264626, 10.4358185 ], [ 125.0263111, 10.4357881 ], [ 125.0262432, 10.4357021 ], [ 125.0262252, 10.4355982 ], [ 125.0262909, 10.4353312 ], [ 125.0262676, 10.43528 ], [ 125.026196, 10.4351224 ], [ 125.0260023, 10.4347831 ], [ 125.0257458, 10.4345721 ], [ 125.0256044, 10.4343807 ], [ 125.0256606, 10.434063 ], [ 125.0257672, 10.4338869 ], [ 125.0260516, 10.4337392 ], [ 125.0263701, 10.4334536 ], [ 125.0266088, 10.4331793 ], [ 125.0266111, 10.4330896 ], [ 125.0265089, 10.4330692 ], [ 125.0261803, 10.4331166 ], [ 125.0257277, 10.4331542 ], [ 125.0253951, 10.4332914 ], [ 125.0251114, 10.4333672 ], [ 125.024752, 10.4333989 ], [ 125.0241579, 10.4334226 ], [ 125.023768, 10.4333432 ], [ 125.0233385, 10.433236 ], [ 125.0230609, 10.4331094 ], [ 125.0229442, 10.4330124 ], [ 125.0227726, 10.4328972 ], [ 125.0225875, 10.4325463 ], [ 125.0225288, 10.4321465 ], [ 125.0225694, 10.4316579 ], [ 125.0224836, 10.4312715 ], [ 125.0224661, 10.4311201 ], [ 125.0225649, 10.4308851 ], [ 125.0224339, 10.4307652 ], [ 125.0220219, 10.4304755 ], [ 125.0217971, 10.4303521 ], [ 125.0216436, 10.4299612 ], [ 125.0214479, 10.4295686 ], [ 125.0213812, 10.429362 ], [ 125.0213139, 10.4292678 ], [ 125.0212517, 10.4291829 ], [ 125.0209215, 10.4287598 ], [ 125.0207497, 10.4285205 ], [ 125.0206138, 10.4282833 ], [ 125.0205248, 10.4280939 ], [ 125.0203679, 10.4279574 ], [ 125.0200222, 10.4277893 ], [ 125.0197665, 10.4275923 ], [ 125.0196748, 10.4274532 ], [ 125.019672, 10.4274489 ], [ 125.0196773, 10.4272249 ], [ 125.0196873, 10.4270864 ], [ 125.0196112, 10.4269053 ], [ 125.0195123, 10.4267607 ], [ 125.0193487, 10.4266419 ], [ 125.0190976, 10.4264963 ], [ 125.0188916, 10.4262211 ], [ 125.0184904, 10.4257985 ], [ 125.0182946, 10.4257279 ], [ 125.0180164, 10.4256306 ], [ 125.0177622, 10.4254232 ], [ 125.0175743, 10.4251419 ], [ 125.0174614, 10.4249065 ], [ 125.0174373, 10.4247591 ], [ 125.0174886, 10.4246447 ], [ 125.0177937, 10.4244696 ], [ 125.0179654, 10.4242306 ], [ 125.0180411, 10.4236861 ], [ 125.0180981, 10.4234698 ], [ 125.018086, 10.4232434 ], [ 125.017964, 10.4231091 ], [ 125.0177682, 10.423057 ], [ 125.0169539, 10.4232289 ], [ 125.0162843, 10.423361 ], [ 125.0153455, 10.4234584 ], [ 125.0149707, 10.4235292 ], [ 125.0147539, 10.4236472 ], [ 125.0145461, 10.4240648 ], [ 125.014379, 10.4243646 ], [ 125.0140688, 10.4247261 ], [ 125.0137583, 10.4250123 ], [ 125.0135652, 10.4252794 ], [ 125.0134458, 10.4253025 ], [ 125.0133265, 10.4252748 ], [ 125.0132165, 10.4252458 ], [ 125.0131474, 10.4252755 ], [ 125.0131421, 10.4253434 ], [ 125.0131867, 10.4254506 ], [ 125.0132364, 10.4254884 ], [ 125.0133741, 10.4255413 ], [ 125.0134125, 10.4256438 ], [ 125.0133861, 10.4256607 ], [ 125.0133513, 10.4256758 ], [ 125.0131441, 10.425594 ], [ 125.0129135, 10.4253062 ], [ 125.0126988, 10.4251495 ], [ 125.0123066, 10.4250888 ], [ 125.0118134, 10.4247631 ], [ 125.0115455, 10.4246358 ], [ 125.0113034, 10.4244401 ], [ 125.0112266, 10.4241203 ], [ 125.011071, 10.4237829 ], [ 125.0109511, 10.4235229 ], [ 125.0106395, 10.4228921 ], [ 125.0104972, 10.4224146 ], [ 125.0103127, 10.4222715 ], [ 125.0102061, 10.4221917 ], [ 125.0100907, 10.4220593 ], [ 125.0099117, 10.4217631 ], [ 125.0098741, 10.4216924 ], [ 125.009786, 10.421527 ], [ 125.0096381, 10.4214036 ], [ 125.0092569, 10.4210884 ], [ 125.0091757, 10.4210788 ], [ 125.0091456, 10.4210752 ], [ 125.0090158, 10.4211776 ], [ 125.0086252, 10.4214263 ], [ 125.0084184, 10.4214406 ], [ 125.0082304, 10.4214482 ] ] } },
{ "type": "Feature", "properties": { "u": 8457272324, "v": 8457272320, "key": 0, "osmid": "910799117", "highway": "residential", "oneway": false, "reversed": "False", "length": 359.78027776309341, "lanes": null, "name": null, "ref": null, "bridge": null, "maxspeed": null, "access": null }, "geometry": { "type": "LineString", "coordinates": [ [ 125.0282378, 10.4420733 ], [ 125.0287485, 10.4422013 ], [ 125.0288337, 10.44226 ], [ 125.029131, 10.4428535 ], [ 125.0291877, 10.4429152 ], [ 125.0293187, 10.4428776 ], [ 125.0293955, 10.4428946 ], [ 125.029466, 10.442929 ], [ 125.0296681, 10.443213 ], [ 125.0297032, 10.443328 ], [ 125.0297192, 10.4435018 ], [ 125.0297024, 10.4435777 ], [ 125.0295677, 10.4440066 ], [ 125.0293858, 10.4441528 ], [ 125.0292004, 10.444149 ] ] } },
{ "type": "Feature", "properties": { "u": 8457272324, "v": 8457272320, "key": 1, "osmid": "1202245276", "highway": "residential", "oneway": false, "reversed": "False", "length": 254.86904487862014, "lanes": null, "name": null, "ref": null, "bridge": null, "maxspeed": null, "access": null }, "geometry": { "type": "LineString", "coordinates": [ [ 125.0282378, 10.4420733 ], [ 125.0283806, 10.4424807 ], [ 125.0285355, 10.4428197 ], [ 125.0288155, 10.4434371 ], [ 125.0289076, 10.4436488 ], [ 125.0291052, 10.4439027 ], [ 125.0292004, 10.444149 ] ] } },
{ "type": "Feature", "properties": { "u": 8457292177, "v": 8457292214, "key": 0, "osmid": "910803540", "highway": "unclassified", "oneway": false, "reversed": "True", "length": 3009.2254811600783, "lanes": null, "name": null, "ref": null, "bridge": null, "maxspeed": null, "access": null }, "geometry": { "type": "LineString", "coordinates": [ [ 125.0256157, 10.4198545 ], [ 125.0258014, 10.4196751 ], [ 125.0250846, 10.4191238 ], [ 125.0245871, 10.41867 ], [ 125.0244597, 10.4186278 ], [ 125.0243001, 10.4186793 ], [ 125.0241002, 10.4186727 ], [ 125.0239286, 10.4185579 ], [ 125.0235906, 10.4179631 ], [ 125.0235531, 10.4176544 ], [ 125.0232688, 10.4173616 ], [ 125.022912, 10.4172798 ], [ 125.0226063, 10.4173827 ], [ 125.0221784, 10.4173049 ], [ 125.0216044, 10.4170675 ], [ 125.0211485, 10.4169487 ], [ 125.0202432, 10.4162563 ], [ 125.0198168, 10.4161033 ], [ 125.0197028, 10.4159687 ], [ 125.0196089, 10.4159212 ], [ 125.0194265, 10.4159661 ], [ 125.0191489, 10.4159885 ], [ 125.0188793, 10.4158523 ], [ 125.0187908, 10.4158629 ], [ 125.0185427, 10.4160782 ], [ 125.0183322, 10.4160927 ], [ 125.0179821, 10.4159463 ], [ 125.0171828, 10.4159318 ], [ 125.0163004, 10.4162141 ], [ 125.0158806, 10.4162404 ], [ 125.0155413, 10.4163723 ], [ 125.0153448, 10.41634 ], [ 125.015141, 10.4161639 ], [ 125.0149506, 10.4158846 ], [ 125.0148622, 10.4158283 ], [ 125.0147558, 10.4158381 ], [ 125.0144852, 10.4160235 ], [ 125.0143196, 10.4160274 ], [ 125.0134472, 10.4156805 ], [ 125.0132011, 10.415482 ], [ 125.0130858, 10.4151391 ], [ 125.0128873, 10.4150072 ], [ 125.01266, 10.4150804 ], [ 125.0124952, 10.4153322 ], [ 125.01241, 10.4154852 ], [ 125.0123709, 10.4155486 ], [ 125.0123964, 10.4156878 ], [ 125.012619, 10.4161349 ], [ 125.0125493, 10.4162721 ], [ 125.0123683, 10.4163275 ], [ 125.0121483, 10.4161692 ], [ 125.0117366, 10.4159028 ], [ 125.011463, 10.4157959 ], [ 125.0110298, 10.415879 ], [ 125.0103995, 10.4161257 ], [ 125.0102453, 10.4160465 ], [ 125.0099073, 10.415701 ], [ 125.0096311, 10.4156231 ], [ 125.0093615, 10.4157353 ], [ 125.0090262, 10.4159859 ], [ 125.0087741, 10.4160017 ], [ 125.0080164, 10.4155968 ], [ 125.0075966, 10.4154622 ], [ 125.0072238, 10.4155361 ], [ 125.0067772, 10.4157656 ], [ 125.0064956, 10.4157933 ], [ 125.0062931, 10.4157445 ], [ 125.005357, 10.4147632 ], [ 125.0052564, 10.4144624 ], [ 125.0051384, 10.4137792 ], [ 125.0050512, 10.4136565 ], [ 125.0049023, 10.4136512 ], [ 125.0044367, 10.4138052 ] ] } },
{ "type": "Feature", "properties": { "u": 8457292214, "v": 10972459789, "key": 0, "osmid": "165931511", "highway": "trunk", "oneway": false, "reversed": "False", "length": 517.62631468592485, "lanes": "2", "name": "Maharlika Highway", "ref": "1", "bridge": null, "maxspeed": null, "access": null }, "geometry": { "type": "LineString", "coordinates": [ [ 125.0044367, 10.4138052 ], [ 125.004551, 10.4141384 ], [ 125.0049572, 10.4152207 ], [ 125.0050893, 10.4154595 ], [ 125.005235, 10.4156379 ], [ 125.005384, 10.415784 ], [ 125.0064762, 10.4165197 ], [ 125.0074505, 10.4171376 ] ] } },
{ "type": "Feature", "properties": { "u": 8457292214, "v": 505376375, "key": 0, "osmid": "165931511", "highway": "trunk", "oneway": false, "reversed": "True", "length": 421.8181183217614, "lanes": "2", "name": "Maharlika Highway", "ref": "1", "bridge": null, "maxspeed": null, "access": null }, "geometry": { "type": "LineString", "coordinates": [ [ 125.0044367, 10.4138052 ], [ 125.0037565, 10.4118235 ], [ 125.0035609, 10.411168 ], [ 125.0033366, 10.4101734 ] ] } },
{ "type": "Feature", "properties": { "u": 8457292214, "v": 8457292177, "key": 0, "osmid": "910803540", "highway": "unclassified", "oneway": false, "reversed": "False", "length": 3009.2254811600774, "lanes": null, "name": null, "ref": null, "bridge": null, "maxspeed": null, "access": null }, "geometry": { "type": "LineString", "coordinates": [ [ 125.0044367, 10.4138052 ], [ 125.0049023, 10.4136512 ], [ 125.0050512, 10.4136565 ], [ 125.0051384, 10.4137792 ], [ 125.0052564, 10.4144624 ], [ 125.005357, 10.4147632 ], [ 125.0062931, 10.4157445 ], [ 125.0064956, 10.4157933 ], [ 125.0067772, 10.4157656 ], [ 125.0072238, 10.4155361 ], [ 125.0075966, 10.4154622 ], [ 125.0080164, 10.4155968 ], [ 125.0087741, 10.4160017 ], [ 125.0090262, 10.4159859 ], [ 125.0093615, 10.4157353 ], [ 125.0096311, 10.4156231 ], [ 125.0099073, 10.415701 ], [ 125.0102453, 10.4160465 ], [ 125.0103995, 10.4161257 ], [ 125.0110298, 10.415879 ], [ 125.011463, 10.4157959 ], [ 125.0117366, 10.4159028 ], [ 125.0121483, 10.4161692 ], [ 125.0123683, 10.4163275 ], [ 125.0125493, 10.4162721 ], [ 125.012619, 10.4161349 ], [ 125.0123964, 10.4156878 ], [ 125.0123709, 10.4155486 ], [ 125.01241, 10.4154852 ], [ 125.0124952, 10.4153322 ], [ 125.01266, 10.4150804 ], [ 125.0128873, 10.4150072 ], [ 125.0130858, 10.4151391 ], [ 125.0132011, 10.415482 ], [ 125.0134472, 10.4156805 ], [ 125.0143196, 10.4160274 ], [ 125.0144852, 10.4160235 ], [ 125.0147558, 10.4158381 ], [ 125.0148622, 10.4158283 ], [ 125.0149506, 10.4158846 ], [ 125.015141, 10.4161639 ], [ 125.0153448, 10.41634 ], [ 125.0155413, 10.4163723 ], [ 125.0158806, 10.4162404 ], [ 125.0163004, 10.4162141 ], [ 125.0171828, 10.4159318 ], [ 125.0179821, 10.4159463 ], [ 125.0183322, 10.4160927 ], [ 125.0185427, 10.4160782 ], [ 125.0187908, 10.4158629 ], [ 125.0188793, 10.4158523 ], [ 125.0191489, 10.4159885 ], [ 125.0194265, 10.4159661 ], [ 125.0196089, 10.4159212 ], [ 125.0197028, 10.4159687 ], [ 125.0198168, 10.4161033 ], [ 125.0202432, 10.4162563 ], [ 125.0211485, 10.4169487 ], [ 125.0216044, 10.4170675 ], [ 125.0221784, 10.4173049 ], [ 125.0226063, 10.4173827 ], [ 125.022912, 10.4172798 ], [ 125.0232688, 10.4173616 ], [ 125.0235531, 10.4176544 ], [ 125.0235906, 10.4179631 ], [ 125.0239286, 10.4185579 ], [ 125.0241002, 10.4186727 ], [ 125.0243001, 10.4186793 ], [ 125.0244597, 10.4186278 ], [ 125.0245871, 10.41867 ], [ 125.0250846, 10.4191238 ], [ 125.0258014, 10.4196751 ], [ 125.0256157, 10.4198545 ] ] } },
{ "type": "Feature", "properties": { "u": 8462946295, "v": 8462946296, "key": 0, "osmid": "911434526", "highway": "unclassified", "oneway": false, "reversed": "True", "length": 90.683234645912336, "lanes": null, "name": null, "ref": null, "bridge": null, "maxspeed": null, "access": null }, "geometry": { "type": "LineString", "coordinates": [ [ 125.0022474, 10.4812497 ], [ 125.0020109, 10.4813673 ], [ 125.0015571, 10.4816972 ] ] } },
{ "type": "Feature", "properties": { "u": 8462946296, "v": 11954901961, "key": 0, "osmid": "248635553", "highway": "trunk", "oneway": false, "reversed": "False", "length": 679.56319949120541, "lanes": "2", "name": "Maharlika Highway", "ref": "1", "bridge": null, "maxspeed": null, "access": null }, "geometry": { "type": "LineString", "coordinates": [ [ 125.0015571, 10.4816972 ], [ 125.0018737, 10.4818742 ], [ 125.0020856, 10.4820219 ], [ 125.0021799, 10.4821269 ], [ 125.0023169, 10.4823174 ], [ 125.0024136, 10.4825463 ], [ 125.0024444, 10.482667 ], [ 125.0024717, 10.4829085 ], [ 125.0024658, 10.4830302 ], [ 125.0024065, 10.4832646 ], [ 125.0023017, 10.4834924 ], [ 125.0020509, 10.4839536 ], [ 125.001768, 10.4845246 ], [ 125.0015741, 10.4848865 ], [ 125.0013705, 10.485303 ], [ 125.0012432, 10.4855788 ], [ 125.0012185, 10.4856355 ], [ 125.0011835, 10.4857158 ], [ 125.0009643, 10.4861035 ], [ 125.0008318, 10.4863378 ], [ 125.000698, 10.4866092 ], [ 125.0006605, 10.4868387 ], [ 125.0006781, 10.4869393 ], [ 125.0006831, 10.4870059 ] ] } },
{ "type": "Feature", "properties": { "u": 8462946296, "v": 504809561, "key": 0, "osmid": [ 248635552, 248635553, 84969750 ], "highway": "trunk", "oneway": false, "reversed": "True", "length": 9968.4721516688969, "lanes": "2", "name": "Maharlika Highway", "ref": "1", "bridge": "yes", "maxspeed": null, "access": null }, "geometry": { "type": "LineString", "coordinates": [ [ 125.0015571, 10.4816972 ], [ 125.0014448, 10.4816344 ], [ 125.0008058, 10.4812299 ], [ 125.0005222, 10.4810333 ], [ 125.0003942, 10.4808703 ], [ 125.0003551, 10.4807747 ], [ 125.0003708, 10.480584 ], [ 125.0004498, 10.4803941 ], [ 125.0005156, 10.4803031 ], [ 125.0005697, 10.4802557 ], [ 125.0007067, 10.4801669 ], [ 125.0009386, 10.4800913 ], [ 125.0013865, 10.4800436 ], [ 125.0018355, 10.4799957 ], [ 125.0021222, 10.479918 ], [ 125.0023172, 10.4798536 ], [ 125.002709, 10.4796614 ], [ 125.002958, 10.4795299 ], [ 125.0030703, 10.4794544 ], [ 125.0032568, 10.4792839 ], [ 125.0033276, 10.4791878 ], [ 125.0033935, 10.4790856 ], [ 125.0034382, 10.4790105 ], [ 125.003478, 10.4788971 ], [ 125.0034922, 10.4787599 ], [ 125.0034991, 10.4786288 ], [ 125.0034565, 10.478195 ], [ 125.0033264, 10.4776933 ], [ 125.0033203, 10.4774894 ], [ 125.003426, 10.4773515 ], [ 125.003567, 10.4772686 ], [ 125.00364, 10.4772389 ], [ 125.0038366, 10.4771916 ], [ 125.0041638, 10.4772156 ], [ 125.0045028, 10.4772618 ], [ 125.0046168, 10.4772557 ], [ 125.0047242, 10.4772298 ], [ 125.004823, 10.4771811 ], [ 125.0049133, 10.4771121 ], [ 125.0049857, 10.4770292 ], [ 125.0050364, 10.4769377 ], [ 125.0050705, 10.4768365 ], [ 125.0050827, 10.4767326 ], [ 125.0050712, 10.4766287 ], [ 125.0050086, 10.4764329 ], [ 125.0048314, 10.4761689 ], [ 125.0044079, 10.4757975 ], [ 125.0043347, 10.4757096 ], [ 125.0042801, 10.4756056 ], [ 125.0042443, 10.4754923 ], [ 125.0042052, 10.4752535 ], [ 125.0041722, 10.4750088 ], [ 125.0041634, 10.474769 ], [ 125.0041846, 10.4746598 ], [ 125.0042284, 10.4745565 ], [ 125.0042946, 10.4744627 ], [ 125.0044629, 10.4742961 ], [ 125.0047416, 10.4740615 ], [ 125.0048166, 10.4739708 ], [ 125.0048663, 10.4738638 ], [ 125.0048861, 10.4737459 ], [ 125.0048758, 10.4736278 ], [ 125.0048396, 10.473512 ], [ 125.0046772, 10.473164 ], [ 125.0046173, 10.47291 ], [ 125.0046348, 10.4726559 ], [ 125.004669, 10.4725304 ], [ 125.004777, 10.4722671 ], [ 125.0049292, 10.4720106 ], [ 125.0051185, 10.4717801 ], [ 125.0052323, 10.4716845 ], [ 125.0053552, 10.4715813 ], [ 125.0059727, 10.4711839 ], [ 125.0060709, 10.4711019 ], [ 125.006114, 10.4710006 ], [ 125.0061446, 10.4708894 ], [ 125.0061505, 10.4707974 ], [ 125.0061375, 10.4706764 ], [ 125.0059271, 10.4700761 ], [ 125.0059012, 10.4699322 ], [ 125.0059009, 10.469922 ], [ 125.0058978, 10.4698187 ], [ 125.0059721, 10.4696086 ], [ 125.0060116, 10.4695067 ], [ 125.0062233, 10.4691349 ], [ 125.0062521, 10.4690357 ], [ 125.0062556, 10.468935 ], [ 125.0062288, 10.4688371 ], [ 125.00618, 10.4687488 ], [ 125.0061095, 10.4686762 ], [ 125.0061022, 10.468672 ], [ 125.0060177, 10.468624 ], [ 125.0059128, 10.468596 ], [ 125.0057943, 10.468598 ], [ 125.0055639, 10.4686828 ], [ 125.0052083, 10.4690399 ], [ 125.004884, 10.469369 ], [ 125.0046899, 10.4694698 ], [ 125.0045951, 10.4695094 ], [ 125.004493, 10.4695254 ], [ 125.0043878, 10.4695138 ], [ 125.0042821, 10.4694732 ], [ 125.0041894, 10.469404 ], [ 125.0041113, 10.4693149 ], [ 125.0040663, 10.4692281 ], [ 125.0040541, 10.4691102 ], [ 125.0040581, 10.4689922 ], [ 125.0040805, 10.4687224 ], [ 125.0041358, 10.4681137 ], [ 125.0042739, 10.4676625 ], [ 125.0046254, 10.466854 ], [ 125.0048789, 10.4658121 ], [ 125.0049291, 10.4656946 ], [ 125.0049804, 10.4656086 ], [ 125.0050455, 10.4655474 ], [ 125.0051323, 10.4654846 ], [ 125.0052113, 10.4654465 ], [ 125.0053923, 10.4653791 ], [ 125.0057044, 10.4653877 ], [ 125.0058089, 10.4653633 ], [ 125.0059062, 10.4653095 ], [ 125.0060803, 10.4651384 ], [ 125.0067562, 10.4643332 ], [ 125.0068211, 10.4642375 ], [ 125.0068681, 10.4641346 ], [ 125.0068873, 10.464026 ], [ 125.006876, 10.4639175 ], [ 125.0068377, 10.4638185 ], [ 125.0067802, 10.4637326 ], [ 125.0067027, 10.4636647 ], [ 125.0066112, 10.4636207 ], [ 125.0065127, 10.4635957 ], [ 125.0061962, 10.4635944 ], [ 125.0059855, 10.4635641 ], [ 125.0058916, 10.4635197 ], [ 125.0058136, 10.4634506 ], [ 125.0057553, 10.4633617 ], [ 125.005723, 10.463261 ], [ 125.0057157, 10.4631538 ], [ 125.0057345, 10.4630521 ], [ 125.0057836, 10.4629503 ], [ 125.0058552, 10.4628564 ], [ 125.0059479, 10.462769 ], [ 125.0063886, 10.4624232 ], [ 125.0065861, 10.4622183 ], [ 125.0066718, 10.4621041 ], [ 125.0073505, 10.4610973 ], [ 125.0080311, 10.4600299 ], [ 125.0082297, 10.4596456 ], [ 125.0084507, 10.4590431 ], [ 125.0085086, 10.4589628 ], [ 125.0085521, 10.4589024 ], [ 125.0087521, 10.4587148 ], [ 125.0092956, 10.4582602 ], [ 125.0103842, 10.4576091 ], [ 125.0104795, 10.4575288 ], [ 125.0105562, 10.4574367 ], [ 125.010616, 10.4573307 ], [ 125.010653, 10.4572189 ], [ 125.0106666, 10.4571015 ], [ 125.0106264, 10.4568723 ], [ 125.0104652, 10.4564 ], [ 125.0102113, 10.4558237 ], [ 125.0101685, 10.455454 ], [ 125.0101773, 10.4550637 ], [ 125.010196, 10.4549408 ], [ 125.010253, 10.4546892 ], [ 125.0103899, 10.4543306 ], [ 125.0106245, 10.4538895 ], [ 125.0112573, 10.4528039 ], [ 125.0114005, 10.4525176 ], [ 125.0114608, 10.4523147 ], [ 125.0114489, 10.4520955 ], [ 125.0114117, 10.4519758 ], [ 125.0111857, 10.4515955 ], [ 125.0111467, 10.4514857 ], [ 125.0111325, 10.4513725 ], [ 125.0111774, 10.451139 ], [ 125.0114016, 10.4506633 ], [ 125.0114399, 10.4505327 ], [ 125.0114477, 10.4504053 ], [ 125.0114275, 10.4502831 ], [ 125.0113814, 10.4501707 ], [ 125.0113104, 10.4500647 ], [ 125.0112243, 10.4499839 ], [ 125.0111257, 10.4499204 ], [ 125.0110157, 10.4498796 ], [ 125.0108956, 10.4498625 ], [ 125.010775, 10.449876 ], [ 125.0106605, 10.44991 ], [ 125.0104555, 10.4500387 ], [ 125.0099893, 10.4504747 ], [ 125.0097955, 10.4506223 ], [ 125.0096883, 10.4506635 ], [ 125.0095665, 10.4506878 ], [ 125.0094524, 10.4506791 ], [ 125.009345, 10.4506407 ], [ 125.0092503, 10.4505811 ], [ 125.0091802, 10.4505025 ], [ 125.0091283, 10.4504116 ], [ 125.0090954, 10.4503131 ], [ 125.0090885, 10.450205 ], [ 125.0090993, 10.4500921 ], [ 125.0092019, 10.4498204 ], [ 125.0095055, 10.4486991 ], [ 125.0095237, 10.4484716 ], [ 125.0095088, 10.4483602 ], [ 125.0094639, 10.4482601 ], [ 125.0093992, 10.4481727 ], [ 125.0093193, 10.448102 ], [ 125.0092224, 10.4480514 ], [ 125.0091123, 10.4480172 ], [ 125.0076804, 10.4477006 ], [ 125.0075899, 10.4476409 ], [ 125.0075186, 10.4475642 ], [ 125.0075108, 10.447457 ], [ 125.0074947, 10.4473416 ], [ 125.0074357, 10.4468886 ], [ 125.0073968, 10.4467264 ], [ 125.0073083, 10.4465721 ], [ 125.007091, 10.446303 ], [ 125.0069884, 10.4461916 ], [ 125.0069428, 10.4460993 ], [ 125.0069123, 10.4460086 ], [ 125.0068882, 10.4458996 ], [ 125.0069035, 10.4457893 ], [ 125.0072017, 10.4450289 ], [ 125.0072529, 10.4449278 ], [ 125.0072862, 10.4448068 ], [ 125.0073599, 10.4447322 ], [ 125.0074947, 10.4446749 ], [ 125.0076089, 10.4446426 ], [ 125.0077464, 10.4446314 ], [ 125.0078514, 10.4446771 ], [ 125.0079591, 10.4447499 ], [ 125.0080587, 10.4448639 ], [ 125.0083691, 10.4453739 ], [ 125.0084362, 10.4454682 ], [ 125.0085267, 10.4455315 ], [ 125.0086089, 10.4455772 ], [ 125.0087048, 10.4456041 ], [ 125.0087928, 10.4456194 ], [ 125.0088851, 10.4456233 ], [ 125.0089807, 10.4456016 ], [ 125.009095, 10.4455524 ], [ 125.0093107, 10.4454082 ], [ 125.009488, 10.4452582 ], [ 125.0095632, 10.4451531 ], [ 125.0096094, 10.4450655 ], [ 125.0096572, 10.4449439 ], [ 125.0096968, 10.4448391 ], [ 125.0096861, 10.4446584 ], [ 125.0096137, 10.444446 ], [ 125.0090558, 10.44384 ], [ 125.0089659, 10.4437325 ], [ 125.0089102, 10.4436283 ], [ 125.0088948, 10.4435446 ], [ 125.0088781, 10.4434173 ], [ 125.0088807, 10.4431733 ], [ 125.009152, 10.4421081 ], [ 125.0094832, 10.4412625 ], [ 125.0095361, 10.4410568 ], [ 125.0095502, 10.4409119 ], [ 125.0095593, 10.4407822 ], [ 125.0095174, 10.4406704 ], [ 125.0094182, 10.4405728 ], [ 125.0092649, 10.4404986 ], [ 125.0081639, 10.4400621 ], [ 125.0078487, 10.4399328 ], [ 125.007716, 10.439851 ], [ 125.0075953, 10.4397455 ], [ 125.0074987, 10.4396255 ], [ 125.0074115, 10.4394817 ], [ 125.0073485, 10.4392879 ], [ 125.0072841, 10.4390822 ], [ 125.0073084, 10.4389382 ], [ 125.0074675, 10.4379899 ], [ 125.0075282, 10.4374886 ], [ 125.0076, 10.4372546 ], [ 125.0077355, 10.4369292 ], [ 125.0077504, 10.4368189 ], [ 125.007785, 10.4366672 ], [ 125.0077488, 10.4365129 ], [ 125.0076241, 10.4362227 ], [ 125.0075544, 10.4359649 ], [ 125.0074036, 10.4348262 ], [ 125.0073891, 10.4344868 ], [ 125.0074113, 10.4343826 ], [ 125.0074592, 10.434284 ], [ 125.0075289, 10.4342032 ], [ 125.0075876, 10.4341147 ], [ 125.007714, 10.4340471 ], [ 125.0079835, 10.4340524 ], [ 125.0081176, 10.4341236 ], [ 125.0084791, 10.4343604 ], [ 125.0085998, 10.4344164 ], [ 125.0087097, 10.4344184 ], [ 125.0087969, 10.4344046 ], [ 125.0088847, 10.434365 ], [ 125.0089652, 10.4343188 ], [ 125.0090437, 10.434245 ], [ 125.0091129, 10.4341682 ], [ 125.0091748, 10.4340593 ], [ 125.00921, 10.4338025 ], [ 125.0089371, 10.431447 ], [ 125.0088937, 10.4311782 ], [ 125.0088572, 10.4310461 ], [ 125.0087788, 10.4307795 ], [ 125.0086863, 10.4306562 ], [ 125.0085935, 10.4305588 ], [ 125.0085854, 10.4305503 ], [ 125.0084978, 10.4304583 ], [ 125.0082652, 10.4302974 ], [ 125.0078005, 10.4300395 ], [ 125.0077119, 10.4299881 ], [ 125.0075874, 10.429926 ], [ 125.0075262, 10.4298225 ], [ 125.0074892, 10.4297111 ], [ 125.0074781, 10.4295932 ], [ 125.0074871, 10.4294758 ], [ 125.0075153, 10.4293639 ], [ 125.0076357, 10.429017 ], [ 125.0076629, 10.4288906 ], [ 125.0076669, 10.4287642 ], [ 125.007639, 10.428646 ], [ 125.007602, 10.4285202 ], [ 125.0075409, 10.4284067 ], [ 125.007445, 10.4283118 ], [ 125.0071512, 10.4281037 ], [ 125.0070721, 10.428006 ], [ 125.0070156, 10.4278952 ], [ 125.0069567, 10.4276598 ], [ 125.006949, 10.427288 ], [ 125.0069492, 10.4271698 ], [ 125.0069207, 10.4270574 ], [ 125.0068355, 10.4269387 ], [ 125.0066847, 10.4268213 ], [ 125.0062126, 10.4266307 ], [ 125.005996, 10.4265061 ], [ 125.0058901, 10.4264137 ], [ 125.0057915, 10.4263148 ], [ 125.0056614, 10.426117 ], [ 125.0056171, 10.4259943 ], [ 125.0055477, 10.4257641 ], [ 125.005575, 10.4255205 ], [ 125.0056245, 10.4252722 ], [ 125.0057506, 10.4250585 ], [ 125.0059954, 10.4247898 ], [ 125.0060577, 10.4246816 ], [ 125.0060921, 10.4245625 ], [ 125.0060978, 10.4244406 ], [ 125.0060793, 10.4243226 ], [ 125.0059911, 10.4239816 ], [ 125.0059817, 10.4238686 ], [ 125.0059925, 10.4237599 ], [ 125.0060242, 10.4236561 ], [ 125.0061382, 10.4234734 ], [ 125.0064488, 10.4231581 ], [ 125.0065541, 10.4229787 ], [ 125.0065808, 10.4228782 ], [ 125.006586, 10.4227766 ], [ 125.0065713, 10.4226764 ], [ 125.0065388, 10.422581 ], [ 125.0064882, 10.4224925 ], [ 125.0064205, 10.4224127 ], [ 125.0063411, 10.422347 ], [ 125.0061571, 10.4222392 ], [ 125.0059815, 10.422115 ], [ 125.0059077, 10.4220358 ], [ 125.0058559, 10.4219441 ], [ 125.0058332, 10.4218435 ], [ 125.0058374, 10.4217402 ], [ 125.0058663, 10.4216414 ], [ 125.0059231, 10.4215487 ], [ 125.0059631, 10.4214732 ], [ 125.0060636, 10.4214086 ], [ 125.006157, 10.4213756 ], [ 125.0062786, 10.4213608 ], [ 125.006418, 10.4214082 ], [ 125.0065383, 10.4214451 ], [ 125.0070463, 10.4218254 ], [ 125.0073291, 10.4219424 ], [ 125.0075202, 10.4220084 ], [ 125.0076489, 10.4220123 ], [ 125.0078125, 10.4219833 ], [ 125.0079098, 10.4219438 ], [ 125.008015, 10.4218903 ], [ 125.0081082, 10.421802 ], [ 125.0081485, 10.42174 ], [ 125.0081833, 10.42168 ], [ 125.0082205, 10.4215404 ] ] } },
{ "type": "Feature", "properties": { "u": 8462946296, "v": 8462946295, "key": 0, "osmid": "911434526", "highway": "unclassified", "oneway": false, "reversed": "False", "length": 90.683234645912336, "lanes": null, "name": null, "ref": null, "bridge": null, "maxspeed": null, "access": null }, "geometry": { "type": "LineString", "coordinates": [ [ 125.0015571, 10.4816972 ], [ 125.0020109, 10.4813673 ], [ 125.0022474, 10.4812497 ] ] } },
{ "type": "Feature", "properties": { "u": 8526832426, "v": 2533625392, "key": 0, "osmid": [ 165931090, 165930812, 165931094 ], "highway": "trunk", "oneway": false, "reversed": "False", "length": 245.67956214940463, "lanes": "2", "name": "Maharlika Highway", "ref": "1", "bridge": "yes", "maxspeed": null, "access": null }, "geometry": { "type": "LineString", "coordinates": [ [ 125.0309652, 10.35432 ], [ 125.030767, 10.3548121 ], [ 125.0306783, 10.3550266 ], [ 125.0301999, 10.3562143 ], [ 125.0301351, 10.356373 ] ] } },
{ "type": "Feature", "properties": { "u": 8526832426, "v": 1774379173, "key": 0, "osmid": "165930812", "highway": "trunk", "oneway": false, "reversed": "True", "length": 138.72490217854184, "lanes": "2", "name": "Maharlika Highway", "ref": "1", "bridge": null, "maxspeed": null, "access": null }, "geometry": { "type": "LineString", "coordinates": [ [ 125.0309652, 10.35432 ], [ 125.0310329, 10.3541518 ], [ 125.0311047, 10.353958 ], [ 125.0311882, 10.3537258 ], [ 125.0312399, 10.3534704 ], [ 125.0312903, 10.3531202 ] ] } },
{ "type": "Feature", "properties": { "u": 8526832426, "v": 1774379169, "key": 0, "osmid": [ 918090728, 165931445 ], "highway": "residential", "oneway": false, "reversed": [ false, true ], "length": 208.4836871206688, "lanes": null, "name": null, "ref": null, "bridge": null, "maxspeed": null, "access": null }, "geometry": { "type": "LineString", "coordinates": [ [ 125.0309652, 10.35432 ], [ 125.0306256, 10.3535494 ], [ 125.0306121, 10.3534989 ], [ 125.0304968, 10.3530691 ], [ 125.0305326, 10.3529775 ], [ 125.0305974, 10.3528349 ], [ 125.0307409, 10.3525885 ] ] } },
{ "type": "Feature", "properties": { "u": 8526851189, "v": 4028800751, "key": 0, "osmid": [ 400297969, 918092755 ], "highway": "unclassified", "oneway": false, "reversed": "True", "length": 113.00920032428246, "lanes": null, "name": null, "ref": null, "bridge": null, "maxspeed": null, "access": null }, "geometry": { "type": "LineString", "coordinates": [ [ 124.9423017, 10.3964457 ], [ 124.9424883, 10.3966605 ], [ 124.9426529, 10.3967647 ], [ 124.9427521, 10.3967425 ], [ 124.9428987, 10.3966449 ], [ 124.9430791, 10.3964453 ] ] } },
{ "type": "Feature", "properties": { "u": 8526851189, "v": 13887664675, "key": 0, "osmid": "1485167944", "highway": "unclassified", "oneway": false, "reversed": "False", "length": 109.2071455729762, "lanes": null, "name": null, "ref": null, "bridge": null, "maxspeed": null, "access": null }, "geometry": { "type": "LineString", "coordinates": [ [ 124.9423017, 10.3964457 ], [ 124.9421722, 10.396592 ], [ 124.9419884, 10.3966671 ], [ 124.941802, 10.3967555 ], [ 124.9416397, 10.3968426 ], [ 124.9415593, 10.3968716 ], [ 124.9414454, 10.3969218 ] ] } },
{ "type": "Feature", "properties": { "u": 8526851189, "v": 4466972826, "key": 0, "osmid": "1485167944", "highway": "unclassified", "oneway": false, "reversed": "True", "length": 70.696436116729302, "lanes": null, "name": null, "ref": null, "bridge": null, "maxspeed": null, "access": null }, "geometry": { "type": "LineString", "coordinates": [ [ 124.9423017, 10.3964457 ], [ 124.9424479, 10.3962894 ], [ 124.9426281, 10.3960222 ], [ 124.9426845, 10.3959357 ] ] } },
{ "type": "Feature", "properties": { "u": 8526862760, "v": 2527308666, "key": 0, "osmid": "918096622", "highway": "residential", "oneway": false, "reversed": "True", "length": 41.373804496042304, "lanes": null, "name": null, "ref": null, "bridge": null, "maxspeed": null, "access": null }, "geometry": { "type": "LineString", "coordinates": [ [ 125.0112392, 10.4068118 ], [ 125.0113356, 10.406452 ] ] } },
{ "type": "Feature", "properties": { "u": 8526862761, "v": 505376375, "key": 0, "osmid": "165931511", "highway": "trunk", "oneway": false, "reversed": "False", "length": 716.45722959200009, "lanes": "2", "name": "Maharlika Highway", "ref": "1", "bridge": null, "maxspeed": null, "access": null }, "geometry": { "type": "LineString", "coordinates": [ [ 125.0026442, 10.403783 ], [ 125.0026337, 10.4042162 ], [ 125.0027783, 10.4070531 ], [ 125.0030811, 10.408991 ], [ 125.0033366, 10.4101734 ] ] } },
{ "type": "Feature", "properties": { "u": 8526862761, "v": 505376369, "key": 0, "osmid": "165931511", "highway": "trunk", "oneway": false, "reversed": "True", "length": 207.6123284320463, "lanes": "2", "name": "Maharlika Highway", "ref": "1", "bridge": null, "maxspeed": null, "access": null }, "geometry": { "type": "LineString", "coordinates": [ [ 125.0026442, 10.403783 ], [ 125.0026581, 10.4032097 ], [ 125.0027573, 10.4025252 ], [ 125.0028844, 10.4019361 ] ] } },
{ "type": "Feature", "properties": { "u": 8526862761, "v": 8324175533, "key": 0, "osmid": [ 895513109, 918096623 ], "highway": "residential", "oneway": false, "reversed": [ false, true ], "length": 1291.0591626641303, "lanes": null, "name": null, "ref": null, "bridge": null, "maxspeed": null, "access": null }, "geometry": { "type": "LineString", "coordinates": [ [ 125.0026442, 10.403783 ], [ 125.0029834, 10.403783 ], [ 125.0031712, 10.4036353 ], [ 125.0032677, 10.4035931 ], [ 125.0035574, 10.4035983 ], [ 125.003713, 10.4036247 ], [ 125.0037881, 10.4036617 ], [ 125.0039813, 10.4037988 ], [ 125.0041154, 10.4039202 ], [ 125.0047538, 10.4047802 ], [ 125.0048235, 10.4048066 ], [ 125.0050274, 10.4048066 ], [ 125.0052634, 10.4048383 ], [ 125.0053332, 10.4048172 ], [ 125.0054083, 10.4047591 ], [ 125.0055263, 10.4046114 ], [ 125.0056175, 10.4045534 ], [ 125.0057677, 10.4045534 ], [ 125.0061272, 10.4046325 ], [ 125.0063632, 10.4046272 ], [ 125.0065135, 10.4045534 ], [ 125.0069856, 10.404184 ], [ 125.0070499, 10.4041787 ], [ 125.0071393, 10.4042215 ], [ 125.0071661, 10.4043072 ], [ 125.0071447, 10.4044114 ], [ 125.0068402, 10.4047623 ], [ 125.0067893, 10.4053506 ], [ 125.0069073, 10.4055168 ], [ 125.0073472, 10.4056249 ], [ 125.0078514, 10.4057331 ], [ 125.0079346, 10.406018 ], [ 125.0080901, 10.4060734 ], [ 125.008361, 10.4058597 ], [ 125.0084764, 10.4058544 ], [ 125.0090504, 10.4059758 ], [ 125.0095305, 10.406084 ], [ 125.0100455, 10.405923 ], [ 125.0103351, 10.4056539 ], [ 125.010547, 10.4053558 ], [ 125.010661, 10.4051144 ], [ 125.010708, 10.4050815 ], [ 125.0110272, 10.4050999 ] ] } },
{ "type": "Feature", "properties": { "u": 8526862784, "v": 505376369, "key": 0, "osmid": [ 918096624, 894795319 ], "highway": "residential", "oneway": false, "reversed": [ false, true ], "length": 766.60332729899517, "lanes": null, "name": null, "ref": null, "bridge": null, "maxspeed": null, "access": null }, "geometry": { "type": "LineString", "coordinates": [ [ 125.000816, 10.4080893 ], [ 125.0008375, 10.4076672 ], [ 125.0010413, 10.4066858 ], [ 125.0011754, 10.4056042 ], [ 125.0011647, 10.4054248 ], [ 125.001036, 10.4049657 ], [ 125.0010628, 10.40438 ], [ 125.001107, 10.4041792 ], [ 125.0011982, 10.403835 ], [ 125.0015362, 10.4031715 ], [ 125.0023569, 10.4022363 ], [ 125.0028844, 10.4019361 ] ] } },
{ "type": "Feature", "properties": { "u": 8530952597, "v": 8317379551, "key": 0, "osmid": "245676057", "highway": "tertiary", "oneway": false, "reversed": "False", "length": 15.217050204903268, "lanes": "2", "name": "Diversion Road", "ref": "692", "bridge": null, "maxspeed": null, "access": null }, "geometry": { "type": "LineString", "coordinates": [ [ 124.9927706, 10.4137658 ], [ 124.9928673, 10.4138642 ] ] } },
{ "type": "Feature", "properties": { "u": 8530952597, "v": 8530952598, "key": 0, "osmid": "918553898", "highway": "residential", "oneway": false, "reversed": "False", "length": 74.199404998937723, "lanes": null, "name": null, "ref": null, "bridge": null, "maxspeed": null, "access": null }, "geometry": { "type": "LineString", "coordinates": [ [ 124.9927706, 10.4137658 ], [ 124.9932417, 10.4132856 ] ] } },
{ "type": "Feature", "properties": { "u": 8530952597, "v": 2528285672, "key": 0, "osmid": "245676057", "highway": "tertiary", "oneway": false, "reversed": "True", "length": 99.404284318966461, "lanes": "2", "name": "Diversion Road", "ref": "692", "bridge": null, "maxspeed": null, "access": null }, "geometry": { "type": "LineString", "coordinates": [ [ 124.9927706, 10.4137658 ], [ 124.9923747, 10.413363 ], [ 124.9922246, 10.4131542 ], [ 124.9921961, 10.4130814 ] ] } },
{ "type": "Feature", "properties": { "u": 8530952598, "v": 8530952597, "key": 0, "osmid": "918553898", "highway": "residential", "oneway": false, "reversed": "True", "length": 74.199404998937723, "lanes": null, "name": null, "ref": null, "bridge": null, "maxspeed": null, "access": null }, "geometry": { "type": "LineString", "coordinates": [ [ 124.9932417, 10.4132856 ], [ 124.9927706, 10.4137658 ] ] } },
{ "type": "Feature", "properties": { "u": 8530959951, "v": 8530959952, "key": 0, "osmid": "918552816", "highway": "residential", "oneway": false, "reversed": "False", "length": 10.791210447147439, "lanes": null, "name": null, "ref": null, "bridge": null, "maxspeed": null, "access": null }, "geometry": { "type": "LineString", "coordinates": [ [ 124.9995734, 10.433796 ], [ 124.9996717, 10.4337875 ] ] } },
{ "type": "Feature", "properties": { "u": 8530959952, "v": 8530959951, "key": 0, "osmid": "918552816", "highway": "residential", "oneway": false, "reversed": "True", "length": 10.791210447147439, "lanes": null, "name": null, "ref": null, "bridge": null, "maxspeed": null, "access": null }, "geometry": { "type": "LineString", "coordinates": [ [ 124.9996717, 10.4337875 ], [ 124.9995734, 10.433796 ] ] } },
{ "type": "Feature", "properties": { "u": 8530959952, "v": 12953419545, "key": 0, "osmid": "1409672009", "highway": "residential", "oneway": false, "reversed": "False", "length": 22.335683360828266, "lanes": null, "name": null, "ref": null, "bridge": null, "maxspeed": null, "access": null }, "geometry": { "type": "LineString", "coordinates": [ [ 124.9996717, 10.4337875 ], [ 124.9996995, 10.4339865 ] ] } },
{ "type": "Feature", "properties": { "u": 8530959952, "v": 8530959953, "key": 0, "osmid": "918552816", "highway": "residential", "oneway": false, "reversed": "False", "length": 26.297865030312149, "lanes": null, "name": null, "ref": null, "bridge": null, "maxspeed": null, "access": null }, "geometry": { "type": "LineString", "coordinates": [ [ 124.9996717, 10.4337875 ], [ 124.9998048, 10.4337576 ], [ 124.9998998, 10.4337161 ] ] } },
{ "type": "Feature", "properties": { "u": 8530959953, "v": 2527009889, "key": 0, "osmid": "245374355", "highway": "residential", "oneway": false, "reversed": "True", "length": 36.542141880911991, "lanes": null, "name": "Magatas Barangay Road", "ref": null, "bridge": null, "maxspeed": null, "access": null }, "geometry": { "type": "LineString", "coordinates": [ [ 124.9998998, 10.4337161 ], [ 124.9999657, 10.4338207 ], [ 125.0000282, 10.4339109 ], [ 125.0000941, 10.4339823 ] ] } },
{ "type": "Feature", "properties": { "u": 8530959953, "v": 8530959952, "key": 0, "osmid": "918552816", "highway": "residential", "oneway": false, "reversed": "True", "length": 26.297865030312149, "lanes": null, "name": null, "ref": null, "bridge": null, "maxspeed": null, "access": null }, "geometry": { "type": "LineString", "coordinates": [ [ 124.9998998, 10.4337161 ], [ 124.9998048, 10.4337576 ], [ 124.9996717, 10.4337875 ] ] } },
{ "type": "Feature", "properties": { "u": 8530959953, "v": 2527009939, "key": 0, "osmid": "1409672008", "highway": "tertiary", "oneway": false, "reversed": "False", "length": 79.373428373780797, "lanes": null, "name": "Magatas Barangay Road", "ref": null, "bridge": null, "maxspeed": null, "access": null }, "geometry": { "type": "LineString", "coordinates": [ [ 124.9998998, 10.4337161 ], [ 124.9998216, 10.4335886 ], [ 124.9995317, 10.4331009 ] ] } },
{ "type": "Feature", "properties": { "u": 9049584986, "v": 504406794, "key": 0, "osmid": "245414498", "highway": "unclassified", "oneway": false, "reversed": "False", "length": 1091.3726618608107, "lanes": null, "name": null, "ref": null, "bridge": null, "maxspeed": null, "access": null }, "geometry": { "type": "LineString", "coordinates": [ [ 124.972981, 10.5160778 ], [ 124.9727445, 10.5168269 ], [ 124.972352, 10.5172424 ], [ 124.9721269, 10.5175707 ], [ 124.9720476, 10.5177008 ], [ 124.971988, 10.5179643 ], [ 124.9721079, 10.5182951 ], [ 124.972113, 10.5186278 ], [ 124.9720028, 10.5189604 ], [ 124.9719631, 10.5192128 ], [ 124.9720442, 10.5195123 ], [ 124.9722152, 10.5198448 ], [ 124.9722394, 10.5201074 ], [ 124.9721164, 10.5203908 ], [ 124.971859, 10.5210441 ], [ 124.9716449, 10.5214502 ], [ 124.9715845, 10.5218213 ], [ 124.9715977, 10.5221303 ], [ 124.9714919, 10.5226213 ], [ 124.9711776, 10.5230929 ], [ 124.9709924, 10.523314 ], [ 124.9705458, 10.5235872 ], [ 124.9704832, 10.5238526 ], [ 124.9704945, 10.5242009 ], [ 124.9704807, 10.5244495 ], [ 124.9704621, 10.524621 ], [ 124.9704332, 10.5249676 ] ] } },
{ "type": "Feature", "properties": { "u": 9049584986, "v": 2526222896, "key": 0, "osmid": [ 245414498, 902875618 ], "highway": [ "unclassified", "residential" ], "oneway": false, "reversed": "True", "length": 210.39051030126041, "lanes": null, "name": null, "ref": null, "bridge": null, "maxspeed": null, "access": null }, "geometry": { "type": "LineString", "coordinates": [ [ 124.972981, 10.5160778 ], [ 124.973013, 10.5159763 ], [ 124.9731497, 10.5156137 ], [ 124.973321, 10.5153003 ], [ 124.9733359, 10.5152288 ], [ 124.9733161, 10.5150727 ], [ 124.9732003, 10.5149166 ], [ 124.9728265, 10.5144175 ] ] } },
{ "type": "Feature", "properties": { "u": 9049584986, "v": 2532525038, "key": 0, "osmid": "978016684", "highway": "unclassified", "oneway": false, "reversed": "True", "length": 162.5124844558766, "lanes": null, "name": null, "ref": null, "bridge": null, "maxspeed": null, "access": null }, "geometry": { "type": "LineString", "coordinates": [ [ 124.972981, 10.5160778 ], [ 124.9727656, 10.5156716 ], [ 124.9722699, 10.5147945 ] ] } },
{ "type": "Feature", "properties": { "u": 9049584987, "v": 2532525013, "key": 0, "osmid": "978016686", "highway": "residential", "oneway": false, "reversed": "True", "length": 34.248340636855765, "lanes": null, "name": null, "ref": null, "bridge": null, "maxspeed": null, "access": null }, "geometry": { "type": "LineString", "coordinates": [ [ 124.9718534, 10.5136154 ], [ 124.9719071, 10.5137315 ], [ 124.9719554, 10.5139056 ] ] } },
{ "type": "Feature", "properties": { "u": 10159017280, "v": 2528329404, "key": 0, "osmid": "245680821", "highway": "residential", "oneway": false, "reversed": "True", "length": 12.717666774996209, "lanes": null, "name": null, "ref": null, "bridge": null, "maxspeed": null, "access": null }, "geometry": { "type": "LineString", "coordinates": [ [ 124.9833292, 10.3835219 ], [ 124.9832133, 10.3835311 ] ] } },
{ "type": "Feature", "properties": { "u": 10159017280, "v": 1404221054, "key": 0, "osmid": "245680821", "highway": "residential", "oneway": false, "reversed": "False", "length": 86.705950161260944, "lanes": null, "name": null, "ref": null, "bridge": null, "maxspeed": null, "access": null }, "geometry": { "type": "LineString", "coordinates": [ [ 124.9833292, 10.3835219 ], [ 124.9834178, 10.3835148 ], [ 124.9834907, 10.3835271 ], [ 124.9835999, 10.3835794 ], [ 124.9836973, 10.383665 ], [ 124.9837958, 10.3837473 ], [ 124.983944, 10.3839436 ] ] } },
{ "type": "Feature", "properties": { "u": 10159017280, "v": 10159017284, "key": 0, "osmid": "1110479626", "highway": "residential", "oneway": false, "reversed": "False", "length": 48.083140178171931, "lanes": null, "name": null, "ref": null, "bridge": null, "maxspeed": null, "access": null }, "geometry": { "type": "LineString", "coordinates": [ [ 124.9833292, 10.3835219 ], [ 124.9833099, 10.3834354 ], [ 124.9833029, 10.3833506 ], [ 124.9833751, 10.3832382 ], [ 124.9834814, 10.3831682 ] ] } },
{ "type": "Feature", "properties": { "u": 10159017284, "v": 10159017280, "key": 0, "osmid": "1110479626", "highway": "residential", "oneway": false, "reversed": "True", "length": 48.083140178171931, "lanes": null, "name": null, "ref": null, "bridge": null, "maxspeed": null, "access": null }, "geometry": { "type": "LineString", "coordinates": [ [ 124.9834814, 10.3831682 ], [ 124.9833751, 10.3832382 ], [ 124.9833029, 10.3833506 ], [ 124.9833099, 10.3834354 ], [ 124.9833292, 10.3835219 ] ] } },
{ "type": "Feature", "properties": { "u": 10181758495, "v": 1641042171, "key": 0, "osmid": "273390274", "highway": "primary", "oneway": false, "reversed": "True", "length": 59.966476384616165, "lanes": "2", "name": "Osmeña Street", "ref": "692", "bridge": null, "maxspeed": null, "access": null }, "geometry": { "type": "LineString", "coordinates": [ [ 124.9789012, 10.3835377 ], [ 124.978402, 10.3833147 ] ] } },
{ "type": "Feature", "properties": { "u": 10181758495, "v": 1641042310, "key": 0, "osmid": "273390274", "highway": "primary", "oneway": false, "reversed": "False", "length": 35.812305239684335, "lanes": "2", "name": "Osmeña Street", "ref": "692", "bridge": null, "maxspeed": null, "access": null }, "geometry": { "type": "LineString", "coordinates": [ [ 124.9789012, 10.3835377 ], [ 124.9791358, 10.3836425 ], [ 124.9792002, 10.3836689 ] ] } },
{ "type": "Feature", "properties": { "u": 10181758495, "v": 10181758498, "key": 0, "osmid": "1112820136", "highway": "residential", "oneway": false, "reversed": "False", "length": 46.82189866703186, "lanes": null, "name": null, "ref": null, "bridge": null, "maxspeed": null, "access": null }, "geometry": { "type": "LineString", "coordinates": [ [ 124.9789012, 10.3835377 ], [ 124.978947, 10.3833415 ], [ 124.978954, 10.3832427 ], [ 124.9788945, 10.3831371 ] ] } },
{ "type": "Feature", "properties": { "u": 10181758498, "v": 10181758495, "key": 0, "osmid": "1112820136", "highway": "residential", "oneway": false, "reversed": "True", "length": 46.82189866703186, "lanes": null, "name": null, "ref": null, "bridge": null, "maxspeed": null, "access": null }, "geometry": { "type": "LineString", "coordinates": [ [ 124.9788945, 10.3831371 ], [ 124.978954, 10.3832427 ], [ 124.978947, 10.3833415 ], [ 124.9789012, 10.3835377 ] ] } },
{ "type": "Feature", "properties": { "u": 10181758507, "v": 1641042156, "key": 0, "osmid": "273390274", "highway": "primary", "oneway": false, "reversed": "False", "length": 61.597277551512207, "lanes": "2", "name": "Osmeña Street", "ref": "692", "bridge": null, "maxspeed": null, "access": null }, "geometry": { "type": "LineString", "coordinates": [ [ 124.9758776, 10.3818732 ], [ 124.9759641, 10.3819303 ], [ 124.9762103, 10.3821128 ], [ 124.9763271, 10.3822065 ] ] } },
{ "type": "Feature", "properties": { "u": 10181758507, "v": 2528329288, "key": 0, "osmid": [ 245680817, 273390274, 245680819, 245680807 ], "highway": "primary", "oneway": false, "reversed": "True", "length": 299.60162651211334, "lanes": "2", "name": [ "Maasin – Macrohon – Sogod Road", "Osmeña Street" ], "ref": "692", "bridge": "cantilever", "maxspeed": null, "access": null }, "geometry": { "type": "LineString", "coordinates": [ [ 124.9758776, 10.3818732 ], [ 124.9756885, 10.381736 ], [ 124.9755229, 10.3815985 ], [ 124.9750656, 10.3812762 ], [ 124.974683, 10.3810364 ], [ 124.9744503, 10.3809225 ], [ 124.9742961, 10.3808805 ], [ 124.9740138, 10.3808564 ], [ 124.9738103, 10.3808345 ], [ 124.9735064, 10.3807931 ], [ 124.9734503, 10.3807866 ] ] } },
{ "type": "Feature", "properties": { "u": 10181758507, "v": 10181758510, "key": 0, "osmid": "1112820139", "highway": "residential", "oneway": false, "reversed": "False", "length": 108.7792750503656, "lanes": null, "name": null, "ref": null, "bridge": null, "maxspeed": null, "access": null }, "geometry": { "type": "LineString", "coordinates": [ [ 124.9758776, 10.3818732 ], [ 124.9762048, 10.3813672 ], [ 124.976219, 10.3812353 ], [ 124.9763308, 10.3810153 ] ] } },
{ "type": "Feature", "properties": { "u": 10181758510, "v": 10181758507, "key": 0, "osmid": "1112820139", "highway": "residential", "oneway": false, "reversed": "True", "length": 108.7792750503656, "lanes": null, "name": null, "ref": null, "bridge": null, "maxspeed": null, "access": null }, "geometry": { "type": "LineString", "coordinates": [ [ 124.9763308, 10.3810153 ], [ 124.976219, 10.3812353 ], [ 124.9762048, 10.3813672 ], [ 124.9758776, 10.3818732 ] ] } },
{ "type": "Feature", "properties": { "u": 10181794343, "v": 2522454751, "key": 0, "osmid": "1112821260", "highway": "unclassified", "oneway": false, "reversed": "True", "length": 118.91240438672068, "lanes": null, "name": null, "ref": null, "bridge": null, "maxspeed": null, "access": null }, "geometry": { "type": "LineString", "coordinates": [ [ 124.966638, 10.3797795 ], [ 124.9666259, 10.3799829 ], [ 124.966534, 10.3801973 ], [ 124.9664764, 10.380572 ], [ 124.9664891, 10.38069 ], [ 124.9665583, 10.380807 ] ] } },
{ "type": "Feature", "properties": { "u": 10559549851, "v": 2528329421, "key": 0, "osmid": "1201220750", "highway": "unclassified", "oneway": false, "reversed": "False", "length": 93.887571861660959, "lanes": null, "name": null, "ref": null, "bridge": null, "maxspeed": null, "access": null }, "geometry": { "type": "LineString", "coordinates": [ [ 124.9875129, 10.3843235 ], [ 124.9880767, 10.3840858 ], [ 124.9881917, 10.3840442 ], [ 124.9883066, 10.3840025 ] ] } },
{ "type": "Feature", "properties": { "u": 10598594715, "v": 1640904060, "key": 0, "osmid": "1136945889", "highway": "residential", "oneway": false, "reversed": "True", "length": 31.435856694903979, "lanes": null, "name": "Barangay Road", "ref": null, "bridge": null, "maxspeed": null, "access": null }, "geometry": { "type": "LineString", "coordinates": [ [ 124.9698496, 10.3594099 ], [ 124.9695756, 10.3594952 ] ] } },
{ "type": "Feature", "properties": { "u": 10613173780, "v": 1641041991, "key": 0, "osmid": "1138545607", "highway": "residential", "oneway": false, "reversed": "False", "length": 131.46727348118961, "lanes": null, "name": null, "ref": null, "bridge": null, "maxspeed": null, "access": null }, "geometry": { "type": "LineString", "coordinates": [ [ 124.9789539, 10.3861184 ], [ 124.9801541, 10.3861832 ] ] } },
{ "type": "Feature", "properties": { "u": 10613173780, "v": 1404221063, "key": 0, "osmid": "1138545608", "highway": "unclassified", "oneway": false, "reversed": "False", "length": 126.20927301380399, "lanes": null, "name": null, "ref": null, "bridge": null, "maxspeed": null, "access": null }, "geometry": { "type": "LineString", "coordinates": [ [ 124.9789539, 10.3861184 ], [ 124.9790381, 10.3849864 ] ] } },
{ "type": "Feature", "properties": { "u": 10613173780, "v": 1641042267, "key": 0, "osmid": "1138545608", "highway": "unclassified", "oneway": false, "reversed": "True", "length": 12.614744269107067, "lanes": null, "name": null, "ref": null, "bridge": null, "maxspeed": null, "access": null }, "geometry": { "type": "LineString", "coordinates": [ [ 124.9789539, 10.3861184 ], [ 124.9789416, 10.3862312 ] ] } },
{ "type": "Feature", "properties": { "u": 10972444778, "v": 2528285672, "key": 0, "osmid": "245676057", "highway": "tertiary", "oneway": false, "reversed": "False", "length": 10.287412904108507, "lanes": "2", "name": "Diversion Road", "ref": "692", "bridge": null, "maxspeed": null, "access": null }, "geometry": { "type": "LineString", "coordinates": [ [ 124.9921622, 10.4129951 ], [ 124.9921961, 10.4130814 ] ] } },
{ "type": "Feature", "properties": { "u": 10972444778, "v": 11954885501, "key": 0, "osmid": "245676057", "highway": "tertiary", "oneway": false, "reversed": "True", "length": 179.35979659772443, "lanes": "2", "name": "Diversion Road", "ref": "692", "bridge": null, "maxspeed": null, "access": null }, "geometry": { "type": "LineString", "coordinates": [ [ 124.9921622, 10.4129951 ], [ 124.9921334, 10.4129215 ], [ 124.9920607, 10.4125463 ], [ 124.9919793, 10.4122972 ], [ 124.9915674, 10.4115242 ], [ 124.991559, 10.4115084 ] ] } },
{ "type": "Feature", "properties": { "u": 10972444778, "v": 10972444779, "key": 0, "osmid": "1181530431", "highway": "unclassified", "oneway": false, "reversed": "False", "length": 31.53068671760397, "lanes": null, "name": "Barangay Road", "ref": null, "bridge": null, "maxspeed": null, "access": null }, "geometry": { "type": "LineString", "coordinates": [ [ 124.9921622, 10.4129951 ], [ 124.9922364, 10.4129781 ], [ 124.992443, 10.4129308 ] ] } },
{ "type": "Feature", "properties": { "u": 10972444779, "v": 10972444778, "key": 0, "osmid": "1181530431", "highway": "unclassified", "oneway": false, "reversed": "True", "length": 31.53068671760397, "lanes": null, "name": "Barangay Road", "ref": null, "bridge": null, "maxspeed": null, "access": null }, "geometry": { "type": "LineString", "coordinates": [ [ 124.992443, 10.4129308 ], [ 124.9922364, 10.4129781 ], [ 124.9921622, 10.4129951 ] ] } },
{ "type": "Feature", "properties": { "u": 10972459789, "v": 2527045950, "key": 0, "osmid": [ 84969754, 84969750, 165931511 ], "highway": "trunk", "oneway": false, "reversed": "False", "length": 527.72429538970778, "lanes": "2", "name": "Maharlika Highway", "ref": "1", "bridge": "yes", "maxspeed": null, "access": null }, "geometry": { "type": "LineString", "coordinates": [ [ 125.0074505, 10.4171376 ], [ 125.0080392, 10.4175581 ], [ 125.0082041, 10.4176979 ], [ 125.008302, 10.4178298 ], [ 125.008394, 10.4180215 ], [ 125.008451, 10.4182545 ], [ 125.0084113, 10.4186433 ], [ 125.0082867, 10.4205853 ], [ 125.008284, 10.4206206 ], [ 125.0082304, 10.4214482 ] ] } },
{ "type": "Feature", "properties": { "u": 10972459789, "v": 8457292214, "key": 0, "osmid": "165931511", "highway": "trunk", "oneway": false, "reversed": "True", "length": 517.62631468592485, "lanes": "2", "name": "Maharlika Highway", "ref": "1", "bridge": null, "maxspeed": null, "access": null }, "geometry": { "type": "LineString", "coordinates": [ [ 125.0074505, 10.4171376 ], [ 125.0064762, 10.4165197 ], [ 125.005384, 10.415784 ], [ 125.005235, 10.4156379 ], [ 125.0050893, 10.4154595 ], [ 125.0049572, 10.4152207 ], [ 125.004551, 10.4141384 ], [ 125.0044367, 10.4138052 ] ] } },
{ "type": "Feature", "properties": { "u": 10972459789, "v": 10972459804, "key": 0, "osmid": [ 1181530427, 1181530428 ], "highway": [ "unclassified", "residential" ], "oneway": false, "reversed": "False", "length": 732.03325569628635, "lanes": null, "name": null, "ref": null, "bridge": null, "maxspeed": null, "access": null }, "geometry": { "type": "LineString", "coordinates": [ [ 125.0074505, 10.4171376 ], [ 125.0073474, 10.4174299 ], [ 125.0073527, 10.4183558 ], [ 125.0072213, 10.4183189 ], [ 125.0071194, 10.4182292 ], [ 125.0070336, 10.4182081 ], [ 125.0067814, 10.4182133 ], [ 125.0063201, 10.4180076 ], [ 125.0057944, 10.4178599 ], [ 125.0052472, 10.4176963 ], [ 125.004861, 10.4175011 ], [ 125.004464, 10.4173586 ], [ 125.0038739, 10.4171951 ], [ 125.0034823, 10.4171793 ], [ 125.002919, 10.4171581 ], [ 125.0021466, 10.4171318 ] ] } },
{ "type": "Feature", "properties": { "u": 10972459804, "v": 10972459789, "key": 0, "osmid": [ 1181530427, 1181530428 ], "highway": [ "unclassified", "residential" ], "oneway": false, "reversed": "True", "length": 732.03325569628623, "lanes": null, "name": null, "ref": null, "bridge": null, "maxspeed": null, "access": null }, "geometry": { "type": "LineString", "coordinates": [ [ 125.0021466, 10.4171318 ], [ 125.002919, 10.4171581 ], [ 125.0034823, 10.4171793 ], [ 125.0038739, 10.4171951 ], [ 125.004464, 10.4173586 ], [ 125.004861, 10.4175011 ], [ 125.0052472, 10.4176963 ], [ 125.0057944, 10.4178599 ], [ 125.0063201, 10.4180076 ], [ 125.0067814, 10.4182133 ], [ 125.0070336, 10.4182081 ], [ 125.0071194, 10.4182292 ], [ 125.0072213, 10.4183189 ], [ 125.0073527, 10.4183558 ], [ 125.0073474, 10.4174299 ], [ 125.0074505, 10.4171376 ] ] } },
{ "type": "Feature", "properties": { "u": 11006958739, "v": 2528253841, "key": 0, "osmid": "245672641", "highway": "residential", "oneway": false, "reversed": "False", "length": 470.52265593889751, "lanes": null, "name": null, "ref": null, "bridge": null, "maxspeed": null, "access": null }, "geometry": { "type": "LineString", "coordinates": [ [ 124.9850751, 10.392516 ], [ 124.9850816, 10.3925779 ], [ 124.9850875, 10.3926333 ], [ 124.9851251, 10.3927217 ], [ 124.9851894, 10.392793 ], [ 124.985286, 10.3928035 ], [ 124.9862784, 10.392479 ], [ 124.9866888, 10.3924711 ], [ 124.9868202, 10.3925265 ], [ 124.9881533, 10.3927376 ], [ 124.9889338, 10.3929038 ], [ 124.9890076, 10.3930238 ] ] } },
{ "type": "Feature", "properties": { "u": 11006958739, "v": 2528253771, "key": 0, "osmid": "245672641", "highway": "residential", "oneway": false, "reversed": "True", "length": 86.191438790478088, "lanes": null, "name": null, "ref": null, "bridge": null, "maxspeed": null, "access": null }, "geometry": { "type": "LineString", "coordinates": [ [ 124.9850751, 10.392516 ], [ 124.9850707, 10.3923635 ], [ 124.9850372, 10.3920589 ], [ 124.9850111, 10.3918742 ], [ 124.9849266, 10.3917746 ] ] } },
{ "type": "Feature", "properties": { "u": 11006958739, "v": 2528253835, "key": 0, "osmid": [ 1184935958, 245672647 ], "highway": "residential", "oneway": false, "reversed": [ false, true ], "length": 105.18749862876516, "lanes": null, "name": null, "ref": null, "bridge": null, "maxspeed": null, "access": null }, "geometry": { "type": "LineString", "coordinates": [ [ 124.9850751, 10.392516 ], [ 124.9849708, 10.3925159 ], [ 124.9846376, 10.3925652 ], [ 124.9845158, 10.3925877 ], [ 124.9844621, 10.3926014 ], [ 124.9842723, 10.3926742 ], [ 124.9841405, 10.3927123 ] ] } },
{ "type": "Feature", "properties": { "u": 11137495444, "v": 12049727182, "key": 0, "osmid": "1201222323", "highway": "unclassified", "oneway": false, "reversed": "True", "length": 393.37433440718718, "lanes": null, "name": null, "ref": null, "bridge": null, "maxspeed": null, "access": null }, "geometry": { "type": "LineString", "coordinates": [ [ 124.9951543, 10.4051016 ], [ 124.995104, 10.404884 ], [ 124.9950854, 10.4047985 ], [ 124.9950663, 10.4047083 ], [ 124.9949843, 10.4042556 ], [ 124.9949521, 10.4040723 ], [ 124.9948561, 10.4039748 ], [ 124.9947227, 10.4038332 ], [ 124.9947106, 10.4036638 ], [ 124.9947038, 10.4034447 ], [ 124.994681, 10.4030246 ], [ 124.9943869, 10.4017053 ] ] } },
{ "type": "Feature", "properties": { "u": 11137495494, "v": 504809561, "key": 0, "osmid": [ 399624921, 245524835, 245520863 ], "highway": "tertiary", "oneway": false, "reversed": "False", "length": 696.82193517828739, "lanes": "2", "name": "Diversion Road", "ref": "692", "bridge": "yes", "maxspeed": null, "access": null }, "geometry": { "type": "LineString", "coordinates": [ [ 125.002239, 10.4216915 ], [ 125.002323, 10.4216995 ], [ 125.0024089, 10.4216942 ], [ 125.0025478, 10.4216846 ], [ 125.0028801, 10.4216269 ], [ 125.0034764, 10.4215268 ], [ 125.0039202, 10.4214457 ], [ 125.0041207, 10.4213755 ], [ 125.0043839, 10.4212309 ], [ 125.0049721, 10.4208833 ], [ 125.0051866, 10.4207633 ], [ 125.005428, 10.4206604 ], [ 125.0056708, 10.4206393 ], [ 125.0059276, 10.4207024 ], [ 125.0062314, 10.420791 ], [ 125.0066438, 10.4209558 ], [ 125.0071346, 10.4211774 ], [ 125.0076006, 10.4213502 ], [ 125.0078989, 10.4214441 ], [ 125.0082205, 10.4215404 ] ] } },
{ "type": "Feature", "properties": { "u": 11137495494, "v": 2525825471, "key": 0, "osmid": "399624921", "highway": "tertiary", "oneway": false, "reversed": "True", "length": 670.35661803176436, "lanes": "2", "name": "Diversion Road", "ref": "692", "bridge": null, "maxspeed": null, "access": null }, "geometry": { "type": "LineString", "coordinates": [ [ 125.002239, 10.4216915 ], [ 125.0021416, 10.4216823 ], [ 125.0020066, 10.4216508 ], [ 125.0015948, 10.4214955 ], [ 124.996544, 10.4194763 ] ] } },
{ "type": "Feature", "properties": { "u": 11137495494, "v": 11137495498, "key": 0, "osmid": "1201222336", "highway": "unclassified", "oneway": false, "reversed": "False", "length": 51.815586534426821, "lanes": null, "name": null, "ref": null, "bridge": null, "maxspeed": null, "access": null }, "geometry": { "type": "LineString", "coordinates": [ [ 125.002239, 10.4216915 ], [ 125.0022872, 10.421808 ], [ 125.0023474, 10.4219995 ], [ 125.0023704, 10.4221143 ], [ 125.0023721, 10.422137 ] ] } },
{ "type": "Feature", "properties": { "u": 11137495498, "v": 11137495494, "key": 0, "osmid": "1201222336", "highway": "unclassified", "oneway": false, "reversed": "True", "length": 51.815586534426828, "lanes": null, "name": null, "ref": null, "bridge": null, "maxspeed": null, "access": null }, "geometry": { "type": "LineString", "coordinates": [ [ 125.0023721, 10.422137 ], [ 125.0023704, 10.4221143 ], [ 125.0023474, 10.4219995 ], [ 125.0022872, 10.421808 ], [ 125.002239, 10.4216915 ] ] } },
{ "type": "Feature", "properties": { "u": 11262023784, "v": 504406063, "key": 0, "osmid": "1215516139", "highway": "unclassified", "oneway": false, "reversed": "True", "length": 110.63463193901889, "lanes": null, "name": null, "ref": null, "bridge": null, "maxspeed": "30", "access": null }, "geometry": { "type": "LineString", "coordinates": [ [ 124.9720117, 10.3502068 ], [ 124.971883, 10.3502068 ], [ 124.9716872, 10.3501171 ], [ 124.9716328, 10.3501105 ], [ 124.9714056, 10.3500828 ], [ 124.9712285, 10.3501171 ], [ 124.9710263, 10.3501275 ] ] } },
{ "type": "Feature", "properties": { "u": 11442623068, "v": 504809001, "key": 0, "osmid": "1233216972", "highway": "unclassified", "oneway": false, "reversed": "True", "length": 29.682073315128175, "lanes": null, "name": null, "ref": null, "bridge": null, "maxspeed": "30", "access": null }, "geometry": { "type": "LineString", "coordinates": [ [ 124.9712777, 10.3789218 ], [ 124.9710876, 10.3791123 ] ] } },
{ "type": "Feature", "properties": { "u": 11442656377, "v": 2528329218, "key": 0, "osmid": "1233216975", "highway": "unclassified", "oneway": false, "reversed": "True", "length": 10.292175902315165, "lanes": null, "name": null, "ref": null, "bridge": null, "maxspeed": null, "access": null }, "geometry": { "type": "LineString", "coordinates": [ [ 124.9706722, 10.3788859 ], [ 124.9707214, 10.378807 ] ] } },
{ "type": "Feature", "properties": { "u": 11442656380, "v": 2528329288, "key": 0, "osmid": [ 245680800, 245680819, 245680806 ], "highway": "primary", "oneway": false, "reversed": "False", "length": 141.80271725832037, "lanes": "2", "name": "Maasin – Macrohon – Sogod Road", "ref": "692", "bridge": "cantilever", "maxspeed": null, "access": null }, "geometry": { "type": "LineString", "coordinates": [ [ 124.9721608, 10.380661 ], [ 124.9722292, 10.3806665 ], [ 124.9723725, 10.3806811 ], [ 124.9725957, 10.3806878 ], [ 124.9731382, 10.3807505 ], [ 124.9734503, 10.3807866 ] ] } },
{ "type": "Feature", "properties": { "u": 11442656380, "v": 2522454643, "key": 0, "osmid": "245680800", "highway": "primary", "oneway": false, "reversed": "True", "length": 145.77819786435657, "lanes": "2", "name": "Maasin – Macrohon – Sogod Road", "ref": "692", "bridge": null, "maxspeed": null, "access": null }, "geometry": { "type": "LineString", "coordinates": [ [ 124.9721608, 10.380661 ], [ 124.9720342, 10.3806507 ], [ 124.9717459, 10.3806171 ], [ 124.9715919, 10.3805684 ], [ 124.9715302, 10.3805335 ], [ 124.9714499, 10.3804481 ], [ 124.9713692, 10.3802832 ], [ 124.9713072, 10.3799162 ] ] } },
{ "type": "Feature", "properties": { "u": 11442656380, "v": 2528329228, "key": 0, "osmid": [ 1233216976, 245680803 ], "highway": [ "unclassified", "residential" ], "oneway": false, "reversed": [ false, true ], "length": 236.19469697152721, "lanes": null, "name": null, "ref": null, "bridge": null, "maxspeed": null, "access": null }, "geometry": { "type": "LineString", "coordinates": [ [ 124.9721608, 10.380661 ], [ 124.9722379, 10.3805235 ], [ 124.9722564, 10.3800871 ], [ 124.9723149, 10.379778 ], [ 124.9723519, 10.3796537 ], [ 124.9724474, 10.3794083 ], [ 124.9721751, 10.3792942 ], [ 124.971655, 10.3791464 ] ] } },
{ "type": "Feature", "properties": { "u": 11954885501, "v": 10972444778, "key": 0, "osmid": "245676057", "highway": "tertiary", "oneway": false, "reversed": "False", "length": 179.35979659772443, "lanes": "2", "name": "Diversion Road", "ref": "692", "bridge": null, "maxspeed": null, "access": null }, "geometry": { "type": "LineString", "coordinates": [ [ 124.991559, 10.4115084 ], [ 124.9915674, 10.4115242 ], [ 124.9919793, 10.4122972 ], [ 124.9920607, 10.4125463 ], [ 124.9921334, 10.4129215 ], [ 124.9921622, 10.4129951 ] ] } },
{ "type": "Feature", "properties": { "u": 11954885501, "v": 11989592678, "key": 0, "osmid": [ 245676057, 245672651, 245676049 ], "highway": "tertiary", "oneway": false, "reversed": "True", "length": 208.85864602811463, "lanes": "2", "name": "Diversion Road", "ref": "692", "bridge": "yes", "maxspeed": null, "access": null }, "geometry": { "type": "LineString", "coordinates": [ [ 124.991559, 10.4115084 ], [ 124.9914948, 10.4113879 ], [ 124.9913307, 10.4111314 ], [ 124.9911314, 10.4107391 ], [ 124.9908098, 10.4098759 ], [ 124.99077, 10.4098046 ] ] } },
{ "type": "Feature", "properties": { "u": 11954885501, "v": 11954885508, "key": 0, "osmid": "1289243536", "highway": "residential", "oneway": false, "reversed": "False", "length": 132.42636814009467, "lanes": null, "name": null, "ref": null, "bridge": null, "maxspeed": null, "access": null }, "geometry": { "type": "LineString", "coordinates": [ [ 124.991559, 10.4115084 ], [ 124.9910268, 10.4117293 ], [ 124.9909153, 10.4117485 ], [ 124.9908835, 10.4117955 ], [ 124.9908357, 10.4118373 ], [ 124.990726, 10.4118599 ], [ 124.990618, 10.4119069 ], [ 124.9905193, 10.4120412 ] ] } },
{ "type": "Feature", "properties": { "u": 11954885508, "v": 11954885516, "key": 0, "osmid": "1289243536", "highway": "residential", "oneway": false, "reversed": "False", "length": 115.14660012582112, "lanes": null, "name": null, "ref": null, "bridge": null, "maxspeed": null, "access": null }, "geometry": { "type": "LineString", "coordinates": [ [ 124.9905193, 10.4120412 ], [ 124.9906361, 10.4128381 ], [ 124.9904077, 10.4128893 ] ] } },
{ "type": "Feature", "properties": { "u": 11954885508, "v": 11954885501, "key": 0, "osmid": "1289243536", "highway": "residential", "oneway": false, "reversed": "True", "length": 132.4263681400947, "lanes": null, "name": null, "ref": null, "bridge": null, "maxspeed": null, "access": null }, "geometry": { "type": "LineString", "coordinates": [ [ 124.9905193, 10.4120412 ], [ 124.990618, 10.4119069 ], [ 124.990726, 10.4118599 ], [ 124.9908357, 10.4118373 ], [ 124.9908835, 10.4117955 ], [ 124.9909153, 10.4117485 ], [ 124.9910268, 10.4117293 ], [ 124.991559, 10.4115084 ] ] } },
{ "type": "Feature", "properties": { "u": 11954885508, "v": 11954885517, "key": 0, "osmid": "1289243537", "highway": "residential", "oneway": false, "reversed": "False", "length": 97.94300692466831, "lanes": null, "name": null, "ref": null, "bridge": null, "maxspeed": null, "access": null }, "geometry": { "type": "LineString", "coordinates": [ [ 124.9905193, 10.4120412 ], [ 124.9902905, 10.4122938 ], [ 124.9901224, 10.4124569 ], [ 124.9902941, 10.4127172 ] ] } },
{ "type": "Feature", "properties": { "u": 11954885516, "v": 11954885518, "key": 0, "osmid": "1289243536", "highway": "residential", "oneway": false, "reversed": "False", "length": 29.366017359395368, "lanes": null, "name": null, "ref": null, "bridge": null, "maxspeed": null, "access": null }, "geometry": { "type": "LineString", "coordinates": [ [ 124.9904077, 10.4128893 ], [ 124.9901459, 10.412948 ] ] } },
{ "type": "Feature", "properties": { "u": 11954885516, "v": 11954885517, "key": 0, "osmid": "1289243537", "highway": "residential", "oneway": false, "reversed": "True", "length": 22.815813926322342, "lanes": null, "name": null, "ref": null, "bridge": null, "maxspeed": null, "access": null }, "geometry": { "type": "LineString", "coordinates": [ [ 124.9904077, 10.4128893 ], [ 124.9902941, 10.4127172 ] ] } },
{ "type": "Feature", "properties": { "u": 11954885516, "v": 11954885508, "key": 0, "osmid": "1289243536", "highway": "residential", "oneway": false, "reversed": "True", "length": 115.14660012582112, "lanes": null, "name": null, "ref": null, "bridge": null, "maxspeed": null, "access": null }, "geometry": { "type": "LineString", "coordinates": [ [ 124.9904077, 10.4128893 ], [ 124.9906361, 10.4128381 ], [ 124.9905193, 10.4120412 ] ] } },
{ "type": "Feature", "properties": { "u": 11954885517, "v": 11954885516, "key": 0, "osmid": "1289243537", "highway": "residential", "oneway": false, "reversed": "False", "length": 22.815813926322342, "lanes": null, "name": null, "ref": null, "bridge": null, "maxspeed": null, "access": null }, "geometry": { "type": "LineString", "coordinates": [ [ 124.9902941, 10.4127172 ], [ 124.9904077, 10.4128893 ] ] } },
{ "type": "Feature", "properties": { "u": 11954885517, "v": 11954885518, "key": 0, "osmid": "1289243538", "highway": "residential", "oneway": false, "reversed": "False", "length": 30.353286907830338, "lanes": null, "name": null, "ref": null, "bridge": null, "maxspeed": null, "access": null }, "geometry": { "type": "LineString", "coordinates": [ [ 124.9902941, 10.4127172 ], [ 124.9901459, 10.412948 ] ] } },
{ "type": "Feature", "properties": { "u": 11954885517, "v": 11954885508, "key": 0, "osmid": "1289243537", "highway": "residential", "oneway": false, "reversed": "True", "length": 97.94300692466831, "lanes": null, "name": null, "ref": null, "bridge": null, "maxspeed": null, "access": null }, "geometry": { "type": "LineString", "coordinates": [ [ 124.9902941, 10.4127172 ], [ 124.9901224, 10.4124569 ], [ 124.9902905, 10.4122938 ], [ 124.9905193, 10.4120412 ] ] } },
{ "type": "Feature", "properties": { "u": 11954885518, "v": 11954885516, "key": 0, "osmid": "1289243536", "highway": "residential", "oneway": false, "reversed": "True", "length": 29.366017359395368, "lanes": null, "name": null, "ref": null, "bridge": null, "maxspeed": null, "access": null }, "geometry": { "type": "LineString", "coordinates": [ [ 124.9901459, 10.412948 ], [ 124.9904077, 10.4128893 ] ] } },
{ "type": "Feature", "properties": { "u": 11954885518, "v": 11954885517, "key": 0, "osmid": "1289243538", "highway": "residential", "oneway": false, "reversed": "True", "length": 30.353286907830338, "lanes": null, "name": null, "ref": null, "bridge": null, "maxspeed": null, "access": null }, "geometry": { "type": "LineString", "coordinates": [ [ 124.9901459, 10.412948 ], [ 124.9902941, 10.4127172 ] ] } },
{ "type": "Feature", "properties": { "u": 11954885518, "v": 2528285688, "key": 0, "osmid": [ 1289243536, 245676058 ], "highway": "residential", "oneway": false, "reversed": [ false, true ], "length": 252.4656205366, "lanes": null, "name": null, "ref": null, "bridge": null, "maxspeed": null, "access": null }, "geometry": { "type": "LineString", "coordinates": [ [ 124.9901459, 10.412948 ], [ 124.9898982, 10.4130035 ], [ 124.9895083, 10.4137728 ], [ 124.989457, 10.4140526 ], [ 124.9894822, 10.4143408 ], [ 124.9900785, 10.4143069 ] ] } },
{ "type": "Feature", "properties": { "u": 11954887717, "v": 11954887718, "key": 0, "osmid": "1289243775", "highway": "residential", "oneway": false, "reversed": "False", "length": 76.975597299941001, "lanes": null, "name": null, "ref": null, "bridge": null, "maxspeed": null, "access": null }, "geometry": { "type": "LineString", "coordinates": [ [ 124.9755229, 10.3827376 ], [ 124.9749082, 10.3824005 ] ] } },
{ "type": "Feature", "properties": { "u": 11954887717, "v": 11954887719, "key": 0, "osmid": "1289243776", "highway": "residential", "oneway": false, "reversed": "False", "length": 41.265647708184375, "lanes": null, "name": null, "ref": null, "bridge": null, "maxspeed": null, "access": null }, "geometry": { "type": "LineString", "coordinates": [ [ 124.9755229, 10.3827376 ], [ 124.9754599, 10.3823717 ] ] } },
{ "type": "Feature", "properties": { "u": 11954887717, "v": 8305491687, "key": 0, "osmid": "1289243775", "highway": "residential", "oneway": false, "reversed": "True", "length": 62.702872998106955, "lanes": null, "name": null, "ref": null, "bridge": null, "maxspeed": null, "access": null }, "geometry": { "type": "LineString", "coordinates": [ [ 124.9755229, 10.3827376 ], [ 124.9755311, 10.3828076 ], [ 124.9756225, 10.3830356 ], [ 124.9758285, 10.3831792 ] ] } },
{ "type": "Feature", "properties": { "u": 11954887718, "v": 11954887717, "key": 0, "osmid": "1289243775", "highway": "residential", "oneway": false, "reversed": "True", "length": 76.975597299941001, "lanes": null, "name": null, "ref": null, "bridge": null, "maxspeed": null, "access": null }, "geometry": { "type": "LineString", "coordinates": [ [ 124.9749082, 10.3824005 ], [ 124.9755229, 10.3827376 ] ] } },
{ "type": "Feature", "properties": { "u": 11954887719, "v": 11954887717, "key": 0, "osmid": "1289243776", "highway": "residential", "oneway": false, "reversed": "True", "length": 41.265647708184375, "lanes": null, "name": null, "ref": null, "bridge": null, "maxspeed": null, "access": null }, "geometry": { "type": "LineString", "coordinates": [ [ 124.9754599, 10.3823717 ], [ 124.9755229, 10.3827376 ] ] } },
{ "type": "Feature", "properties": { "u": 11954901961, "v": 470490377, "key": 0, "osmid": "248635553", "highway": "trunk", "oneway": false, "reversed": "False", "length": 1072.4687216892346, "lanes": "2", "name": "Maharlika Highway", "ref": "1", "bridge": null, "maxspeed": null, "access": null }, "geometry": { "type": "LineString", "coordinates": [ [ 125.0006831, 10.4870059 ], [ 125.0006838, 10.4870722 ], [ 125.0007638, 10.487197 ], [ 125.0008919, 10.487297 ], [ 125.0011844, 10.4875494 ], [ 125.0013097, 10.4876415 ], [ 125.0013823, 10.4877094 ], [ 125.0013965, 10.4877239 ], [ 125.001442, 10.48777 ], [ 125.0014839, 10.4878646 ], [ 125.0015164, 10.4879448 ], [ 125.0019519, 10.4890201 ], [ 125.0020179, 10.4891486 ], [ 125.0024334, 10.4899574 ], [ 125.0025237, 10.4902173 ], [ 125.0025429, 10.490334 ], [ 125.0025729, 10.490531 ], [ 125.0025621, 10.4907051 ], [ 125.0024736, 10.490866 ], [ 125.0023568, 10.4910256 ], [ 125.0022648, 10.4911188 ], [ 125.0021576, 10.4911994 ], [ 125.0019209, 10.4913135 ], [ 125.0015582, 10.4914121 ], [ 125.0012961, 10.4915095 ], [ 125.0010865, 10.4916229 ], [ 125.0008513, 10.4917994 ], [ 125.0004273, 10.4922095 ], [ 125.0000093, 10.4926212 ], [ 124.9996436, 10.4929244 ], [ 124.9992625, 10.4932403 ], [ 124.9991532, 10.4933599 ], [ 124.9991276, 10.4933959 ], [ 124.9990849, 10.4934561 ], [ 124.9990326, 10.4935485 ], [ 124.9989855, 10.4936578 ], [ 124.9989318, 10.4937973 ], [ 124.9988962, 10.493929 ], [ 124.998874, 10.4940561 ], [ 124.9988482, 10.4941672 ], [ 124.9988128, 10.4943197 ] ] } },
{ "type": "Feature", "properties": { "u": 11954901961, "v": 8462946296, "key": 0, "osmid": "248635553", "highway": "trunk", "oneway": false, "reversed": "True", "length": 679.56319949120552, "lanes": "2", "name": "Maharlika Highway", "ref": "1", "bridge": null, "maxspeed": null, "access": null }, "geometry": { "type": "LineString", "coordinates": [ [ 125.0006831, 10.4870059 ], [ 125.0006781, 10.4869393 ], [ 125.0006605, 10.4868387 ], [ 125.000698, 10.4866092 ], [ 125.0008318, 10.4863378 ], [ 125.0009643, 10.4861035 ], [ 125.0011835, 10.4857158 ], [ 125.0012185, 10.4856355 ], [ 125.0012432, 10.4855788 ], [ 125.0013705, 10.485303 ], [ 125.0015741, 10.4848865 ], [ 125.001768, 10.4845246 ], [ 125.0020509, 10.4839536 ], [ 125.0023017, 10.4834924 ], [ 125.0024065, 10.4832646 ], [ 125.0024658, 10.4830302 ], [ 125.0024717, 10.4829085 ], [ 125.0024444, 10.482667 ], [ 125.0024136, 10.4825463 ], [ 125.0023169, 10.4823174 ], [ 125.0021799, 10.4821269 ], [ 125.0020856, 10.4820219 ], [ 125.0018737, 10.4818742 ], [ 125.0015571, 10.4816972 ] ] } },
{ "type": "Feature", "properties": { "u": 11954901961, "v": 2526222738, "key": 0, "osmid": "1215696347", "highway": "unclassified", "oneway": false, "reversed": "True", "length": 1019.7886016960864, "lanes": null, "name": null, "ref": null, "bridge": null, "maxspeed": null, "access": null }, "geometry": { "type": "LineString", "coordinates": [ [ 125.0006831, 10.4870059 ], [ 125.0015646, 10.4875379 ], [ 125.0016835, 10.4875847 ], [ 125.0017682, 10.4877156 ], [ 125.0020016, 10.4881007 ], [ 125.0021035, 10.4883037 ], [ 125.0023985, 10.4890198 ], [ 125.0026265, 10.4895591 ], [ 125.0027807, 10.4898413 ], [ 125.0029256, 10.4900668 ], [ 125.0031361, 10.4901908 ], [ 125.0033668, 10.4902541 ], [ 125.0034848, 10.4903464 ], [ 125.0034915, 10.4904941 ], [ 125.0034804, 10.490609 ], [ 125.0033674, 10.4908001 ], [ 125.0033011, 10.4909002 ], [ 125.0033523, 10.4912306 ], [ 125.0033936, 10.4915596 ], [ 125.0034231, 10.4917508 ], [ 125.0034566, 10.4920979 ], [ 125.0035272, 10.4923093 ], [ 125.00357, 10.4925082 ], [ 125.0035865, 10.492697 ], [ 125.0035025, 10.4929527 ], [ 125.0034698, 10.4933833 ], [ 125.0036146, 10.4937287 ], [ 125.0038699, 10.4941577 ], [ 125.0039281, 10.4946151 ], [ 125.0039707, 10.4947805 ] ] } },
{ "type": "Feature", "properties": { "u": 11954917210, "v": 1774380182, "key": 0, "osmid": "1289242990", "highway": "unclassified", "oneway": false, "reversed": "False", "length": 202.03915823804641, "lanes": "1", "name": null, "ref": null, "bridge": null, "maxspeed": "20", "access": null }, "geometry": { "type": "LineString", "coordinates": [ [ 125.0176699, 10.3866133 ], [ 125.017408, 10.3861739 ], [ 125.0172108, 10.3860345 ], [ 125.0170152, 10.3859393 ], [ 125.0170233, 10.3857388 ], [ 125.0170122, 10.3854459 ], [ 125.0169932, 10.3853249 ], [ 125.0169231, 10.3850972 ] ] } },
{ "type": "Feature", "properties": { "u": 11989529992, "v": 11989529993, "key": 0, "osmid": "1319372442", "highway": "residential", "oneway": false, "reversed": "False", "length": 54.83490602188656, "lanes": null, "name": null, "ref": null, "bridge": null, "maxspeed": null, "access": null }, "geometry": { "type": "LineString", "coordinates": [ [ 124.9527933, 10.5558572 ], [ 124.95316, 10.5555207 ] ] } },
{ "type": "Feature", "properties": { "u": 11989529992, "v": 4076106869, "key": 0, "osmid": "1293352689", "highway": "residential", "oneway": false, "reversed": "True", "length": 22.579259023103663, "lanes": null, "name": null, "ref": null, "bridge": null, "maxspeed": null, "access": null }, "geometry": { "type": "LineString", "coordinates": [ [ 124.9527933, 10.5558572 ], [ 124.9527321, 10.5557563 ], [ 124.9526841, 10.5556849 ] ] } },
{ "type": "Feature", "properties": { "u": 11989529992, "v": 11989529998, "key": 0, "osmid": "1293352691", "highway": "residential", "oneway": false, "reversed": "False", "length": 23.001897703382866, "lanes": null, "name": null, "ref": null, "bridge": null, "maxspeed": null, "access": null }, "geometry": { "type": "LineString", "coordinates": [ [ 124.9527933, 10.5558572 ], [ 124.952749, 10.555858 ], [ 124.9526847, 10.5558937 ], [ 124.9526056, 10.5559404 ] ] } },
{ "type": "Feature", "properties": { "u": 11989529993, "v": 11989529992, "key": 0, "osmid": "1319372442", "highway": "residential", "oneway": false, "reversed": "True", "length": 54.83490602188656, "lanes": null, "name": null, "ref": null, "bridge": null, "maxspeed": null, "access": null }, "geometry": { "type": "LineString", "coordinates": [ [ 124.95316, 10.5555207 ], [ 124.9527933, 10.5558572 ] ] } },
{ "type": "Feature", "properties": { "u": 11989529993, "v": 4076106869, "key": 0, "osmid": "405402876", "highway": "residential", "oneway": false, "reversed": "False", "length": 69.704580227097026, "lanes": null, "name": null, "ref": null, "bridge": null, "maxspeed": null, "access": null }, "geometry": { "type": "LineString", "coordinates": [ [ 124.95316, 10.5555207 ], [ 124.9531065, 10.5554587 ], [ 124.9530269, 10.5553949 ], [ 124.9526841, 10.5556849 ] ] } },
{ "type": "Feature", "properties": { "u": 11989529993, "v": 4076106846, "key": 0, "osmid": "405402876", "highway": "residential", "oneway": false, "reversed": "True", "length": 31.303341551828659, "lanes": null, "name": null, "ref": null, "bridge": null, "maxspeed": null, "access": null }, "geometry": { "type": "LineString", "coordinates": [ [ 124.95316, 10.5555207 ], [ 124.9532249, 10.5555777 ], [ 124.95328, 10.5555593 ], [ 124.9533566, 10.5555404 ], [ 124.9534146, 10.5555184 ] ] } },
{ "type": "Feature", "properties": { "u": 11989529995, "v": 4076106869, "key": 0, "osmid": "1293352690", "highway": "residential", "oneway": false, "reversed": "True", "length": 31.574107600204684, "lanes": null, "name": null, "ref": null, "bridge": null, "maxspeed": null, "access": null }, "geometry": { "type": "LineString", "coordinates": [ [ 124.9524327, 10.5558231 ], [ 124.9525574, 10.5557545 ], [ 124.9526348, 10.5557037 ], [ 124.9526841, 10.5556849 ] ] } },
{ "type": "Feature", "properties": { "u": 11989529998, "v": 11989529992, "key": 0, "osmid": "1293352691", "highway": "residential", "oneway": false, "reversed": "True", "length": 23.001897703382866, "lanes": null, "name": null, "ref": null, "bridge": null, "maxspeed": null, "access": null }, "geometry": { "type": "LineString", "coordinates": [ [ 124.9526056, 10.5559404 ], [ 124.9526847, 10.5558937 ], [ 124.952749, 10.555858 ], [ 124.9527933, 10.5558572 ] ] } },
{ "type": "Feature", "properties": { "u": 11989577190, "v": 11989577197, "key": 0, "osmid": "1293351691", "highway": "unclassified", "oneway": false, "reversed": "False", "length": 36.699389526290012, "lanes": null, "name": null, "ref": null, "bridge": null, "maxspeed": null, "access": null }, "geometry": { "type": "LineString", "coordinates": [ [ 124.9886684, 10.4057528 ], [ 124.9886691, 10.4057224 ], [ 124.9886698, 10.4056941 ], [ 124.988688, 10.4056685 ], [ 124.9887274, 10.4056368 ], [ 124.9887828, 10.4056257 ], [ 124.9888299, 10.4056133 ], [ 124.9889153, 10.4055928 ] ] } },
{ "type": "Feature", "properties": { "u": 11989577197, "v": 11989592678, "key": 0, "osmid": "245672651", "highway": "tertiary", "oneway": false, "reversed": "False", "length": 540.88373280284782, "lanes": "2", "name": "Diversion Road", "ref": "692", "bridge": null, "maxspeed": null, "access": null }, "geometry": { "type": "LineString", "coordinates": [ [ 124.9889153, 10.4055928 ], [ 124.9889754, 10.4058243 ], [ 124.9890169, 10.4059649 ], [ 124.9891412, 10.4062324 ], [ 124.9892226, 10.4063565 ], [ 124.9893181, 10.4064679 ], [ 124.9898338, 10.406976 ], [ 124.9899146, 10.4070855 ], [ 124.9899748, 10.4072037 ], [ 124.9900331, 10.4074703 ], [ 124.9900375, 10.4075405 ], [ 124.9900686, 10.4080412 ], [ 124.9900899, 10.4081844 ], [ 124.9902014, 10.4085812 ], [ 124.9902217, 10.4087075 ], [ 124.9902228, 10.4088302 ], [ 124.990172, 10.4091796 ], [ 124.9901838, 10.4092893 ], [ 124.9902315, 10.4093692 ], [ 124.9903123, 10.4094367 ], [ 124.9905821, 10.4095887 ], [ 124.9907127, 10.4097019 ], [ 124.99077, 10.4098046 ] ] } },
{ "type": "Feature", "properties": { "u": 11989577197, "v": 504407154, "key": 0, "osmid": "245672651", "highway": "tertiary", "oneway": false, "reversed": "True", "length": 313.00327073206819, "lanes": "2", "name": "Diversion Road", "ref": "692", "bridge": null, "maxspeed": null, "access": null }, "geometry": { "type": "LineString", "coordinates": [ [ 124.9889153, 10.4055928 ], [ 124.9889142, 10.4055885 ], [ 124.9887933, 10.4050776 ], [ 124.9886495, 10.4044564 ], [ 124.9884745, 10.4037311 ], [ 124.9883401, 10.4031796 ], [ 124.9883222, 10.4030646 ], [ 124.988282, 10.4029855 ], [ 124.9882267, 10.4028658 ] ] } },
{ "type": "Feature", "properties": { "u": 11989577197, "v": 11989577190, "key": 0, "osmid": "1293351691", "highway": "unclassified", "oneway": false, "reversed": "True", "length": 36.699389526290005, "lanes": null, "name": null, "ref": null, "bridge": null, "maxspeed": null, "access": null }, "geometry": { "type": "LineString", "coordinates": [ [ 124.9889153, 10.4055928 ], [ 124.9888299, 10.4056133 ], [ 124.9887828, 10.4056257 ], [ 124.9887274, 10.4056368 ], [ 124.988688, 10.4056685 ], [ 124.9886698, 10.4056941 ], [ 124.9886691, 10.4057224 ], [ 124.9886684, 10.4057528 ] ] } },
{ "type": "Feature", "properties": { "u": 11989592678, "v": 11954885501, "key": 0, "osmid": [ 245676049, 245672651, 245676057 ], "highway": "tertiary", "oneway": false, "reversed": "False", "length": 208.85864602811466, "lanes": "2", "name": "Diversion Road", "ref": "692", "bridge": "yes", "maxspeed": null, "access": null }, "geometry": { "type": "LineString", "coordinates": [ [ 124.99077, 10.4098046 ], [ 124.9908098, 10.4098759 ], [ 124.9911314, 10.4107391 ], [ 124.9913307, 10.4111314 ], [ 124.9914948, 10.4113879 ], [ 124.991559, 10.4115084 ] ] } },
{ "type": "Feature", "properties": { "u": 11989592678, "v": 11989577197, "key": 0, "osmid": "245672651", "highway": "tertiary", "oneway": false, "reversed": "True", "length": 540.88373280284793, "lanes": "2", "name": "Diversion Road", "ref": "692", "bridge": null, "maxspeed": null, "access": null }, "geometry": { "type": "LineString", "coordinates": [ [ 124.99077, 10.4098046 ], [ 124.9907127, 10.4097019 ], [ 124.9905821, 10.4095887 ], [ 124.9903123, 10.4094367 ], [ 124.9902315, 10.4093692 ], [ 124.9901838, 10.4092893 ], [ 124.990172, 10.4091796 ], [ 124.9902228, 10.4088302 ], [ 124.9902217, 10.4087075 ], [ 124.9902014, 10.4085812 ], [ 124.9900899, 10.4081844 ], [ 124.9900686, 10.4080412 ], [ 124.9900375, 10.4075405 ], [ 124.9900331, 10.4074703 ], [ 124.9899748, 10.4072037 ], [ 124.9899146, 10.4070855 ], [ 124.9898338, 10.406976 ], [ 124.9893181, 10.4064679 ], [ 124.9892226, 10.4063565 ], [ 124.9891412, 10.4062324 ], [ 124.9890169, 10.4059649 ], [ 124.9889754, 10.4058243 ], [ 124.9889153, 10.4055928 ] ] } },
{ "type": "Feature", "properties": { "u": 11989592678, "v": 11989592686, "key": 0, "osmid": "1293352462", "highway": "unclassified", "oneway": false, "reversed": "False", "length": 136.66417320093259, "lanes": null, "name": null, "ref": null, "bridge": null, "maxspeed": null, "access": null }, "geometry": { "type": "LineString", "coordinates": [ [ 124.99077, 10.4098046 ], [ 124.9908828, 10.4097566 ], [ 124.9910059, 10.4097136 ], [ 124.991149, 10.4097234 ], [ 124.9912284, 10.409696 ], [ 124.99129, 10.4098328 ], [ 124.9913635, 10.4099774 ], [ 124.9914192, 10.4100966 ], [ 124.9915125, 10.4102119 ], [ 124.9916809, 10.4102232 ] ] } },
{ "type": "Feature", "properties": { "u": 11989592686, "v": 11989592678, "key": 0, "osmid": "1293352462", "highway": "unclassified", "oneway": false, "reversed": "True", "length": 136.66417320093262, "lanes": null, "name": null, "ref": null, "bridge": null, "maxspeed": null, "access": null }, "geometry": { "type": "LineString", "coordinates": [ [ 124.9916809, 10.4102232 ], [ 124.9915125, 10.4102119 ], [ 124.9914192, 10.4100966 ], [ 124.9913635, 10.4099774 ], [ 124.99129, 10.4098328 ], [ 124.9912284, 10.409696 ], [ 124.991149, 10.4097234 ], [ 124.9910059, 10.4097136 ], [ 124.9908828, 10.4097566 ], [ 124.99077, 10.4098046 ] ] } },
{ "type": "Feature", "properties": { "u": 12049666961, "v": 505376350, "key": 0, "osmid": "894226771", "highway": "unclassified", "oneway": false, "reversed": "True", "length": 549.50646191446344, "lanes": null, "name": null, "ref": null, "bridge": null, "maxspeed": null, "access": null }, "geometry": { "type": "LineString", "coordinates": [ [ 125.0148614, 10.3773525 ], [ 125.0149003, 10.3773789 ], [ 125.0149821, 10.3774435 ], [ 125.0150572, 10.3776638 ], [ 125.0152704, 10.3780437 ], [ 125.0153576, 10.378144 ], [ 125.0158176, 10.3784184 ], [ 125.0162213, 10.378673 ], [ 125.0165512, 10.37895 ], [ 125.0173719, 10.3797336 ], [ 125.0175074, 10.3798497 ], [ 125.0178507, 10.3799908 ], [ 125.0185025, 10.3800779 ], [ 125.0187547, 10.3801196 ] ] } },
{ "type": "Feature", "properties": { "u": 12049727182, "v": 504407154, "key": 0, "osmid": [ 270408677, 165396533, 277773929 ], "highway": "primary", "oneway": false, "reversed": "False", "length": 687.31707540973935, "lanes": "2", "name": "Immaculada Concepcion Barangay Road", "ref": null, "bridge": "yes", "maxspeed": null, "access": null }, "geometry": { "type": "LineString", "coordinates": [ [ 124.9943869, 10.4017053 ], [ 124.993748, 10.4018487 ], [ 124.9908983, 10.4025271 ], [ 124.9908219, 10.4025374 ], [ 124.9906546, 10.4025598 ], [ 124.9903085, 10.4025888 ], [ 124.9887218, 10.4027515 ], [ 124.9882267, 10.4028658 ] ] } },
{ "type": "Feature", "properties": { "u": 12049727182, "v": 1769463869, "key": 0, "osmid": "165396533", "highway": "primary", "oneway": false, "reversed": "True", "length": 357.74876946265863, "lanes": "2", "name": "Immaculada Concepcion Barangay Road", "ref": null, "bridge": null, "maxspeed": null, "access": null }, "geometry": { "type": "LineString", "coordinates": [ [ 124.9943869, 10.4017053 ], [ 124.9955204, 10.4014508 ], [ 124.9975651, 10.4009449 ] ] } },
{ "type": "Feature", "properties": { "u": 12049727182, "v": 11137495444, "key": 0, "osmid": "1201222323", "highway": "unclassified", "oneway": false, "reversed": "False", "length": 393.37433440718718, "lanes": null, "name": null, "ref": null, "bridge": null, "maxspeed": null, "access": null }, "geometry": { "type": "LineString", "coordinates": [ [ 124.9943869, 10.4017053 ], [ 124.994681, 10.4030246 ], [ 124.9947038, 10.4034447 ], [ 124.9947106, 10.4036638 ], [ 124.9947227, 10.4038332 ], [ 124.9948561, 10.4039748 ], [ 124.9949521, 10.4040723 ], [ 124.9949843, 10.4042556 ], [ 124.9950663, 10.4047083 ], [ 124.9950854, 10.4047985 ], [ 124.995104, 10.404884 ], [ 124.9951543, 10.4051016 ] ] } },
{ "type": "Feature", "properties": { "u": 12051535580, "v": 12051535586, "key": 0, "osmid": "1301138897", "highway": "residential", "oneway": false, "reversed": "True", "length": 111.09303619782423, "lanes": null, "name": null, "ref": null, "bridge": null, "maxspeed": null, "access": null }, "geometry": { "type": "LineString", "coordinates": [ [ 124.968152, 10.3703318 ], [ 124.96838, 10.3704663 ], [ 124.9684444, 10.3705099 ], [ 124.968549, 10.370527 ], [ 124.9686952, 10.3705626 ], [ 124.9688588, 10.3706167 ], [ 124.9691011, 10.3706233 ] ] } },
{ "type": "Feature", "properties": { "u": 12051535586, "v": 8292321334, "key": 0, "osmid": "273390275", "highway": "primary", "oneway": false, "reversed": "False", "length": 27.455204930702436, "lanes": "2", "name": "Sogod-Bontoc Road", "ref": "692", "bridge": null, "maxspeed": null, "access": null }, "geometry": { "type": "LineString", "coordinates": [ [ 124.9691011, 10.3706233 ], [ 124.9691086, 10.3708701 ] ] } },
{ "type": "Feature", "properties": { "u": 12051535586, "v": 8292321338, "key": 0, "osmid": "273390275", "highway": "primary", "oneway": false, "reversed": "True", "length": 98.017504489328289, "lanes": "2", "name": "Sogod-Bontoc Road", "ref": "692", "bridge": null, "maxspeed": null, "access": null }, "geometry": { "type": "LineString", "coordinates": [ [ 124.9691011, 10.3706233 ], [ 124.9690744, 10.3697422 ] ] } },
{ "type": "Feature", "properties": { "u": 12051535586, "v": 12051535580, "key": 0, "osmid": "1301138897", "highway": "residential", "oneway": false, "reversed": "False", "length": 111.09303619782425, "lanes": null, "name": null, "ref": null, "bridge": null, "maxspeed": null, "access": null }, "geometry": { "type": "LineString", "coordinates": [ [ 124.9691011, 10.3706233 ], [ 124.9688588, 10.3706167 ], [ 124.9686952, 10.3705626 ], [ 124.968549, 10.370527 ], [ 124.9684444, 10.3705099 ], [ 124.96838, 10.3704663 ], [ 124.968152, 10.3703318 ] ] } },
{ "type": "Feature", "properties": { "u": 12599724645, "v": 1640904130, "key": 0, "osmid": "893287618", "highway": "residential", "oneway": false, "reversed": "True", "length": 72.326643368492199, "lanes": null, "name": null, "ref": null, "bridge": null, "maxspeed": null, "access": null }, "geometry": { "type": "LineString", "coordinates": [ [ 124.9725951, 10.3519588 ], [ 124.9720037, 10.3522497 ] ] } },
{ "type": "Feature", "properties": { "u": 12599724648, "v": 8302489629, "key": 0, "osmid": "273390422", "highway": "primary", "oneway": false, "reversed": "False", "length": 15.074101535487173, "lanes": "2", "name": "Sogod-Bontoc Road", "ref": "692", "bridge": null, "maxspeed": null, "access": null }, "geometry": { "type": "LineString", "coordinates": [ [ 124.9695239, 10.3566951 ], [ 124.9694689, 10.3568194 ] ] } },
{ "type": "Feature", "properties": { "u": 12599724648, "v": 2653348714, "key": 0, "osmid": "273390422", "highway": "primary", "oneway": false, "reversed": "True", "length": 8.5439843977012995, "lanes": "2", "name": "Sogod-Bontoc Road", "ref": "692", "bridge": null, "maxspeed": null, "access": null }, "geometry": { "type": "LineString", "coordinates": [ [ 124.9695239, 10.3566951 ], [ 124.9695625, 10.3566283 ] ] } },
{ "type": "Feature", "properties": { "u": 12599724648, "v": 1640904190, "key": 0, "osmid": "151270526", "highway": "residential", "oneway": false, "reversed": "False", "length": 314.2058808815479, "lanes": null, "name": null, "ref": null, "bridge": null, "maxspeed": null, "access": null }, "geometry": { "type": "LineString", "coordinates": [ [ 124.9695239, 10.3566951 ], [ 124.9695186, 10.3566916 ], [ 124.9694791, 10.3566811 ], [ 124.9694613, 10.3566969 ], [ 124.9692786, 10.3571422 ], [ 124.9692263, 10.3571725 ], [ 124.968726, 10.3570853 ], [ 124.9670161, 10.3567462 ] ] } },
{ "type": "Feature", "properties": { "u": 12599801113, "v": 12599813078, "key": 0, "osmid": "1361052937", "highway": "residential", "oneway": false, "reversed": "False", "length": 30.657482744560198, "lanes": null, "name": null, "ref": null, "bridge": null, "maxspeed": null, "access": null }, "geometry": { "type": "LineString", "coordinates": [ [ 124.9686013, 10.3586554 ], [ 124.9688777, 10.3586097 ] ] } },
{ "type": "Feature", "properties": { "u": 12599813078, "v": 12599801113, "key": 0, "osmid": "1361052937", "highway": "residential", "oneway": false, "reversed": "True", "length": 30.657482744560198, "lanes": null, "name": null, "ref": null, "bridge": null, "maxspeed": null, "access": null }, "geometry": { "type": "LineString", "coordinates": [ [ 124.9688777, 10.3586097 ], [ 124.9686013, 10.3586554 ] ] } },
{ "type": "Feature", "properties": { "u": 12599813078, "v": 2528820438, "key": 0, "osmid": "245746056", "highway": "residential", "oneway": false, "reversed": "False", "length": 127.04541527604238, "lanes": null, "name": null, "ref": null, "bridge": null, "maxspeed": null, "access": null }, "geometry": { "type": "LineString", "coordinates": [ [ 124.9688777, 10.3586097 ], [ 124.9689423, 10.3589853 ], [ 124.9690871, 10.3592115 ], [ 124.9690763, 10.3594305 ], [ 124.969179, 10.3596333 ], [ 124.9692025, 10.3596759 ] ] } },
{ "type": "Feature", "properties": { "u": 12599813078, "v": 504406046, "key": 0, "osmid": "1361052937", "highway": "residential", "oneway": false, "reversed": "False", "length": 35.770241981081369, "lanes": null, "name": null, "ref": null, "bridge": null, "maxspeed": null, "access": null }, "geometry": { "type": "LineString", "coordinates": [ [ 124.9688777, 10.3586097 ], [ 124.9690962, 10.3585736 ], [ 124.9691987, 10.3585492 ] ] } },
{ "type": "Feature", "properties": { "u": 12953419545, "v": 8530959952, "key": 0, "osmid": "1409672009", "highway": "residential", "oneway": false, "reversed": "True", "length": 22.335683360828266, "lanes": null, "name": null, "ref": null, "bridge": null, "maxspeed": null, "access": null }, "geometry": { "type": "LineString", "coordinates": [ [ 124.9996995, 10.4339865 ], [ 124.9996717, 10.4337875 ] ] } },
{ "type": "Feature", "properties": { "u": 12953473771, "v": 2528285430, "key": 0, "osmid": "151284354", "highway": "residential", "oneway": false, "reversed": "True", "length": 39.575853533346667, "lanes": null, "name": "T. Dagohoy Street", "ref": null, "bridge": null, "maxspeed": null, "access": null }, "geometry": { "type": "LineString", "coordinates": [ [ 124.9779597, 10.3843557 ], [ 124.9780992, 10.3840273 ] ] } },
{ "type": "Feature", "properties": { "u": 12953473771, "v": 2528329552, "key": 0, "osmid": "151284354", "highway": "residential", "oneway": false, "reversed": "False", "length": 159.90314897236414, "lanes": null, "name": "T. Dagohoy Street", "ref": null, "bridge": null, "maxspeed": null, "access": null }, "geometry": { "type": "LineString", "coordinates": [ [ 124.9779597, 10.3843557 ], [ 124.9779141, 10.3844631 ], [ 124.9778289, 10.3846636 ], [ 124.9777919, 10.3857171 ], [ 124.9777907, 10.3857673 ] ] } },
{ "type": "Feature", "properties": { "u": 12953473771, "v": 12953473773, "key": 0, "osmid": "1409681751", "highway": "residential", "oneway": false, "reversed": "True", "length": 55.096270824514505, "lanes": null, "name": null, "ref": null, "bridge": null, "maxspeed": null, "access": null }, "geometry": { "type": "LineString", "coordinates": [ [ 124.9779597, 10.3843557 ], [ 124.9777034, 10.384342 ], [ 124.9774567, 10.3843552 ] ] } },
{ "type": "Feature", "properties": { "u": 12953473773, "v": 12953473771, "key": 0, "osmid": "1409681751", "highway": "residential", "oneway": false, "reversed": "False", "length": 55.096270824514505, "lanes": null, "name": null, "ref": null, "bridge": null, "maxspeed": null, "access": null }, "geometry": { "type": "LineString", "coordinates": [ [ 124.9774567, 10.3843552 ], [ 124.9777034, 10.384342 ], [ 124.9779597, 10.3843557 ] ] } },
{ "type": "Feature", "properties": { "u": 12953473777, "v": 1641042140, "key": 0, "osmid": "1409681753", "highway": "residential", "oneway": false, "reversed": "True", "length": 81.528546535062304, "lanes": null, "name": null, "ref": null, "bridge": null, "maxspeed": null, "access": null }, "geometry": { "type": "LineString", "coordinates": [ [ 124.9745424, 10.3847213 ], [ 124.9746442, 10.3847668 ], [ 124.975221, 10.3850247 ] ] } },
{ "type": "Feature", "properties": { "u": 12953473795, "v": 1641042156, "key": 0, "osmid": [ 245680805, 1409681758 ], "highway": "residential", "oneway": false, "reversed": "True", "length": 217.51972225151542, "lanes": null, "name": "Veloso Street", "ref": null, "bridge": null, "maxspeed": null, "access": null }, "geometry": { "type": "LineString", "coordinates": [ [ 124.9775109, 10.3819207 ], [ 124.9772883, 10.3818317 ], [ 124.9770094, 10.3817037 ], [ 124.9770013, 10.381585 ], [ 124.9769162, 10.3815124 ], [ 124.9766481, 10.3813746 ], [ 124.9763271, 10.3822065 ] ] } },
{ "type": "Feature", "properties": { "u": 13887664675, "v": 4028800583, "key": 0, "osmid": [ 400297970, 1138603907 ], "highway": "tertiary", "oneway": false, "reversed": "False", "length": 98.832784343254573, "lanes": null, "name": null, "ref": null, "bridge": null, "maxspeed": null, "access": null }, "geometry": { "type": "LineString", "coordinates": [ [ 124.9414454, 10.3969218 ], [ 124.9414618, 10.3968411 ], [ 124.9415228, 10.3967191 ], [ 124.9415773, 10.3966316 ], [ 124.9416639, 10.396493 ], [ 124.9417825, 10.3963544 ], [ 124.9419506, 10.3962031 ] ] } },
{ "type": "Feature", "properties": { "u": 13887664675, "v": 2522454991, "key": 0, "osmid": [ 244979858, 1138603907, 244979860 ], "highway": "tertiary", "oneway": false, "reversed": [ false, true ], "length": 1470.2717222640647, "lanes": null, "name": null, "ref": null, "bridge": "yes", "maxspeed": null, "access": null }, "geometry": { "type": "LineString", "coordinates": [ [ 124.9414454, 10.3969218 ], [ 124.9414283, 10.3970097 ], [ 124.9414113, 10.3972886 ], [ 124.9413873, 10.3974863 ], [ 124.9413608, 10.3976565 ], [ 124.9413857, 10.3979356 ], [ 124.9413911, 10.3980676 ], [ 124.941338, 10.3981432 ], [ 124.9412502, 10.3982126 ], [ 124.9411087, 10.3982725 ], [ 124.9410577, 10.3983648 ], [ 124.9410349, 10.398481 ], [ 124.9410491, 10.3986809 ], [ 124.9410416, 10.3987368 ], [ 124.9409807, 10.3987811 ], [ 124.9408753, 10.3987751 ], [ 124.9406821, 10.3987989 ], [ 124.9405267, 10.3988833 ], [ 124.9404443, 10.3990569 ], [ 124.94041, 10.3993053 ], [ 124.9404153, 10.39949 ], [ 124.9404309, 10.3996346 ], [ 124.9404201, 10.3997612 ], [ 124.9403818, 10.3999464 ], [ 124.9403268, 10.4000281 ], [ 124.9402061, 10.4000651 ], [ 124.9400519, 10.4000651 ], [ 124.9397917, 10.4000677 ], [ 124.9396442, 10.4001416 ], [ 124.9395758, 10.400259 ], [ 124.9395543, 10.4003593 ], [ 124.9395624, 10.4004582 ], [ 124.9396101, 10.400521 ], [ 124.9398547, 10.4006442 ], [ 124.9399151, 10.4007273 ], [ 124.9399352, 10.4007867 ], [ 124.9399674, 10.4009977 ], [ 124.9400009, 10.4013644 ], [ 124.9401444, 10.4015096 ], [ 124.9403214, 10.4016942 ], [ 124.9403992, 10.4017284 ], [ 124.9404824, 10.4017259 ], [ 124.9405441, 10.4016928 ], [ 124.9406111, 10.4015465 ], [ 124.9406701, 10.4014251 ], [ 124.9407613, 10.4013143 ], [ 124.9408364, 10.401156 ], [ 124.9408525, 10.4010083 ], [ 124.9408726, 10.4009317 ], [ 124.9409222, 10.4008764 ], [ 124.9410403, 10.4008922 ], [ 124.9411181, 10.4009766 ], [ 124.9411891, 10.4010887 ], [ 124.9412602, 10.4013038 ], [ 124.9413514, 10.4014146 ], [ 124.9415056, 10.4015451 ], [ 124.9415405, 10.4016691 ], [ 124.9414788, 10.4024196 ], [ 124.9414855, 10.4025845 ], [ 124.9416317, 10.4027929 ], [ 124.9417524, 10.4029195 ], [ 124.9418417, 10.4030642 ], [ 124.9419241, 10.4031609 ], [ 124.9419938, 10.4031886 ], [ 124.9421145, 10.4031979 ], [ 124.9422137, 10.4031636 ], [ 124.9423492, 10.4031557 ], [ 124.9424994, 10.4032216 ], [ 124.9425343, 10.4033311 ], [ 124.9424645, 10.4036609 ], [ 124.9424686, 10.403922 ], [ 124.9425605, 10.4040508 ], [ 124.9428065, 10.4042663 ], [ 124.9429253, 10.4044255 ], [ 124.9429567, 10.4047174 ], [ 124.9429629, 10.4048898 ], [ 124.9430761, 10.4051039 ], [ 124.9432652, 10.4052226 ], [ 124.9434135, 10.4052908 ] ] } },
{ "type": "Feature", "properties": { "u": 13887664675, "v": 8526851189, "key": 0, "osmid": "1485167944", "highway": "unclassified", "oneway": false, "reversed": "True", "length": 109.2071455729762, "lanes": null, "name": null, "ref": null, "bridge": null, "maxspeed": null, "access": null }, "geometry": { "type": "LineString", "coordinates": [ [ 124.9414454, 10.3969218 ], [ 124.9415593, 10.3968716 ], [ 124.9416397, 10.3968426 ], [ 124.941802, 10.3967555 ], [ 124.9419884, 10.3966671 ], [ 124.9421722, 10.396592 ], [ 124.9423017, 10.3964457 ] ] } }
]
}
