{"type": "FeatureCollection", "features": [{"type": "Feature", "properties": {"name": "Sogod", "province": "Southern Leyte", "pcode": "PH0806417", "area_sqkm": 219.64547278}, "geometry": {"type": "Polygon", "coordinates": [[[125.07505225500017, 10.438244441000109], [125.06828151800005, 10.430131119000123], [125.06200963800006, 10.422490408000044], [125.0561611930001, 10.415432132000092], [125.05108816600023, 10.406980750000173], [125.04342814000006, 10.39731246600013], [125.04173413100011, 10.394494671000132], [125.02659014600022, 10.379247994000082], [125.0251244650002, 10.375315619000048], [125.02300544300022, 10.370508276999999], [125.02318651800033, 10.370367000000158], [125.02309509700001, 10.370005911000021], [125.0230234930001, 10.370029164000073], [125.02300539200007, 10.369994526000085], [125.02294938200009, 10.370027225000001], [125.02299894600026, 10.370112366000058], [125.02298934400005, 10.37012111200005], [125.02298110400022, 10.370131532000016], [125.02297757200006, 10.370133847000147], [125.02296462500021, 10.370137319000037], [125.0229528530001, 10.370145422999997], [125.02294755600008, 10.37015700100011], [125.02294932100017, 10.370163369000068], [125.02295344000004, 10.370169159000056], [125.02298698300012, 10.37020158100006], [125.02300110600027, 10.370221265000055], [125.02300463600022, 10.370236896000051], [125.02300816600018, 10.370240949000106], [125.02302052500022, 10.370242107000024], [125.0230317060001, 10.370257160000108], [125.02303582500008, 10.37026584400013], [125.02303523600006, 10.370268739000096], [125.02302699600011, 10.370276843000056], [125.02302699600011, 10.370279737000146], [125.02303405800001, 10.370286685000167], [125.02303994300019, 10.370287264000126], [125.02304759400022, 10.370284370000036], [125.02304994800022, 10.370287265000059], [125.02305288900004, 10.370302896000169], [125.0230534750001, 10.370337631000098], [125.02305582800022, 10.370348630000024], [125.0230646550001, 10.370362525000019], [125.02308176400004, 10.370379950000142], [125.02307883100002, 10.370381433000034], [125.02306996100003, 10.370380079000086], [125.0230581730001, 10.370381660000135], [125.02304487800018, 10.370380355000123], [125.02304056600019, 10.370390562000125], [125.02302141800021, 10.370393676000049], [125.0230096150002, 10.370393805000163], [125.02300361400012, 10.370385162000048], [125.02298128400002, 10.370367989000158], [125.02296361200001, 10.370371086000148], [125.02294892300017, 10.370377053000027], [125.02293598000006, 10.370409630000097], [125.02291991300001, 10.370424322000076], [125.02290815900017, 10.37042880600012], [125.02290232300004, 10.370434676000059], [125.02290543900006, 10.370449158000042], [125.02291148800009, 10.370462155000098], [125.02292032500009, 10.370460607000155], [125.02292771900011, 10.370461977000105], [125.02292342400006, 10.370473636999975], [125.02291030900017, 10.370488296000076], [125.02289878500005, 10.37051309900005], [125.02289888400003, 10.370521807000102], [125.02289606500005, 10.370533451000142], [125.02288740900019, 10.370550964000074], [125.02288316400006, 10.37056697800017], [125.02288317000011, 10.370575780000024], [125.02288069100018, 10.370579445000033], [125.02287143800004, 10.370586271000093], [125.02286796800013, 10.370590821000121], [125.02286681100009, 10.370596509000052], [125.02286565400004, 10.370604473000185], [125.0228668090001, 10.37062153800008], [125.02286564600024, 10.370688661000031], [125.02287257600028, 10.37080811800007], [125.0228644770001, 10.370841110000129], [125.02285637900013, 10.370863863000125], [125.02284828100017, 10.370879790000117], [125.0228378700001, 10.370905955000069], [125.02282977000016, 10.37094691100009], [125.0228193590001, 10.37096738800011], [125.0228077920001, 10.370979902000045], [125.02280085200005, 10.370990140000004], [125.02279159600016, 10.37102427000002], [125.02278465500001, 10.371042472000056], [125.02277887100013, 10.371052711000118], [125.02277193100008, 10.371061812000107], [125.02275689500004, 10.371075463000068], [125.02275226800009, 10.371076600000038], [125.02274648500008, 10.371075462000135], [125.02273145100003, 10.371065221000094], [125.02272566800002, 10.371064083000022], [125.02270485000008, 10.371061806000057], [125.02269906800018, 10.371066356000085], [125.02268287300001, 10.371094797000069], [125.02268518400024, 10.371108449000133], [125.02269327800002, 10.371132341000134], [125.0226921200001, 10.371141442999999], [125.02268402300001, 10.371153956000057], [125.02266783100015, 10.371156230000054], [125.02265973500005, 10.371150541000077], [125.02264932900005, 10.371123236000187], [125.0226481730001, 10.371114135000084], [125.02265048800007, 10.37109365700013], [125.02265511500002, 10.371086831000127], [125.02267015100017, 10.37107773100007], [125.02267593500005, 10.371064079000178], [125.02267709400007, 10.37104246299998], [125.02268222600003, 10.371021589000065], [125.0226805860002, 10.371007092000184], [125.022667092, 10.37098837000002], [125.0226655350001, 10.370981129000086], [125.02267579700026, 10.37097521000004], [125.02268591200016, 10.370956229000114], [125.02268730500032, 10.370948956000177], [125.02268266400006, 10.37093013700013], [125.02268097500018, 10.370911285000147], [125.02267646600001, 10.370904077000091], [125.02267182600019, 10.370885258000044], [125.02266425100004, 10.370867922000002], [125.02265677500009, 10.370859295000116], [125.02264469100021, 10.370834751000018], [125.02264021500002, 10.370830446000127], [125.02262987000006, 10.37082910800018], [125.02261327800011, 10.370797356000026], [125.02260568700001, 10.370778568999981], [125.0225819640001, 10.370768668000153], [125.02257161900002, 10.370767330000035], [125.02255691400012, 10.370771846000082], [125.02254656900004, 10.370770508000135], [125.02253774900021, 10.370773508000013], [125.02253194600019, 10.370782281000118], [125.02252609300012, 10.370786700000053], [125.02251742200008, 10.370802762000153], [125.02250860200002, 10.3708057610001], [125.02251125600003, 10.37077960500011], [125.02250523900022, 10.37076951000006], [125.02247268000008, 10.37076115800005], [125.02247113900023, 10.370755369000051], [125.02247840100006, 10.370745129000056], [125.0224797620001, 10.37073495200002], [125.0224693670001, 10.370729261000179], [125.02244869400022, 10.370728036000173], [125.02243830000009, 10.370722344000058], [125.022422086, 10.37072397300011], [125.02240565800003, 10.370706735000113], [125.02239672400003, 10.37069957500006], [125.02236423000011, 10.370697028999984], [125.02234202200009, 10.370684443000016], [125.02233571800014, 10.370682375000058], [125.02232801400021, 10.370674105999967], [125.02232100800018, 10.37067203800018], [125.02228725300006, 10.370675616000085], [125.0222695140003, 10.370672908000074], [125.02226494000013, 10.370659894000028], [125.02226484100004, 10.370651186000032], [125.02227362800011, 10.370645283000158], [125.02228089000005, 10.37063504300005], [125.02228082400018, 10.37062923700006], [125.02227926700016, 10.370621996000125], [125.022273315, 10.370617707000008], [125.02227031500013, 10.370613385000183], [125.02227250200019, 10.370602266000049], [125.02226799300013, 10.370595057999992], [125.02226061700003, 10.370595137999999], [125.02225171400005, 10.370590882000045], [125.02223989300012, 10.370589560000099], [125.0222295980002, 10.37059257600015], [125.02222082700007, 10.370599930000083], [125.02220322000016, 10.370608833000176], [125.02219590900017, 10.370614719000116], [125.02218700700018, 10.370610462000059], [125.02218395700004, 10.370601786000009], [125.02217061200008, 10.370596126000123], [125.02212492100011, 10.370600982000155], [125.02210574000026, 10.370601193000084], [125.02209401900006, 10.370608579000134], [125.02209210100011, 10.370621036000045], [125.02208095300011, 10.370627593000108], [125.02207210000017, 10.370627690000049], [125.02206623200004, 10.37063065700005], [125.02206482200006, 10.370636479000154], [125.02206042800003, 10.370639430000153], [125.02205587500009, 10.370646550000174], [125.02204575600013, 10.370646849000138], [125.02204128000005, 10.37064254400002], [125.02203237800006, 10.370638287000133], [125.02202208200026, 10.370641302000081], [125.02200732800009, 10.370641465000006], [125.02199122900015, 10.370653254000047], [125.02198388300008, 10.370656238000095], [125.02196619600011, 10.370657883000149], [125.02195732600023, 10.37065652900003], [125.02194850600006, 10.37065952900008], [125.0219426540001, 10.37066394700014], [125.02191912900003, 10.370671463000008], [125.02190878400017, 10.370670125000117], [125.0219013730001, 10.370667303000062], [125.02189983200014, 10.370661514000176], [125.02188947100001, 10.370658725000055], [125.02188645500019, 10.370652952000171], [125.02186289900033, 10.370647402999964], [125.02185102900023, 10.370641727000077], [125.0218187160001, 10.37065514599999], [125.02178204300003, 10.370674419000068], [125.02176735400019, 10.370680386000117], [125.02175714100008, 10.37069065899999], [125.0217453370002, 10.370690788000104], [125.02171892700017, 10.370704141999965], [125.02169977800008, 10.370707255000127], [125.02168512200012, 10.370716125000172], [125.02167195800007, 10.37072643100015], [125.02165725300006, 10.37073094700014], [125.02164985900015, 10.370729576000144], [125.02164092400017, 10.370722416000092], [125.02163490700013, 10.370712322000145], [125.02162602100009, 10.37070951600009], [125.02161272500007, 10.370708210000146], [125.0216024460002, 10.370712678000132], [125.02157446100011, 10.370717339000066], [125.02156565800033, 10.370721791000108], [125.02155985500008, 10.370730564000041], [125.02154218200019, 10.370733661000031], [125.02153785400003, 10.37074241700003], [125.02152328000022, 10.370758543000136], [125.02151742800004, 10.370762963000118], [125.02150860800009, 10.370765963000053], [125.02149834500005, 10.3707718820001], [125.02148946000011, 10.370769076000045], [125.02148201600016, 10.370763352000097], [125.02146873700008, 10.370763496999984], [125.02145540900005, 10.370759289000034], [125.02143770300017, 10.370759483000029], [125.02142730900016, 10.370753791000084], [125.0214154890001, 10.370752468999967], [125.02141111200001, 10.370756872000072], [125.02140822700005, 10.370762710000008], [125.02140832500004, 10.37077141800006], [125.02140398100005, 10.370778722000125], [125.02139073500018, 10.370781771999987], [125.02138334100005, 10.370780401000161], [125.02137142200024, 10.370770370000116], [125.02135812600022, 10.370769065000104], [125.02134497800023, 10.37078082100004], [125.02134065100006, 10.370789579000018], [125.02133327300021, 10.370789660000128], [125.02133171600019, 10.370782419000136], [125.02132123900014, 10.370769470000027], [125.0213123530001, 10.370766663999973], [125.02130351800031, 10.37076821300002], [125.02129914100021, 10.370772615000021], [125.0212888120002, 10.370772728000134], [125.02127263100033, 10.370777261000057], [125.0212609260002, 10.3707860990001], [125.02125336800009, 10.37077021500005], [125.0212385330002, 10.370775218000176], [125.02123279400018, 10.370789797000043], [125.02122251500009, 10.370794264000153], [125.02121061300022, 10.370785685000044], [125.02120756300008, 10.37077700900005], [125.02119118500002, 10.37076412500005], [125.02116903700016, 10.37076291700015], [125.02116033100015, 10.370776076000084], [125.02115156100012, 10.370783430000131], [125.02113831400015, 10.370786478000014], [125.02112044400008, 10.370772159000182], [125.02111308300027, 10.370773691000124], [125.02110432900008, 10.37078249600006], [125.02110149300006, 10.370792687999995], [125.02109411600009, 10.370792769000104], [125.02108086900012, 10.37079581800009], [125.02107211500027, 10.370804623000026], [125.02106478700023, 10.370809058000134], [125.02105450800013, 10.370813525000074], [125.02104711500033, 10.370812155000124], [125.0210383110001, 10.370816606000062], [125.0210310650001, 10.370828298000106], [125.0210221960001, 10.370826943999987], [125.02101468700016, 10.370815414000106], [125.02100581800005, 10.37081405900011], [125.02100157200005, 10.37083007299998], [125.02099132600006, 10.370837443000084], [125.02097799700016, 10.370833235000077], [125.02096166800027, 10.370824705000075], [125.02094545500006, 10.370826333000025], [125.0209380440001, 10.370823512000072], [125.02090710900029, 10.370828206000112], [125.02089528900001, 10.370826883999996], [125.02088497700004, 10.370828449000044], [125.0208732230002, 10.370832932000155], [125.02086143500003, 10.370834513000034], [125.02084366300005, 10.370828901999971], [125.02083336800001, 10.370831918000079], [125.02081138400013, 10.370845223000003], [125.0208070230002, 10.370851077000168], [125.02079667900023, 10.37084973900005], [125.02078328400012, 10.37083972500011], [125.02078023500007, 10.37083104900006], [125.02077575900012, 10.37082674400017], [125.02076390600007, 10.370822519000114], [125.02075356100022, 10.370821181000167], [125.02073587200005, 10.370822826000051], [125.02071962600019, 10.370821552999985], [125.02070049300005, 10.370826117000036], [125.02069324800027, 10.370837809000136], [125.02068741100004, 10.370843680000178], [125.02066521400013, 10.370838117000119], [125.02065488500023, 10.37083823000006], [125.02064452400032, 10.37083544100011], [125.02063714700012, 10.370835521000117], [125.02062252400015, 10.3708472940001], [125.0206166050001, 10.370845908000149], [125.02061249100007, 10.370873532000132], [125.0206214760002, 10.370885046000012], [125.02061860700007, 10.370892335000178], [125.02061418100004, 10.370892384000115], [125.02060502400025, 10.370907011000156], [125.02059215700001, 10.37091202900001], [125.02058044200021, 10.370910172000151], [125.02056421200007, 10.370910349999974], [125.02054954000027, 10.37091776900013], [125.0205289490001, 10.370923801000117], [125.02050821000023, 10.370916771000054], [125.02048622600023, 10.370930076000036], [125.02047594700014, 10.370934543000146], [125.02044209300004, 10.370942172000127], [125.02042597800005, 10.370952510000109], [125.02039356700004, 10.37095722000015], [125.02038333400003, 10.370960226000022], [125.0203741700002, 10.370944332000136], [125.02036587200018, 10.370940073000043], [125.02033051400008, 10.37094361800007], [125.02030711400016, 10.370949652000036], [125.02029055900005, 10.370951199999979], [125.02027679800005, 10.370955433000063], [125.02026713100008, 10.370955543999969], [125.02025322600014, 10.370947551000143], [125.02022976600028, 10.370949179000092], [125.02020643500009, 10.370961673000068], [125.02020103900031, 10.370972603000098], [125.02019585300002, 10.371001192000051], [125.02019177500006, 10.371006673000068], [125.02018347300009, 10.37100541000001], [125.02017229700004, 10.37099466900014], [125.020161185, 10.370989362000103], [125.02014736000001, 10.370988162000003], [125.02013085300018, 10.370993785000053], [125.02011567800014, 10.370995317000165], [125.02009628100018, 10.37099010500009], [125.02007972600018, 10.370991653000033], [125.02004668000006, 10.371000183000035], [125.0200335530003, 10.371014437000156], [125.02001303100008, 10.371030976000043], [125.02000350900016, 10.371043312000154], [125.0199830040001, 10.371061208000015], [125.01996930700011, 10.371070875000044], [125.01995842000008, 10.37108458500012], [125.01994329400009, 10.37109019200011], [125.0199309940001, 10.371101202000148], [125.01991707200023, 10.371091851000187], [125.01991015100009, 10.371090572000128], [125.01990042000023, 10.371085249000146], [125.01988518200005, 10.371081348000075], [125.01987559500003, 10.371088250000128], [125.01985497800001, 10.371096638000097], [125.01985228000001, 10.371102103000112], [125.01985236000019, 10.371108895000134], [125.01985660000014, 10.371116998000048], [125.01985669600015, 10.371125147999976], [125.01985126900001, 10.371133361000034], [125.01983198400023, 10.371137658000123], [125.0198223970001, 10.371144559000072], [125.01981138200017, 10.371147404000055], [125.01978928700021, 10.371147657000165], [125.01977679400011, 10.371142365000082], [125.01976979300002, 10.371134294000058], [125.01976410900022, 10.37112077400019], [125.01975712400008, 10.371114061000071], [125.01975288400013, 10.371105957999987], [125.01974569000004, 10.371081586000116], [125.01973868900006, 10.371073515000091], [125.01973584700022, 10.371066755000072], [125.01973424100004, 10.371047753000084], [125.0197313990002, 10.371040993000065], [125.01972449400023, 10.37104107200014], [125.0197162410002, 10.371043884000187], [125.01969841700009, 10.371054956000023], [125.01969160900012, 10.371063186000185], [125.01968757800023, 10.37107274200008], [125.01968500900011, 10.371089074000054], [125.01967808900008, 10.371087794000118], [125.01966850200006, 10.371094697000046], [125.01965212400012, 10.371111187000167], [125.01964398300004, 10.371123507000107], [125.0196454600001, 10.371131642000023], [125.01964970000006, 10.37113974500005], [125.01965389100019, 10.371143772000096], [125.0196663510003, 10.371146347000035], [125.01967070300009, 10.371163958000182], [125.01967760800005, 10.371163879000107], [125.01968316400018, 10.371166533000121], [125.01968184700002, 10.371171982000135], [125.01968204000013, 10.371188283000151], [125.019676548, 10.371191063000026], [125.01966410400007, 10.371189845999993], [125.01964192800017, 10.371183308000184], [125.01962811900012, 10.371183466000048], [125.01961715200002, 10.371190384000045], [125.01959939200003, 10.371206889999996], [125.0195844110001, 10.371224723000125], [125.01957763500025, 10.371235669000157], [125.01956943000005, 10.37124255600014], [125.01955562000012, 10.371242714000118], [125.01953890400011, 10.371230678000188], [125.01952214000005, 10.371214567000038], [125.01951928200015, 10.371206448000123], [125.0195371540002, 10.371199450999995], [125.01955219900015, 10.371187052000153], [125.01955769200015, 10.371184272000107], [125.01956583200024, 10.371171952000111], [125.01956571900018, 10.371162443000173], [125.01957533800032, 10.371158257000161], [125.01958360700007, 10.371156804000123], [125.01959178100003, 10.371147200000053], [125.0195943980001, 10.371134943000186], [125.01958450600023, 10.371116037000036], [125.01958286800004, 10.371094319000008], [125.01957861300002, 10.371084857000142], [125.01957846800008, 10.371072632000107], [125.01957284800017, 10.371064545000024], [125.01955746500005, 10.371048418000044], [125.01954633700018, 10.3710417530001], [125.01954073300021, 10.37103502399998], [125.01953378000007, 10.371031028000004], [125.01951584400001, 10.371032592000176], [125.0195076230001, 10.37103812099997], [125.01949948200013, 10.371050441000136], [125.01949265700011, 10.371057312000062], [125.01948580200019, 10.371061466000072], [125.01948311900003, 10.371068289000164], [125.01947631100006, 10.371076519000155], [125.01947364600005, 10.371084701000086], [125.01947513900029, 10.371094193000033], [125.0194710930001, 10.371102390999965], [125.0194642360002, 10.371106545000146], [125.01945596700011, 10.371107998000184], [125.01941853700009, 10.371096200000068], [125.01940091900019, 10.371109841000077], [125.01939965100007, 10.371119366000073], [125.01940670000022, 10.371131511999977], [125.01939711400018, 10.371138415000132], [125.0193819880003, 10.371144022000124], [125.01937367000016, 10.371141400000113], [125.01936805000003, 10.37113331300003], [125.01935690600021, 10.371125289000076], [125.01934446200005, 10.371124072999976], [125.01932241500026, 10.371128400000089], [125.01930858900005, 10.371127201000093], [125.01929757400012, 10.37113004400004], [125.01928524200014, 10.371138337000104], [125.01927718100012, 10.371157449000066], [125.01926900800004, 10.37116705200009], [125.01926769100021, 10.371172501999979], [125.01926093100019, 10.371184806000144], [125.01925966300007, 10.37119433100014], [125.01926114000025, 10.371202465000067], [125.01925707800012, 10.371209303000114], [125.01925314400012, 10.371227010999974], [125.01924762000021, 10.371227074000103], [125.01923927000007, 10.371221735000063], [125.01922828700015, 10.371227294999983], [125.01921733600022, 10.371235572000046], [125.01920917900031, 10.371246534000079], [125.01920097300001, 10.371253421000063], [125.0191790230001, 10.37126589899998], [125.01917497700015, 10.37127409700014], [125.01917650200005, 10.371286306000172], [125.01917383800014, 10.37129448800016], [125.01916698000014, 10.371298642000113], [125.01914363300023, 10.371309778000182], [125.01913117200002, 10.371307203000072], [125.0191228870001, 10.371307298000147], [125.01910647600005, 10.371321072000057], [125.01909542900012, 10.371321198000032], [125.01908719100004, 10.371325368000043], [125.01907362300028, 10.371345902000144], [125.01905176900004, 10.371366530000046], [125.01903261300026, 10.371381694000092], [125.0190327250001, 10.371391202000154], [125.01902906400005, 10.371405260000074], [125.01902873800009, 10.37143072200007], [125.01903132600012, 10.37143708800005], [125.01904426600004, 10.371453958000188], [125.01904491300002, 10.371462552000025], [125.01904135300015, 10.371469872000091], [125.01903747000006, 10.371471463000148], [125.01903488100015, 10.371469870999988], [125.0190264700002, 10.37145809399999], [125.01901676400007, 10.37145236400005], [125.01900722600021, 10.371453988000042], [125.01899616300011, 10.37145275600011], [125.01898654400009, 10.371456942000066], [125.01896862400008, 10.371459864000144], [125.01894935600001, 10.371465519000026], [125.01894389600011, 10.371471015000111], [125.01893993000033, 10.371486005000122], [125.01893721600015, 10.371490112000174], [125.01892897900007, 10.371494282000185], [125.0189285140001, 10.371505532000015], [125.01893834100008, 10.371519005000152], [125.01893426400022, 10.371524486000169], [125.01891497800023, 10.371528783000088], [125.0188915980001, 10.371537202000184], [125.01888331200007, 10.371537296000156], [125.0188749790002, 10.371533316000182], [125.01885545300001, 10.371517237000035], [125.01884442100015, 10.371518722000076], [125.01883623200013, 10.371526967000136], [125.0188252490002, 10.371532527000056], [125.01882380300003, 10.371527109000112], [125.01882640500025, 10.371513494000169], [125.01883046700004, 10.371506654000143], [125.01883873800011, 10.371505201000105], [125.01884418000009, 10.371498346000124], [125.01884679700004, 10.371486089000086], [125.01884389200006, 10.371473895000179], [125.01883266700008, 10.37145908000008], [125.01882569800011, 10.371453725000094], [125.01880496700005, 10.37145260400007], [125.01879379100001, 10.371441862999973], [125.0187868390002, 10.371437866999997], [125.01877858500006, 10.371440679000102], [125.01877583900034, 10.371442069000182], [125.01877463500011, 10.37145702700019], [125.0187706370001, 10.371469300000058], [125.01876382800015, 10.371477529000117], [125.01875989400003, 10.371495235000168], [125.01875162500016, 10.37149668799998], [125.01874613300004, 10.371499468000081], [125.01873107100005, 10.371510509000188], [125.01872416700019, 10.371510588000092], [125.01871716600022, 10.371502517000067], [125.01871432400014, 10.371495756999991], [125.01870597400011, 10.371490418000008], [125.0186990530002, 10.371489139000175], [125.01869081500001, 10.371493308000083], [125.01868813400006, 10.371500132000108], [125.01868264200004, 10.371502912000153], [125.01868132600009, 10.371508361000167], [125.01866917000018, 10.371531596000068], [125.01866790200006, 10.371541120000131], [125.0186609650001, 10.371538483000165], [125.01865671000019, 10.371529022000004], [125.01864420100014, 10.371522372000186], [125.01863992900007, 10.371511552000186], [125.0186288660002, 10.371510320000084], [125.01862061200006, 10.371513132000132], [125.01861102600014, 10.371520034000184], [125.01860139200005, 10.371522862000063], [125.01859604500021, 10.371537867000143], [125.01859212700003, 10.371556932000033], [125.01859362000027, 10.371566425000026], [125.01859101900016, 10.37158004000014], [125.018582605, 10.371569268000144], [125.01857563600004, 10.37156391300016], [125.01856465300011, 10.37156947300008], [125.01855358900025, 10.371568241000148], [125.0185423490002, 10.371552067000039], [125.01853538000012, 10.371546713000157], [125.01852984000016, 10.371545418000153], [125.01851619100034, 10.371559159000128], [125.01850933500032, 10.371563314000184], [125.01849448200005, 10.371592013000168], [125.01848483100002, 10.371593482000037], [125.01847100700002, 10.371592282000108], [125.01846551400001, 10.371595062000154], [125.01845769500017, 10.371634550000067], [125.01846328300007, 10.37163992000012], [125.01846753800032, 10.371649381000111], [125.0184800950002, 10.371660106000036], [125.01848577900012, 10.371673626000074], [125.01848597200012, 10.37168992700009], [125.01847776700004, 10.371696814000018], [125.01846951300001, 10.37169962500019], [125.01845706900008, 10.37169840900009], [125.01844639800004, 10.371693361000041], [125.01844034500016, 10.371692241999995], [125.01842454700022, 10.371684106000032], [125.01841609300004, 10.371684203000143], [125.01840151600004, 10.3716772410001], [125.01839073100007, 10.371684492999975], [125.01838716500015, 10.371689286000105], [125.0183848470001, 10.371697630000085], [125.01837161800006, 10.371702534000178], [125.01835948500002, 10.371697920000145], [125.01835576300005, 10.371689646000164], [125.01835563700001, 10.371678954000174], [125.0183845800002, 10.371675057999994], [125.01839056200004, 10.371670237000046], [125.01839169900018, 10.37166428400019], [125.01838198200016, 10.371659642000168], [125.01837234800007, 10.371662129000129], [125.01836501700006, 10.371655084000167], [125.01839508400019, 10.371644046000142], [125.01840224600005, 10.37163683600005], [125.01841054500017, 10.371623671000123], [125.01841168300007, 10.371617717000163], [125.01840313000014, 10.371609498000112], [125.01837887800014, 10.371601459000033], [125.0183703250002, 10.371593239999982], [125.01834968200001, 10.371583971000007], [125.01833629900023, 10.371575807000056], [125.0183313980001, 10.371569923000095], [125.01832287300022, 10.371564079000166], [125.01831441900003, 10.371564176000106], [125.01830482800005, 10.37157022700012], [125.01829769400013, 10.371579812000107], [125.01828928200018, 10.37158347400009], [125.01828077200014, 10.371578819000149], [125.01827109600003, 10.371577741000067], [125.0182638780002, 10.371580200000153], [125.0182496110001, 10.37159937400014], [125.01824850100002, 10.371607703000052], [125.01825111300013, 10.371624307000161], [125.01824999000007, 10.371631449000063], [125.01825250400009, 10.37163973700001], [125.01825132400006, 10.37164212700003], [125.01825623900015, 10.371649200000036], [125.01825879500007, 10.371661052000093], [125.0182661680002, 10.371671660999993], [125.01827581500004, 10.371670361999975], [125.0182844520001, 10.371685709000076], [125.01827515600007, 10.37171670700019], [125.01826670200023, 10.371716804000073], [125.01826181500007, 10.371712107000178], [125.01825313600034, 10.37169319600008], [125.01824333400009, 10.371681427000112], [125.01823120100005, 10.371676813000079], [125.01821668000002, 10.371674603000088], [125.01820583900007, 10.371677104000184], [125.01818773700018, 10.37167849900004], [125.01817926900003, 10.37167740800004], [125.01817196600007, 10.371672739000076], [125.01815986100019, 10.371670501000096], [125.01814417500009, 10.37167186900001], [125.01810571100032, 10.371687755000096], [125.0180901650001, 10.371701002000009], [125.01808784800016, 10.371709345000113], [125.01807952100012, 10.371720134000043], [125.01807471800032, 10.371722565000141], [125.0180686650001, 10.371721446000151], [125.01805623700011, 10.37169735000009], [125.01805855400005, 10.371689007000043], [125.01805837200004, 10.371673563000172], [125.01804986100001, 10.37166890800006], [125.01804137900001, 10.371666628000014], [125.01803279800004, 10.371656033000136], [125.01801708500011, 10.371655025000052], [125.01800635500013, 10.37166702900015], [125.01800523200006, 10.371674171000052], [125.0180089810001, 10.37168482100003], [125.01800062600023, 10.371693234000077], [125.01799100600033, 10.371696908000047], [125.01798015100007, 10.371698221000088], [125.01797416800002, 10.371703042000036], [125.01796710500003, 10.371718568000063], [125.01796838400003, 10.371724494000034], [125.01797811500023, 10.371730324000168], [125.01802301100008, 10.371747632000165], [125.01802676000011, 10.371758282000144], [125.0180232350001, 10.371766640000146], [125.01801749200001, 10.371791656000084], [125.01800913600005, 10.37180006900013], [125.01800309800012, 10.371800138000083], [125.01798731300016, 10.371793190000005], [125.01798126100016, 10.371792071000186], [125.0179799120001, 10.371780205000107], [125.0179678070001, 10.371777967000071], [125.01795332900019, 10.37177932100002], [125.01794852700027, 10.371781752000118], [125.01793903300006, 10.371796118000077], [125.01792348700019, 10.371809366000093], [125.0179199480001, 10.371816535000107], [125.01791140700004, 10.371813852000116], [125.01790935400015, 10.371808466000061], [125.01789908700027, 10.371803751000073], [125.01789155800009, 10.37180576999998], [125.01788881900018, 10.371809137000184], [125.01788334100002, 10.371829335000086], [125.01788607800017, 10.371837415000016], [125.01789292200021, 10.371843476000095], [125.01789566000025, 10.37184953600007], [125.01788676000001, 10.371863674000167], [125.01788607400022, 10.371871080000062], [125.01788744300006, 10.37187646700005], [125.01788949600007, 10.37187848700006], [125.01790523900024, 10.371885222000174], [125.01791208200007, 10.371895322000114], [125.01791208100008, 10.371907442000065], [125.01790797300009, 10.371916868000142], [125.01790044300003, 10.371922926000082], [125.01789496700007, 10.371924946000092], [125.01788538400012, 10.37192494499999], [125.01787032500022, 10.371922250000068], [125.01785732100006, 10.371918208000068], [125.01784294700008, 10.371911474000058], [125.01783541800012, 10.371912146999989], [125.01782651800022, 10.371918205000156], [125.01780735000023, 10.37193907599999], [125.01779502800014, 10.371960620000038], [125.017790235, 10.371971392000034], [125.01778886500006, 10.371978799000033], [125.01777996400006, 10.371997650000083], [125.01777927900014, 10.372007076000159], [125.01777147100006, 10.372028534000151], [125.01777053, 10.372051120000037], [125.01777180800013, 10.37205704600018], [125.01778043200011, 10.372071204999997], [125.01779054400026, 10.372078355999975], [125.01779422200002, 10.372083066000016], [125.01778710200017, 10.372093841000094], [125.01777873300011, 10.372101066000084], [125.01777041900016, 10.372113042000024], [125.01776075800012, 10.3721131530001], [125.01775227500002, 10.37211087300011], [125.01772820500003, 10.372118278000073], [125.01772222300008, 10.372123099000078], [125.0177162550001, 10.372129108000081], [125.01771040000006, 10.372144621000075], [125.01770325100006, 10.372153019000052], [125.01769005000017, 10.372160299000086], [125.01768170900004, 10.37216990000013], [125.01765915500016, 10.372203426000056], [125.01764738700001, 10.372229699000172], [125.01764382000022, 10.372234493000008], [125.01763778200007, 10.37223456200013], [125.01762927200002, 10.37222990700019], [125.01762083200003, 10.37223119100014], [125.01760405000016, 10.372242077000124], [125.0175906400001, 10.372231537000118], [125.01757630100008, 10.372244770000066], [125.01756906900016, 10.372246041000096], [125.01756067100018, 10.372250890000032], [125.01754512500008, 10.372264137000172], [125.0175392550002, 10.372278462000054], [125.01753085700022, 10.37228331100016], [125.01751896400003, 10.37229889300005], [125.01752869500001, 10.37230472200008], [125.0175299870001, 10.372311836000108], [125.01752171500016, 10.372327376000158], [125.01750855700016, 10.372338220000188], [125.01749903600012, 10.372350210000093], [125.01749098900007, 10.372384758000123], [125.0174935450001, 10.372396611000113], [125.01750331900007, 10.372406004000084], [125.01751060700008, 10.372409485000105], [125.01751671600016, 10.372415355999976], [125.01751198400018, 10.372423727000069], [125.01750242100013, 10.372432153000034], [125.01747858900012, 10.372459753000044], [125.01746541700027, 10.372469409000132], [125.01746315600019, 10.372482504000061], [125.01745842300022, 10.372490875000096], [125.01745481400019, 10.372492105000049], [125.01743778000002, 10.372481606000122], [125.01743765300012, 10.372470915000065], [125.01746145700008, 10.372440939000057], [125.01746374600009, 10.37243021900008], [125.01746110500005, 10.372411239000087], [125.01746222900022, 10.372404098000118], [125.01746092300004, 10.372395796000148], [125.01745478600003, 10.37238754900011], [125.0174522860002, 10.372380449000048], [125.0174473850002, 10.372374564000154], [125.0174424290002, 10.37236392799997], [125.01743390400009, 10.372358084000041], [125.01742300600006, 10.372355833000142], [125.0174108450002, 10.372348843000054], [125.0174023630002, 10.372346564000168], [125.01738796800021, 10.372355046000166], [125.0173639410001, 10.372366013999965], [125.01735676500016, 10.372372036000115], [125.01734609200025, 10.372388792000095], [125.01734614800012, 10.372393544000147], [125.01735718900022, 10.372407906999968], [125.01735630400003, 10.37243524400003], [125.0173515570001, 10.37244242700018], [125.01733587100023, 10.372443795000095], [125.01732386400022, 10.372449873000107], [125.01731302300027, 10.372452372000055], [125.01730462500029, 10.372457222000094], [125.01730600100007, 10.372471464], [125.01730489300019, 10.372479793000082], [125.01730739200025, 10.372486893000143], [125.01731966600005, 10.372503387000052], [125.01732571800017, 10.372504506000098], [125.01734140400004, 10.372503138000127], [125.01736187900008, 10.372498151000173], [125.01736435100008, 10.372502876000112], [125.01736082600007, 10.372511233000182], [125.01735603700013, 10.372514852000052], [125.01735497000016, 10.37252674600012], [125.01735624800006, 10.37253267200009], [125.01735991300006, 10.37253619400002], [125.01735880400008, 10.372544524000034], [125.01733466400003, 10.372545988000127], [125.01732142100013, 10.372549704000107], [125.01729350300013, 10.372538141999996], [125.01728497900012, 10.37253229900017], [125.01727406700024, 10.372528859000056], [125.01726443400025, 10.372531346000187], [125.01724040600004, 10.372542313999986], [125.01722605400028, 10.372554360000095], [125.01721303600004, 10.372577083000124], [125.01720104300011, 10.372584349000022], [125.01719872600017, 10.372592693000172], [125.01719882400016, 10.372601009000164], [125.01721239000005, 10.372624616000053], [125.01720887900001, 10.372634161000065], [125.01719577700021, 10.37264975700009], [125.01719322600002, 10.372669551000172], [125.01718487100015, 10.372677963000115], [125.0171752230001, 10.372679262000133], [125.01716914300027, 10.372675767000146], [125.01716310400002, 10.372675836000042], [125.01715953700023, 10.372680630000104], [125.01715849800019, 10.372694899000123], [125.01715497300017, 10.372703256000023], [125.01714776900008, 10.37270690300005], [125.01712235100013, 10.372702441000001], [125.01711271700003, 10.372704928000132], [125.01709472800007, 10.372715827000093], [125.01708509400021, 10.37271831300012], [125.01708009500021, 10.372704113000168], [125.0170740420001, 10.372702994000178], [125.01707036300013, 10.372698284000137], [125.01706429600006, 10.372695977000035], [125.01705949300026, 10.372698408000133], [125.0170535530001, 10.37270679300002], [125.01704422900002, 10.37273541500008], [125.01703826000005, 10.37274142400014], [125.01703352800018, 10.372749794000129], [125.01703835800004, 10.372749740000131], [125.0170517270002, 10.37275671599997], [125.0170469950001, 10.372765087000062], [125.01704717800021, 10.37278053000017], [125.01705109600005, 10.372805436000135], [125.01705601100002, 10.372812509000084], [125.01705605300015, 10.372816073000024], [125.01705132000006, 10.37282444400006], [125.01703941200014, 10.372838838000007], [125.01703218000023, 10.372840109000038], [125.01702845800014, 10.37283183400018], [125.01702355700013, 10.372825950000049], [125.01701507500013, 10.372823671000106], [125.01701020200005, 10.372820162000096], [125.01699707200021, 10.372821211000087], [125.01699403400005, 10.372826439000164], [125.01698795900006, 10.372830173000125], [125.01698112500003, 10.372831666000138], [125.01696973500009, 10.372830170000043], [125.01696593800011, 10.372831665000035], [125.01695682500008, 10.372838386000183], [125.01693859800014, 10.372857803999977], [125.0169317640001, 10.372861538000109], [125.01691581700027, 10.372866018000138], [125.01690594500019, 10.372874980000176], [125.01688012700004, 10.372879459000103], [125.01687481000022, 10.372886181000126], [125.01687405000007, 10.372893650000151], [125.01686873300014, 10.372908588000143], [125.01685734200032, 10.372914562000062], [125.01685278500008, 10.372921284000086], [125.01684822800007, 10.372934729000065], [125.0168421520001, 10.37293920999997], [125.0168231680002, 10.372940701000005], [125.01681633400017, 10.37294294100002], [125.01681253700008, 10.372945929000082], [125.0168019040002, 10.372962360000145], [125.01678443800017, 10.372970574000078], [125.0167768440001, 10.372976549000157], [125.01677304700002, 10.372984765000126], [125.01677304600014, 10.372993727000164], [125.01677076600026, 10.37300343700008], [125.01676545000021, 10.373009413000034], [125.0167593750001, 10.373012399999993], [125.01675557900012, 10.373012399999993], [125.0167365970002, 10.373004181000113], [125.01672444600001, 10.373006421000127], [125.01671761100022, 10.373010902000033], [125.01671077600008, 10.373020611000072], [125.01670621800008, 10.373033308000117], [125.01670469600015, 10.373063933000083], [125.01670634900017, 10.373075042000039], [125.01670521100004, 10.37308099600017], [125.0167016580001, 10.37308697700007], [125.01670059100002, 10.373098871000138], [125.01670185500018, 10.373103609000168], [125.01670553400004, 10.373108319000039], [125.01670199500018, 10.3731154890001], [125.0166997340001, 10.373128584000028], [125.01669371000014, 10.373129841000036], [125.01669003100005, 10.373125130999995], [125.01668275600014, 10.373122838000086], [125.0166766330002, 10.373115779000102], [125.0166716760001, 10.373105142000043], [125.01666315200009, 10.373099298999989], [125.01664378600003, 10.373095956000157], [125.01663769100003, 10.373091273000057], [125.01663399800032, 10.373085375000073], [125.01662915300005, 10.373084242000061], [125.01661595200005, 10.373091522000152], [125.01659549100009, 10.373097697000048], [125.01658476200032, 10.373109701000146], [125.01656548300002, 10.373143543000083], [125.01655746600022, 10.373151428000142], [125.01653642200006, 10.373162268000158], [125.01652339500015, 10.373164238000129], [125.01651036700014, 10.373171136000167], [125.01650535700003, 10.373176064000063], [125.01650235000011, 10.373180006000041], [125.0164993420002, 10.373192819999986], [125.01649733800002, 10.37319577500017], [125.01648831900025, 10.373200704000112], [125.01647829600006, 10.373214502000053], [125.01647529000002, 10.373222387000055], [125.01647428600006, 10.373237172000131], [125.01647027600006, 10.373251957000036], [125.01647127500007, 10.37327265600004], [125.01647227700016, 10.373275613000033], [125.01648129500006, 10.373283499000138], [125.01650661200006, 10.37328313400019], [125.01654292800004, 10.373289847000137], [125.01657086000012, 10.373302597000134], [125.01657591500009, 10.373321550000185], [125.01656284100022, 10.373339521000162], [125.01655930200002, 10.373346691000052], [125.01655208400007, 10.373349149999967], [125.01655080600005, 10.373343223999996], [125.01655191500004, 10.373334894000038], [125.01654941500033, 10.373327793999977], [125.01654205700004, 10.373318373000188], [125.01653954300002, 10.373310084000138], [125.01651113600008, 10.373307866000118], [125.01650311900005, 10.373309837000022], [125.01649209500022, 10.373320678000084], [125.01648708500011, 10.373322648999988], [125.01648407900007, 10.373323633999973], [125.01646504000018, 10.373321661000091], [125.01646002900009, 10.37332461699998], [125.01645401600001, 10.37333250200004], [125.01645401400003, 10.37334925800019], [125.01644800100007, 10.373355171000014], [125.01644299100008, 10.373357142000089], [125.01643497500015, 10.373357141000042], [125.01640691800003, 10.373349253000072], [125.01639990400031, 10.373349251999969], [125.01638587500008, 10.37335319300007], [125.01637886000003, 10.37335812100008], [125.0163718440001, 10.373366005000037], [125.01635681200014, 10.37338374500007], [125.01635380500011, 10.373389659000054], [125.01635079800019, 10.373397544000056], [125.01635079700009, 10.37340444400013], [125.01635680700008, 10.373431057999994], [125.01635279700008, 10.373441899999989], [125.0163477860001, 10.37344682700018], [125.0163197290002, 10.373445839000055], [125.01630870600002, 10.373448794000069], [125.01629449300003, 10.373447146999979], [125.01625393500001, 10.373490383000046], [125.01623720900011, 10.373506021000082], [125.01622881100013, 10.373510870000018], [125.01622038500011, 10.37351334200008], [125.01620479700011, 10.373523026000157], [125.01620125800002, 10.373530195000114], [125.01620756400007, 10.373552697000036], [125.0162088840001, 10.373562187999994], [125.01620778800009, 10.373571705000188], [125.01619694800002, 10.373574205000011], [125.01618480000013, 10.373568404000025], [125.01617270800034, 10.373567354000102], [125.01616299000011, 10.37356271200008], [125.01614588600012, 10.373546274000148], [125.01612893600009, 10.373542904000033], [125.01610379800002, 10.373562201000084], [125.0160821720001, 10.373571954000113], [125.01606391500013, 10.373560281000152], [125.01605064500006, 10.373561621000079], [125.01603525300004, 10.373587936000035], [125.01601833100005, 10.373586941000042], [125.01600628200003, 10.373589455000058], [125.01597867300018, 10.373604029000035], [125.0159606410001, 10.373611364000169], [125.0159511200003, 10.37362335400013], [125.0159500530001, 10.373635248000028], [125.0159418090002, 10.373653162999972], [125.01592282300021, 10.373681896000164], [125.01591463600016, 10.373704564999969], [125.01589657600005, 10.373709524000105], [125.01588577700011, 10.373715588000096], [125.01588100200001, 10.373720395000078], [125.01585931900013, 10.373725395999998], [125.0158532820002, 10.373725464000017], [125.01584006600001, 10.373731556000166], [125.01583290400015, 10.373738767000134], [125.015813019, 10.373753644000033], [125.01581001300008, 10.373753643000157], [125.01579698600017, 10.373759555999982], [125.01579197400008, 10.373767441000041], [125.01578495900014, 10.373773354000093], [125.0157538950001, 10.373779264000063], [125.01570579400004, 10.37380685700009], [125.0156486730001, 10.373842335000006], [125.01561259800019, 10.373852188000058], [125.01558353600012, 10.373872883000047], [125.0155765210003, 10.373883724000166], [125.01557351300005, 10.373893581000175], [125.01557251000008, 10.373902452000095], [125.01557651500013, 10.373922166000114], [125.01557551200017, 10.3739359650001], [125.01557250400003, 10.373946807000152], [125.015564487, 10.373956663000058], [125.01553843300019, 10.373957646000065], [125.01553041700004, 10.373960602000125], [125.01551638700016, 10.37397144200014], [125.01549634400033, 10.373980311000082], [125.01547229300002, 10.3739990360001], [125.01546094900016, 10.37402549300009], [125.01544175200013, 10.374036405000084], [125.01541768200002, 10.37404380900017], [125.01539080900022, 10.374069657000177], [125.01536685100018, 10.374086565000141], [125.01536334100012, 10.374096110000153], [125.01535735800007, 10.3741009310001], [125.01535008400015, 10.37409863800002], [125.0153416300002, 10.374098735000075], [125.01533320400017, 10.374101207000137], [125.01530207000008, 10.374124138000127], [125.01527701600014, 10.374150564000047], [125.01526870300006, 10.374162539000054], [125.0152555300001, 10.374172196000018], [125.01524717400014, 10.374180608000017], [125.01524245600012, 10.374190166999995], [125.01522818800004, 10.374209340999982], [125.01522464900017, 10.374216510000167], [125.01521149000007, 10.37422735399997], [125.0151910860003, 10.37423827900011], [125.01518513100007, 10.374245477000159], [125.01517188800017, 10.374249193000082], [125.01516941600028, 10.374244469000075], [125.0151752590001, 10.374227768000026], [125.0151786990001, 10.374212283000077], [125.01517860100012, 10.374203967000085], [125.01517610100007, 10.374196867000023], [125.01516753500005, 10.374187460000087], [125.01516148300004, 10.37418634100004], [125.01515187700033, 10.374191203000123], [125.01512775600008, 10.374193855000158], [125.01511928800005, 10.374192763000053], [125.01509497900008, 10.37417997200015], [125.0150780570001, 10.374178977000156], [125.01504306100003, 10.37418175400012], [125.01503938100007, 10.374177042999975], [125.01505015300006, 10.374168602999987], [125.0150488610002, 10.37416148900013], [125.01504154400004, 10.374155632000111], [125.0150270370001, 10.374154610000176], [125.01502217800021, 10.374152289000108], [125.01501956700008, 10.374135685000113], [125.01501585900007, 10.37412859799997], [125.01500244800002, 10.374118059000068], [125.01499383900023, 10.374105087000089], [125.01498655100033, 10.374101606000067], [125.01498051200008, 10.374101675000134], [125.01497451600017, 10.374105308000026], [125.01497217100007, 10.374111276000178], [125.01496739600009, 10.374116083000104], [125.01496385700011, 10.37412325200006], [125.01495899800011, 10.37412093200004], [125.01495408300013, 10.37411385900009], [125.01494562900018, 10.37411395600003], [125.01491685400003, 10.374132107000037], [125.01490613900012, 10.37414529900002], [125.01489896300006, 10.374151322000102], [125.01488215300003, 10.374159830999986], [125.01487006100012, 10.374158781000062], [125.01486509000017, 10.374146956000061], [125.0148590230001, 10.374144649000186], [125.01485306900031, 10.374151846000132], [125.01484464300017, 10.37415431900007], [125.01483642800008, 10.374174611000171], [125.0148390820001, 10.37419477900005], [125.01484892600001, 10.374210112000185], [125.01484416300013, 10.374224260000062], [125.01484416200003, 10.374229188000129], [125.01484616600021, 10.37423313100004], [125.01484917200025, 10.37423510299999], [125.01485819000015, 10.374235104000093], [125.01486620600008, 10.374241019000124], [125.01486921200001, 10.374244962000034], [125.01486820900016, 10.374250876000133], [125.01486420000003, 10.374255804000029], [125.01485919000004, 10.374257774], [125.01484616300013, 10.374254816000132], [125.01483113200004, 10.374257771000089], [125.0148156570001, 10.374256830000093], [125.01481085400007, 10.374259261000077], [125.01480609400005, 10.37426525699999], [125.01480859300023, 10.374272357000052], [125.01480869200009, 10.374280673000044], [125.01480272300023, 10.374286682000104], [125.01480036400017, 10.374291461000041], [125.01479928200001, 10.374302167000053], [125.01480908500002, 10.374313936000021], [125.01480794700012, 10.374319889999981], [125.01479956300011, 10.374325926000154], [125.01478143400016, 10.374324945000183], [125.0147706480002, 10.374332197000058], [125.0147392470003, 10.374332556000184], [125.01473332100022, 10.374342129000183], [125.01471409600026, 10.374350666000055], [125.01470203300005, 10.374351992000186], [125.0147006850001, 10.374340126000106], [125.01469322800017, 10.374322389000099], [125.01468956200006, 10.374318867], [125.01467626300007, 10.374317831000099], [125.01465347100032, 10.374331161000157], [125.01465114000007, 10.374338316000092], [125.01466008500017, 10.374379799000053], [125.01467581400016, 10.374381995000078], [125.01468304600019, 10.374380724000048], [125.01469546000033, 10.374409098000115], [125.01471024000011, 10.374422210000148], [125.0147092010003, 10.374436480000043], [125.01470569000014, 10.374446025000054], [125.01469143600002, 10.374466386000051], [125.01467831900004, 10.374480794000021], [125.01467246900029, 10.374500227000112], [125.01467046400023, 10.374501212000098], [125.01466946300002, 10.37450614100004], [125.01467046300013, 10.374512055000025], [125.01467847800018, 10.374522898000123], [125.01467747400011, 10.37453669700011], [125.01467346500021, 10.374543597000127], [125.0146744650001, 10.374563310000099], [125.01466945400011, 10.374568238000109], [125.01464640500012, 10.374583020000102], [125.0146113310002, 10.374598787000082], [125.0145932930003, 10.374611598000172], [125.0145785970002, 10.374628075000032], [125.01458231900028, 10.374636349000184], [125.01457882200009, 10.374647083000184], [125.01456803600013, 10.37465433500006], [125.01456327600022, 10.374660330000097], [125.01455601500004, 10.37465922500013], [125.01455230800002, 10.374652138000158], [125.01453892500012, 10.37464397399998], [125.01452686200003, 10.374645300000111], [125.01451964300009, 10.374647759000027], [125.0145160620001, 10.374651364000101], [125.01451736800016, 10.37465966600007], [125.01451506500007, 10.374669198000106], [125.01451875800012, 10.37467509600009], [125.01453280500027, 10.374680517000115], [125.01453573200013, 10.374694085000158], [125.01452759600011, 10.37470778100004], [125.01451653600009, 10.374707907000072], [125.01449434900007, 10.374702720000073], [125.01448052900002, 10.374713451000162], [125.01447451500007, 10.374724293000156], [125.01447651800015, 10.374732177999988], [125.01448753900013, 10.374745979000181], [125.01450858200019, 10.37475091000016], [125.01452862200006, 10.374765697000043], [125.01453864100006, 10.374766684000008], [125.01454665700021, 10.374772599000096], [125.01455066400024, 10.37478048500003], [125.01455066300002, 10.374787384000115], [125.01454665400013, 10.374798226000166], [125.01453562900019, 10.374813996000057], [125.01452961400014, 10.374834694000128], [125.01452961400014, 10.374839622000025], [125.01453061500013, 10.374843565000106], [125.01453462300003, 10.374848494000048], [125.01454263900007, 10.374850466000055], [125.01455466300013, 10.374857366000072], [125.0145566660002, 10.374863282000035], [125.01455566300001, 10.374873138000112], [125.01455165400012, 10.374880037000082], [125.01454163300014, 10.374887922000084], [125.01450355500003, 10.374884959000156], [125.01449553800012, 10.374887916000091], [125.01448651900023, 10.374893829000143], [125.01448150800002, 10.374901714000032], [125.01448250800013, 10.374912556000027], [125.01449052400005, 10.3749234], [125.01450956100018, 10.374933258000112], [125.01452358900008, 10.37493818900009], [125.01453360900018, 10.3749480460001], [125.01453260500011, 10.374958889000027], [125.01452759400013, 10.374970716000007], [125.0145195770001, 10.374975644000074], [125.01450354400004, 10.374975642000095], [125.01449552700001, 10.37497958300014], [125.01447047000022, 10.375023936000161], [125.0144664610001, 10.37502787800014], [125.0144614510001, 10.375029849000043], [125.01445644100022, 10.37502984800011], [125.0144524330002, 10.37502787600016], [125.01444842500007, 10.375024919000168], [125.01444542100012, 10.375009148000004], [125.0144464240002, 10.374997320000091], [125.01445043400008, 10.374987463000082], [125.01445143700016, 10.374972679000109], [125.0144362760002, 10.37493734100019], [125.01442759500014, 10.374904795000191], [125.01441071400006, 10.374880504000032], [125.01439679100008, 10.374872502000073], [125.01438293300009, 10.374869940000053], [125.01437174300008, 10.374859186000037], [125.01436331900015, 10.374848401000122], [125.01433833500005, 10.374840525000025], [125.01430238600017, 10.374840936000112], [125.01427203200012, 10.374846724000065], [125.01424727300014, 10.374857888999998], [125.01423917000022, 10.374874304000059], [125.01421743400022, 10.37490719800013], [125.01420373600001, 10.374918236000156], [125.01418711200006, 10.374915706000081], [125.01416199900018, 10.374896950000164], [125.01413981300027, 10.374891763000164], [125.01412601900006, 10.374894641000026], [125.01409572900002, 10.374905869000088], [125.01408765800011, 10.374925004000147], [125.01409074500009, 10.374952172999997], [125.01409942600003, 10.374984719000054], [125.01411080900004, 10.375011794000045], [125.0141158350001, 10.375031805000049], [125.01411984300023, 10.375034761999984], [125.014128862, 10.375035749000176], [125.01414790100023, 10.375031809000006], [125.01416293200032, 10.375032796000028], [125.01418597800011, 10.375039699000126], [125.01419599800022, 10.375046600000076], [125.01421403400013, 10.375054487000114], [125.0142350770002, 10.375054490000025], [125.01427515800003, 10.375062380000145], [125.01429319500016, 10.375063368000042], [125.01431323300005, 10.375084067999978], [125.01432826200016, 10.375111669000034], [125.01432926100017, 10.37512349800005], [125.01431022000008, 10.375139266000133], [125.01430621100019, 10.375146165000046], [125.01430621100019, 10.375151094000046], [125.01431723200017, 10.375161937000144], [125.0143442860001, 10.375170811000146], [125.01434929600009, 10.375170812000079], [125.01435931700019, 10.375169827999969], [125.01437134200012, 10.375164901000005], [125.01438336800004, 10.375156031000188], [125.01441242700014, 10.37515800600005], [125.01442745800023, 10.375161950000063], [125.01444549300015, 10.375170822000086], [125.01445350900008, 10.37517673800005], [125.0144575180002, 10.37518363900017], [125.01446719600006, 10.375213489000146], [125.01445750900007, 10.375252300000056], [125.0144444780002, 10.37528088200014], [125.01444347500001, 10.375285811000083], [125.01444748200004, 10.375297639000166], [125.01444647900007, 10.375301582000077], [125.01443645600023, 10.375324251000052], [125.01441841700023, 10.375344948000077], [125.01440037900034, 10.3753528310001], [125.01438835400018, 10.375352830000054], [125.01436934900005, 10.375358791000053], [125.0143417600002, 10.375364547000004], [125.0143168400001, 10.375362111000186], [125.0142808920001, 10.375362522000103], [125.01425057000029, 10.37537103000011], [125.01423671100008, 10.37536846800009], [125.01418140600003, 10.375369100000114], [125.01416301900008, 10.375366201000134], [125.01415141200005, 10.3753527450001], [125.01414281700033, 10.375349560000132], [125.0141258000001, 10.375351576000128], [125.01409524500014, 10.375358896000023], [125.01405466500012, 10.375376484000014], [125.01401586000009, 10.375397391999968], [125.01393296100002, 10.37543092300018], [125.01389586100015, 10.375451797000153], [125.01386725300006, 10.375470825000093], [125.01382670800001, 10.375490089000095], [125.01381828600006, 10.375495290999993], [125.01381163600001, 10.375502102000098], [125.01380391800012, 10.375497116000076], [125.01379566100002, 10.375494630000048], [125.0137769380002, 10.37549668100013], [125.01375160100008, 10.37550893100007], [125.0137345500001, 10.37550927000018], [125.01372275100005, 10.375516217000154], [125.01371453600018, 10.375531483000145], [125.0137100070001, 10.375560098000108], [125.01369987900011, 10.375565333000111], [125.01368957900002, 10.375562183000056], [125.01367750500003, 10.375555711000004], [125.01366205400006, 10.375550985000189], [125.01365154700022, 10.37553777000005], [125.01363950700011, 10.375532975999988], [125.01361058800012, 10.375536907000082], [125.0135817380002, 10.375544193000167], [125.0135709650001, 10.375553064000087], [125.01356031000023, 10.375557164000043], [125.01355428700015, 10.375562631000093], [125.01354363100018, 10.375577211000007], [125.01353482700017, 10.375597714000037], [125.01352324600032, 10.375605003000032], [125.01351537200003, 10.375605458000166], [125.01350564300003, 10.375601811000138], [125.01349915800029, 10.375601355000072], [125.01349730500021, 10.375602266000044], [125.0134935980002, 10.375610467000115], [125.01348572300014, 10.375615023000137], [125.01348155300002, 10.3756154780001], [125.01347506800005, 10.375614110000129], [125.01346256200009, 10.375606363000145], [125.01345190800009, 10.37560636100011], [125.01343800900008, 10.37562276300008], [125.01343198600023, 10.37563506500004], [125.01342299900011, 10.375641046000055], [125.01341474900016, 10.375654633000067], [125.0133878800001, 10.37567530300015], [125.01337608200004, 10.375682251], [125.01334563000023, 10.37569460300017], [125.01331862300003, 10.37570856400015], [125.01330685900007, 10.37571718800018], [125.01328298600004, 10.375717663000103], [125.0132559450002, 10.375729947000082], [125.01324929700013, 10.375738470000158], [125.0132461280001, 10.375750279000158], [125.01323948000015, 10.375758801000131], [125.01323457100011, 10.37576896600018], [125.0132195000001, 10.375782690000051], [125.01320258600026, 10.375789739000027], [125.01319760900014, 10.375796550000132], [125.01319437100005, 10.375805004000142], [125.0131810050002, 10.375818694000031], [125.01317292800013, 10.375840669000183], [125.01315976900003, 10.375864422000063], [125.01314771300008, 10.375870532000079], [125.01314367500026, 10.375876035999966], [125.01312648300006, 10.37587807300008], [125.01310763800006, 10.375883534000081], [125.01309507000008, 10.375892571000179], [125.01308973300024, 10.37589869500016], [125.01308439400009, 10.375911818000077], [125.01308528100003, 10.375930191000123], [125.01309150600014, 10.375940691000096], [125.01309150500003, 10.375952939000058], [125.01308883600007, 10.375956439000163], [125.01307994100011, 10.37596256200004], [125.01305147700009, 10.375971307000157], [125.01304258300013, 10.375971306000054], [125.01302301500004, 10.375966929000128], [125.01301412100008, 10.375966928000025], [125.01299988900007, 10.375973926000086], [125.01299366100011, 10.375985299000035], [125.01299276800012, 10.376015045000031], [125.01299721300006, 10.376030793999973], [125.01300610600003, 10.376043044000141], [125.0130078840001, 10.376048294000043], [125.01300521500002, 10.37605879199998], [125.01300254600005, 10.37606229100004], [125.01299276200018, 10.376064915000086], [125.01298475700014, 10.376063164000186], [125.01297230500018, 10.376057038000056], [125.01296074300024, 10.376055287000156], [125.01294295300022, 10.376060533000043], [125.01292338300016, 10.37607453000004], [125.01291982500004, 10.376079779000065], [125.0129180450001, 10.376087653000184], [125.01292515800003, 10.376104277000138], [125.01292248700008, 10.37612352500014], [125.01291981900022, 10.37612702400014], [125.01291092300005, 10.37613227300011], [125.0128984690001, 10.376152394000087], [125.01289135300021, 10.376155893000146], [125.01288245800004, 10.37615501700003], [125.01283532100001, 10.376127889000145], [125.01282642600006, 10.376127888000042], [125.01281397300022, 10.376131386000168], [125.01280329900021, 10.37614188300006], [125.01279885000008, 10.3761523820001], [125.01279618000001, 10.376165505000017], [125.01279617700015, 10.376188252000077], [125.01279973300007, 10.376201376000097], [125.0128273040001, 10.376218878000088], [125.01283886600004, 10.376231128000029], [125.0128566530002, 10.376241629000106], [125.01285932200028, 10.376244254000085], [125.01286109900002, 10.376249504000157], [125.0128593180001, 10.376263501000153], [125.01285309000014, 10.376280125000108], [125.01284686300005, 10.376290623000102], [125.01283707700009, 10.376300244999982], [125.01282195400006, 10.37631949200005], [125.01281928500009, 10.376328240000078], [125.01282106300005, 10.376338739000175], [125.01283084500017, 10.376347490000057], [125.01284402600004, 10.376355275000094], [125.01280847800001, 10.37638649500019], [125.01278657100022, 10.376410663000058], [125.01277468700016, 10.376419375000069], [125.01276459500002, 10.376431442000126], [125.01274961400009, 10.376457168000115], [125.0127411750002, 10.376465812000106], [125.01273266600015, 10.376471066000022], [125.01271716300016, 10.376471375000108], [125.01270517400019, 10.376475004000156], [125.0126983880001, 10.376480224000034], [125.01268643400022, 10.376485548000119], [125.01268147500002, 10.376495817000034], [125.0126816840002, 10.376505984000062], [125.01267855200024, 10.376521303000175], [125.01267049700004, 10.376548586000013], [125.01266223000016, 10.376562702000115], [125.01264420400003, 10.376569032000134], [125.0126081520001, 10.37657662600003], [125.01259914000025, 10.376576625000098], [125.01257467600021, 10.376572823000174], [125.01254892500026, 10.37657281900016], [125.01252961200021, 10.376576616000023], [125.01251673500008, 10.376584214000104], [125.0125115840001, 10.376594345000171], [125.01250900700018, 10.37660954300003], [125.01251158000014, 10.376622208000072], [125.01251672900014, 10.376631074000102], [125.01253217900012, 10.376638675000095], [125.01256565400001, 10.376641212000038], [125.01257595400011, 10.376645011999983], [125.0125811050001, 10.376651345000084], [125.01258110200001, 10.376664010000184], [125.01257466300012, 10.37667287500011], [125.01257080000005, 10.376674141000024], [125.01254376200006, 10.376676670000165], [125.01247934700007, 10.376691484000105], [125.01247367200017, 10.376697298000067], [125.01246947400023, 10.376704506000124], [125.01246959100013, 10.376710204000062], [125.01247411100007, 10.376718665000169], [125.01248737900016, 10.376729801000181], [125.01248897300013, 10.376736895000079], [125.01246358000003, 10.376770176000036], [125.01243068300005, 10.376790782000171], [125.01242503700018, 10.376798019000148], [125.01242382300006, 10.376809444000116], [125.01241826400008, 10.376820955000085], [125.01240969300011, 10.376826826000126], [125.01239512300015, 10.376822840000159], [125.01238049500023, 10.376816006000126], [125.01237041700006, 10.376819057000091], [125.01235755900007, 10.37682786300013], [125.01234907500009, 10.37683800700006], [125.01234670600002, 10.376863705000062], [125.01234265400001, 10.376878036000107], [125.01233411200019, 10.376885331000096], [125.01232739800014, 10.376911115999974], [125.01232611200021, 10.376937198000007], [125.01231464400018, 10.376951319000057], [125.01231464400018, 10.376954529000102], [125.01231137800005, 10.376959879000026], [125.01231355200002, 10.37697272000014], [125.01231028800032, 10.376978070000007], [125.01230158500005, 10.376979139000014], [125.01228635600012, 10.376969506000023], [125.01228309300029, 10.376965226000038], [125.01226568700008, 10.376967364000052], [125.0122602470002, 10.376976994000131], [125.012259158, 10.376982344000055], [125.01226024500022, 10.37699304500012], [125.01225698000019, 10.377001605000089], [125.01224174900005, 10.377010163000136], [125.0122178150001, 10.377018721000127], [125.01220584900011, 10.377018719000091], [125.01219605800009, 10.377020858000037], [125.01218409300009, 10.377019786000119], [125.01217538900005, 10.377016575000084], [125.01215254600004, 10.377002662000109], [125.01213949200007, 10.376998380000089], [125.01212970200015, 10.37699944800005], [125.01211882200016, 10.377005867000094], [125.01211338200005, 10.377011217000188], [125.01210359000015, 10.37702619700002], [125.01209597200022, 10.377046527000118], [125.01208726800019, 10.377055085999984], [125.01207421300012, 10.377060435000033], [125.0120698620002, 10.377064715000188], [125.01206333300001, 10.377075414000103], [125.0120557140001, 10.377101095000171], [125.0120578850001, 10.37713640700008], [125.01206223500014, 10.377149247999967], [125.01207420000003, 10.37716209100006], [125.01209812800005, 10.377199546000043], [125.01210139000011, 10.377205967000123], [125.01210138900001, 10.377212387000156], [125.01209921300006, 10.37721773700008], [125.01208942100004, 10.377225226000064], [125.01207310300015, 10.377232715000048], [125.01206331100002, 10.377241274000141], [125.01206113500007, 10.377245554000126], [125.01205025500008, 10.377257322000048], [125.01203067200015, 10.377266951000024], [125.01201931500032, 10.377267077000056], [125.01198369700023, 10.37729628700015], [125.01197089800019, 10.37730794200013], [125.011945534, 10.377342648000024], [125.0119285070001, 10.377360088000046], [125.01191579600004, 10.377376016000085], [125.01190893600017, 10.37739467800003], [125.01190517700013, 10.37742325400012], [125.01190416800011, 10.377444650000086], [125.01190585100017, 10.377456017000043], [125.01191187900031, 10.377467298], [125.01192804200014, 10.377478377000102], [125.01193137700011, 10.377499686000021], [125.01193001700005, 10.377503988], [125.01191097700007, 10.377503308000144], [125.01190553800006, 10.377499027000056], [125.01189139500002, 10.37750758600015], [125.0118728970001, 10.377538615000162], [125.01184896200004, 10.377557873000114], [125.01184025700024, 10.37757499300011], [125.01183372600019, 10.377600674000007], [125.01181740100014, 10.377650965000043], [125.01181848800013, 10.377670226000077], [125.0118173950001, 10.377702328000112], [125.01182065600017, 10.37771730899999], [125.01183044500033, 10.377733361000082], [125.01184458600017, 10.377744064000183], [125.01185002400007, 10.377752625000085], [125.01185219700017, 10.377769746000183], [125.01185111000018, 10.37777509600005], [125.01185437000026, 10.377787937000164], [125.01186415900008, 10.377805060000071], [125.0118761230002, 10.377820042000053], [125.01188699900001, 10.377839305000123], [125.01189461400008, 10.37784465600015], [125.01190549000023, 10.377858568000079], [125.01191528000015, 10.377868200000137], [125.01192180700025, 10.377872481000054], [125.01193485800002, 10.377891744000124], [125.01193812200006, 10.377893884000116], [125.01195117500004, 10.377897096000027], [125.01196858100002, 10.377896028000123], [125.01197619700031, 10.377890679000132], [125.01198707800006, 10.377872489000026], [125.01199686900009, 10.377868210000145], [125.01200883600006, 10.377868212000124], [125.01202297700013, 10.377873564000026], [125.0120251520002, 10.37787891400012], [125.01202297600003, 10.377883194000162], [125.0120197120001, 10.37788854400003], [125.0120088320001, 10.377898173000062], [125.01200556800018, 10.377903523000157], [125.01200665400006, 10.377913154000112], [125.01201535600012, 10.377922786000056], [125.0120229700002, 10.377927067000144], [125.01203384900009, 10.377924928000027], [125.01204799200013, 10.377915299000051], [125.01205234500003, 10.377914230000044], [125.01205887100002, 10.37791637100014], [125.01206213400008, 10.37792279200005], [125.01207611900008, 10.377970830000095], [125.01206763500011, 10.377980974000081], [125.01207789000011, 10.377986470000167], [125.01209364400017, 10.377977606000115], [125.01209955400009, 10.377983189000133], [125.01209825200021, 10.37799034000011], [125.01208826100003, 10.37799766400019], [125.01208988500014, 10.378006182000036], [125.01209576700012, 10.378010340000174], [125.01209756500009, 10.378027405000068], [125.01209487400013, 10.378037434000134], [125.01210081400006, 10.378044441000043], [125.01211100900014, 10.37804708900012], [125.01212250600008, 10.378042585000117], [125.0121370180002, 10.378043720999983], [125.01214292700024, 10.378049304000001], [125.01213597900005, 10.378063693000058], [125.01213911000002, 10.378075031000094], [125.01214363000008, 10.378083491000098], [125.01215849200003, 10.378101721000178], [125.01216449000003, 10.37811157700014], [125.01216892200023, 10.378115764000029], [125.01218062500004, 10.378121232000126], [125.0121821900002, 10.378126901000144], [125.01218812900004, 10.378133908000109], [125.0121939510002, 10.378135217000136], [125.01220101600018, 10.378126526000187], [125.0122050970001, 10.37811361900009], [125.0122108610002, 10.37811208000005], [125.01221014500015, 10.378147720000186], [125.01221646500017, 10.37817324600013], [125.01222388100007, 10.378181647000076], [125.01223848000006, 10.378187058000037], [125.01224161100004, 10.37819839600013], [125.01224193300027, 10.378214066000169], [125.012255933, 10.3782608140001], [125.01226479800016, 10.378269187], [125.01227818300003, 10.378286022000054], [125.012288495, 10.378294367000137], [125.01229984600002, 10.378282741000078], [125.01230572700001, 10.378286899000045], [125.0123119000001, 10.378305302000058], [125.0123105990001, 10.378312453000035], [125.01230498200005, 10.378321115000062], [125.01230376800015, 10.37833254000003], [125.0123054500001, 10.378343907000158], [125.01230852300012, 10.378352396000082], [125.01232312100024, 10.378357806000167], [125.01233320000006, 10.378354754999975], [125.0123563410001, 10.378352870000072], [125.0123665660002, 10.378356942000096], [125.01238172200021, 10.378389416000118], [125.01238919700006, 10.37840066700005], [125.0124098230001, 10.378417358000092], [125.01241723900023, 10.378425761000187], [125.01242633900006, 10.378445531000011], [125.01243960600004, 10.378456668000183], [125.01245417600012, 10.378460653000047], [125.01245721900011, 10.378467718000024], [125.01245745300002, 10.37847911300014], [125.01245322600005, 10.378484898000181], [125.01244746200018, 10.37848643700005], [125.01242565200027, 10.37848259599997], [125.01237653100009, 10.378489274000003], [125.01236648200017, 10.378493749000143], [125.01235513100005, 10.378505375000032], [125.01233770800013, 10.378508948000047], [125.01233204800019, 10.378510109000047], [125.01232353500006, 10.378518829000086], [125.01231490500027, 10.37852185100013], [125.01231064800004, 10.378526211000121], [125.01230103800015, 10.378552053000135], [125.01229849300012, 10.37856920400003], [125.0123017410001, 10.378586240000061], [125.01229913800012, 10.378600543000061], [125.01229966500011, 10.378626183000051], [125.01230442000019, 10.378646040000035], [125.0123046250003, 10.378656011000032], [125.01230338200014, 10.378666011000178], [125.01229915400029, 10.378671795000116], [125.01229812400004, 10.378689369000142], [125.01232069700006, 10.378730247000135], [125.01233109800012, 10.378742865000106], [125.01221063000025, 10.37886474700008], [125.01219942800003, 10.378857032000042], [125.01218262400005, 10.378852069999994], [125.01216681300014, 10.37885586300007], [125.01213926900016, 10.378854986000078], [125.01213028600023, 10.37884091300009], [125.01212295800008, 10.37883678500009], [125.01208391600005, 10.378840412000102], [125.01206062800009, 10.37883517500012], [125.01206465000007, 10.37881941900008], [125.01207304600007, 10.378805001000103], [125.01207848700005, 10.378787793000129], [125.0120753860001, 10.378777878999983], [125.0120666680001, 10.378776627000093], [125.01206075800008, 10.378771045000121], [125.01204355500022, 10.37877993700016], [125.01203652000004, 10.378790053000102], [125.0120427810001, 10.37881272900006], [125.0120429860001, 10.378822700000057], [125.0120343850001, 10.378827146000106], [125.01202416000012, 10.378823075000184], [125.01200646000007, 10.378807751000181], [125.0119976530001, 10.378802226000175], [125.01198873000021, 10.378791003000003], [125.01197265400015, 10.378784198000062], [125.01195962000008, 10.378784456999995], [125.01193899400016, 10.378767767000056], [125.01188899500005, 10.378731710000181], [125.01187566900012, 10.378717725000172], [125.01186240100014, 10.378706588000057], [125.01184035600022, 10.3786913510001], [125.01181665800016, 10.37866617100019], [125.01179972300008, 10.378655108000032], [125.01179659200011, 10.378643769999996], [125.0117877570002, 10.378636820000168], [125.01177738500007, 10.378625626000087], [125.01176423400011, 10.378620187000081], [125.01175534000004, 10.378610388000084], [125.01174213100012, 10.378602101000013], [125.0117376400002, 10.378595065000127], [125.01173309800004, 10.378581031000067], [125.01173309900014, 10.378577395000093], [125.0117353170001, 10.378573760000052], [125.01174640800002, 10.37856212600019], [125.01174640900012, 10.378557035000028], [125.01174123500004, 10.378552671000023], [125.01173088400003, 10.378551943000161], [125.01171535800017, 10.3785555770001], [125.01169909400005, 10.378554847000032], [125.01168209100013, 10.378543937000188], [125.01167469900008, 10.378541027000097], [125.01166878400022, 10.378541027000097], [125.01165769400018, 10.37854611600011], [125.0116325570001, 10.378549021000083], [125.01162368500013, 10.378551929000139], [125.01160741800004, 10.378561381000054], [125.01160002500012, 10.378567925000027], [125.01158449700006, 10.378586830000074], [125.01156970900024, 10.37859628200016], [125.01155566200009, 10.378599916000098], [125.0115105640001, 10.378597002000049], [125.01149799600012, 10.37859700000007], [125.01148912400004, 10.37859918100014], [125.01145954900005, 10.378618084000038], [125.01143958400007, 10.378643534000162], [125.01143071100012, 10.378651532000106], [125.01142405700011, 10.378653713000006], [125.01141296800017, 10.378651530000127], [125.01140705300008, 10.378653711000027], [125.0114070510001, 10.37866825499998], [125.01141222400008, 10.378689345000112], [125.01141148200009, 10.378706071000124], [125.01140778500019, 10.37871261600003], [125.01140556700034, 10.378714070000115], [125.0113952160001, 10.378714795999997], [125.01137451700026, 10.378703885000107], [125.01136638400021, 10.37870461100016], [125.01136194800006, 10.378707519000045], [125.0113560320001, 10.37871915400001], [125.01134789800028, 10.378729334000184], [125.01133089200016, 10.378742421000084], [125.01132571500011, 10.378752602000134], [125.01132349600005, 10.37876351000017], [125.01131905900013, 10.378770054000142], [125.0113081510001, 10.378774615000111], [125.01130224100018, 10.378769032000093], [125.01129364000008, 10.378773480000064], [125.01128944200002, 10.37878068800012], [125.01128376600013, 10.378786502000082], [125.01127965600017, 10.37879798400013], [125.01127264900003, 10.378809524000019], [125.01126717900013, 10.378825308000103], [125.01125730500019, 10.378838330000121], [125.01125467300017, 10.378851208000128], [125.0112624410001, 10.378876704000106], [125.01126120200001, 10.378885292999996], [125.01125191400001, 10.378907200000128], [125.0112460690001, 10.37891621500006], [125.01124323700003, 10.378925170000002], [125.01124788100026, 10.378931010000144], [125.01126162800006, 10.378939635000052], [125.011282789, 10.378942180000024], [125.01128890900009, 10.378946508000183], [125.01128484500009, 10.378968834999966], [125.01127893800026, 10.378974885000162], [125.01127146300007, 10.378978000000131], [125.01126411000007, 10.378987045000088], [125.01125072900015, 10.37899620900015], [125.0112355660001, 10.378992062000066], [125.01122049400021, 10.378992362000076], [125.01120246900007, 10.378995686000167], [125.01119807000032, 10.37900170600011], [125.01118453700019, 10.379003458999989], [125.01117407700019, 10.379008116000136], [125.01117130800003, 10.379020036000043], [125.01116555200008, 10.379033498000126], [125.0111717330002, 10.37904079100008], [125.01117815900022, 10.379059954000184], [125.01117379100003, 10.379067456000087], [125.0111603470001, 10.37907365600006], [125.01115154900015, 10.379085696000175], [125.01114148600004, 10.379109626000172], [125.01114357200004, 10.37913776300013], [125.01113329600014, 10.379151316000105], [125.01112748100024, 10.379161813000167], [125.01112932300009, 10.379178091000085], [125.01114020800014, 10.379194188000099], [125.0111524790002, 10.379204326000036], [125.0111721940001, 10.37920986600011], [125.01118750900002, 10.379221426000186], [125.01120568700014, 10.379225513999984], [125.0112133450001, 10.379231294000135], [125.01121512600014, 10.379244606000157], [125.01121386300008, 10.379256496000096], [125.01120663200015, 10.379271471000152], [125.01119632500013, 10.37928354100012], [125.01118761900011, 10.379300028000102], [125.01119087600011, 10.379311828000027], [125.01120160900018, 10.379320513000152], [125.0112037560001, 10.379351616000122], [125.01121445800004, 10.379358818000185], [125.01122956000006, 10.379360001000009], [125.01125952100017, 10.379368739000029], [125.01126944200018, 10.379379895000056], [125.01127227500001, 10.379391049000105], [125.01127227500001, 10.379395232000036], [125.0112694390001, 10.379402203000154], [125.01126518600006, 10.379404991000001], [125.01123201300004, 10.379405929000086], [125.01122770400013, 10.379416396000181], [125.01123102300016, 10.37943116100007], [125.01124031000006, 10.379442841000127], [125.01124360000017, 10.379456124000058], [125.01125703500031, 10.379457626000033], [125.011287605, 10.379477780999991], [125.01131193300023, 10.379487679000135], [125.011394386, 10.37953794800012], [125.01141877500004, 10.379550810000069], [125.01144024100006, 10.379568181000025], [125.01146026100025, 10.379588546000036], [125.01147247100005, 10.379595718000076], [125.01149061800004, 10.379598324000142], [125.01149679900004, 10.379605615999992], [125.01148981100005, 10.379632451000191], [125.01148593000016, 10.379663673000096], [125.01148765100004, 10.379674021000085], [125.01148494100016, 10.379688906000126], [125.01148838200004, 10.379709601000172], [125.01149302500016, 10.379715441000144], [125.01149776100033, 10.379725727999983], [125.01151006100008, 10.379737348000049], [125.01152076400001, 10.379744550000112], [125.01153586600003, 10.37974573400004], [125.01157652900008, 10.379743442000063], [125.01153587300007, 10.379793625000048], [125.01151886400021, 10.379782468000087], [125.01149238300025, 10.37978854000005], [125.01147877000005, 10.379793306000067], [125.01146652400018, 10.379790553000134], [125.01145738700006, 10.379790735000142], [125.01145135700006, 10.379793852000148], [125.01143451300004, 10.379789691000042], [125.01141449900001, 10.37977959900013], [125.01140968500033, 10.37976770600011], [125.01140791600005, 10.379755752000165], [125.01140170000008, 10.379749881000123], [125.01139048500033, 10.379723130000116], [125.0113810700002, 10.379709830000081], [125.01137305500015, 10.37969050700002], [125.01136690200008, 10.379687631000138], [125.01135928800034, 10.379687783000122], [125.01134698100009, 10.379682034000098], [125.01134219700009, 10.379671639000037], [125.01133296700004, 10.37966732700005], [125.01131919900013, 10.379664604000084], [125.01130250900019, 10.379667933000121], [125.01129781700013, 10.379662032000056], [125.01128855600018, 10.379656222000108], [125.01127935700003, 10.379653407000148], [125.01127149600018, 10.37964157500005], [125.011262267, 10.379637263000063], [125.01124386800007, 10.37963163400002], [125.01123628500022, 10.379633283999965], [125.01123010100002, 10.379628911000054], [125.0112117660002, 10.379639765999968], [125.01120582800024, 10.379647378000072], [125.01120156700017, 10.37966244800009], [125.01118450700017, 10.379647802000136], [125.01115691000007, 10.379639359000066], [125.01114009700007, 10.379636696000091], [125.01111405200015, 10.379629721000128], [125.01108940900008, 10.379616724000016], [125.01107871700015, 10.379615438000087], [125.01106796600004, 10.379611156000124], [125.01105851900002, 10.379596358000128], [125.01105084300013, 10.379593512999975], [125.01104322800029, 10.379593665000186], [125.01102784500017, 10.379586478000022], [125.01101106200008, 10.379585313000007], [125.01097600000003, 10.379557919000035], [125.01097174800009, 10.37955791800016], [125.0109547400001, 10.379548156000055], [125.01095048800005, 10.379543973000125], [125.01092214100015, 10.379525843000067], [125.01091080100014, 10.37952165900009], [125.01089662700019, 10.379518869000037], [125.01087111200013, 10.379518865000023], [125.01085117100013, 10.379515061000063], [125.01083728000015, 10.379506347000074], [125.01082326600022, 10.37949163999997], [125.01081848100011, 10.379481245000136], [125.0108182040002, 10.379467763000036], [125.01082964800003, 10.379431569000076], [125.01082558700011, 10.379382196000165], [125.01082080200001, 10.379371801000104], [125.01081309500034, 10.379367458000047], [125.01077626800009, 10.379354702000057], [125.01076548500032, 10.37934892300018], [125.01073630300004, 10.379337515000145], [125.01072256600003, 10.379336290000083], [125.01070584500019, 10.37933812100016], [125.01068601600002, 10.379337017000068], [125.01065866500005, 10.37934055800008], [125.01062500800015, 10.379333734000056], [125.01061422400016, 10.379327954000132], [125.01060337900003, 10.37931917900005], [125.01059231800014, 10.379299917000026], [125.0105814420001, 10.37928964300005], [125.01056599800006, 10.37927946000002], [125.01055356800009, 10.379267718000108], [125.01050528000019, 10.379216228000132], [125.01050040400014, 10.37920133900002], [125.01049571300007, 10.379195438000181], [125.01048806600022, 10.379194091000159], [125.01047896000011, 10.379195771000127], [125.01047003800011, 10.379206439000086], [125.01046524000026, 10.379269475000171], [125.0104701780001, 10.379287360000149], [125.01048586900015, 10.379309527000089], [125.0104982060002, 10.379316775000177], [125.01050768200002, 10.379333071000133], [125.01052306500003, 10.37934025800007], [125.0105383250002, 10.379341453000109], [125.01056144600022, 10.379354480000188], [125.01056921400016, 10.379361819000167], [125.01057113800016, 10.379381262000095], [125.01056976900009, 10.379388783000081], [125.0105714450001, 10.379396242000098], [125.01057763000017, 10.37940061500018], [125.0105824760002, 10.379414006000161], [125.01059648900002, 10.379428713000038], [125.01059975100009, 10.37943913900017], [125.0106122420002, 10.37945387600007], [125.01062887900002, 10.379482625000037], [125.01060237900015, 10.379523342000141], [125.01059658200029, 10.379529042000058], [125.01057919400012, 10.379539627000156], [125.01056014900007, 10.379555098000083], [125.0105551800001, 10.379566499000077], [125.01055352300023, 10.3795754570001], [125.01054524100005, 10.379587672000127], [125.01054027300017, 10.379591744000095], [125.01052122900023, 10.379597442000033], [125.0104905950003, 10.379600696000125], [125.01048231500033, 10.379603952000025], [125.01046409800017, 10.37961535100004], [125.01045002100011, 10.379632452000124], [125.0104235240002, 10.379651180000053], [125.01038954200021, 10.37965613900019], [125.01039029000015, 10.379655402000026], [125.01037308700018, 10.379650986000058], [125.01035438700023, 10.379653926999993], [125.01034541000013, 10.379659812000057], [125.01034092100019, 10.37966790400003], [125.01033568200023, 10.379691448000187], [125.0103311920002, 10.379703955000082], [125.01032221400033, 10.379718669000056], [125.01031661400009, 10.379723067000043], [125.01029678100008, 10.379723816000023], [125.01029229400001, 10.379722344000072], [125.01027883100005, 10.379709835000028], [125.01027733700005, 10.37970027], [125.01027808600008, 10.37968702600017], [125.01028631700012, 10.379667897000104], [125.01028557000018, 10.379663483000115], [125.01027809000004, 10.379659803000152], [125.0102661220003, 10.379660537000007], [125.01025864300016, 10.379650971000103], [125.01025714900004, 10.379637727999977], [125.01024443800009, 10.37960388100015], [125.01024219600015, 10.379588430000183], [125.01024219800013, 10.379572242999984], [125.01025357800017, 10.379541934000088], [125.01026557700004, 10.379532703000109], [125.01027772900011, 10.379530964000026], [125.01028680500019, 10.379527786000153], [125.01029112800006, 10.379515711000124], [125.01031503200011, 10.37949275699998], [125.01031472500017, 10.379477776000101], [125.01030491100005, 10.379445003000114], [125.01030140200021, 10.379422594000118], [125.01029341800006, 10.379404769000189], [125.01028400300027, 10.379391469000154], [125.01027315800002, 10.379382693000139], [125.01025895900011, 10.379358998000043], [125.01021853200007, 10.379319340000109], [125.01016349200017, 10.379309944000056], [125.01015289300005, 10.379313152000122], [125.0101243270002, 10.379331704000094], [125.01011534400004, 10.379339375000086], [125.01007807200006, 10.379379080000092], [125.0100706730002, 10.379389718000084], [125.01005873600002, 10.379401944000051], [125.01003023200019, 10.379423491000125], [125.01000943400004, 10.379449381000143], [125.00998699100023, 10.379469308000125], [125.00997645400014, 10.379475513000159], [125.00996430100008, 10.379477253000118], [125.00995525600001, 10.379481929000178], [125.00995391800006, 10.379490947000022], [125.009948011, 10.379500056000154], [125.00993159800021, 10.379516867000063], [125.00991341500003, 10.379521725000075], [125.00989681700003, 10.379529548000107], [125.00985619200014, 10.379554333000101], [125.00983384100016, 10.379578755000182], [125.00982028800001, 10.379586518000053], [125.00980079900012, 10.379601891000164], [125.00976312100033, 10.379626543000029], [125.0097511890001, 10.379634349000185], [125.00973157600015, 10.379643730000168], [125.00967746000026, 10.379679274000068], [125.00965812400011, 10.379702138000027], [125.00965370900019, 10.379709719000175], [125.00963840200006, 10.379714536000165], [125.00958070200011, 10.379715666000038], [125.00955956600012, 10.379725078000149], [125.00954912100008, 10.379735776000132], [125.00954470600016, 10.379743357000109], [125.00953910700014, 10.379767446000074], [125.0095392300002, 10.37977343800003], [125.00953207700002, 10.379796059000057], [125.00953692300027, 10.379809449999982], [125.00955239900031, 10.379821130999972], [125.00956147500017, 10.3798179530001], [125.0095704270002, 10.379808784000147], [125.00958276500012, 10.379816031000075], [125.00958002700008, 10.379831072000002], [125.00956790500004, 10.379834310000092], [125.00954981500013, 10.379843662000155], [125.00953157100002, 10.379845523000029], [125.00951777200021, 10.379841302000159], [125.00951298800021, 10.379830907000098], [125.00950515800002, 10.379820572000028], [125.0094913280002, 10.379814853000028], [125.00948815900017, 10.379808921000063], [125.0094880050001, 10.379801431000146], [125.00947996000014, 10.379780611000001], [125.00947365300021, 10.379770246000135], [125.00946743800012, 10.379764375000093], [125.0094383490001, 10.379757461000054], [125.00942464200011, 10.379757733000076], [125.00941252100029, 10.3797609720001], [125.00940658300033, 10.3797685830001], [125.00940676800008, 10.37977757100009], [125.00940396800002, 10.37978961500005], [125.00939504600001, 10.379800283000066], [125.00937387900012, 10.379808197000159], [125.00935716000004, 10.379810027000133], [125.0093435460002, 10.379814794000083], [125.00933014700001, 10.379830046000109], [125.00931961000015, 10.379836250000096], [125.00931044200013, 10.379834934000144], [125.00930398100002, 10.37981707900019], [125.00929779700004, 10.37981270600011], [125.00928719800015, 10.379815913000073], [125.00927824500002, 10.37982508400006], [125.00927243000001, 10.379838687000188], [125.00926506200005, 10.379850822000037], [125.00925940100001, 10.37987191500008], [125.0092506020003, 10.379888575000052], [125.0092431730003, 10.379897714000037], [125.00923952800008, 10.379907670000136], [125.00923220000004, 10.379915477000168], [125.0091992260003, 10.37993409100011], [125.00919250900006, 10.379935892000162], [125.00915555200004, 10.379933925000103], [125.00912664700013, 10.379935998000178], [125.00911458700011, 10.379942232000133], [125.00909018900006, 10.379941219000159], [125.00907651400007, 10.379942989000142], [125.00905077800007, 10.379950994000183], [125.00904331800007, 10.379958636000083], [125.00903573400012, 10.379960285000152], [125.00902367400022, 10.379966519000106], [125.00900393800032, 10.379969909000067], [125.00898584700019, 10.379979260000027], [125.00897683300013, 10.379985434000162], [125.00897248000001, 10.37999601100006], [125.0089635270001, 10.380005180000012], [125.00896066600012, 10.380014229000153], [125.00896231200011, 10.380020190000039], [125.00895792800009, 10.380029269000147], [125.00896140500026, 10.380050180000012], [125.00895391300003, 10.38005632400018], [125.00894063800001, 10.38007756800016], [125.00893302400016, 10.380077719000099], [125.00892376300021, 10.38007190900015], [125.00891901000023, 10.380063011999994], [125.0089002110002, 10.380037910000055], [125.00888178200012, 10.380030783000109], [125.00887712100007, 10.380026380000174], [125.0088695070001, 10.380026532000045], [125.00885900000003, 10.38003423300006], [125.00884433500016, 10.38003106800005], [125.00883761700015, 10.380038875000082], [125.00883639400013, 10.380050286000028], [125.00883456200017, 10.380053288000113], [125.00883150900017, 10.380056891000152], [125.00882540300006, 10.380059894000112], [125.00881563300015, 10.380060493000087], [125.00881074900008, 10.38005929100018], [125.0087960960002, 10.380047878000028], [125.0087815170001, 10.380044766000083], [125.00876501100004, 10.380057083000167], [125.00875761200018, 10.380067720000056], [125.00874896700009, 10.380091870000115], [125.00873130800016, 10.380122193000034], [125.0087316160002, 10.380137172000104], [125.00872430900006, 10.380152304000148], [125.00871224900004, 10.380158538000103], [125.00870634200021, 10.380167647000064], [125.00868794400014, 10.380162018000021], [125.00868169800015, 10.380154650000122], [125.00867554500007, 10.380151775000172], [125.00864359500008, 10.380153909000171], [125.00862690400004, 10.380157237999981], [125.00861015300018, 10.380157571000098], [125.00857674100007, 10.380162730999984], [125.00855837300014, 10.38015860000013], [125.00854926800002, 10.380160280000098], [125.00852359300006, 10.380171281000173], [125.00851927000019, 10.3801833550001], [125.00851802500017, 10.380196868000098], [125.00849381200021, 10.380204842000012], [125.00848942800008, 10.380213921000177], [125.00848955100014, 10.380219913000133], [125.00848355200003, 10.380224528000042], [125.00846533800018, 10.380227887000046], [125.0084531550001, 10.380228129000102], [125.00843661800013, 10.380238947999999], [125.00841643600006, 10.380241408000018], [125.00837437600012, 10.380241912000088], [125.0083026760002, 10.380259355000021], [125.00820255100018, 10.380278813000189], [125.00819862800017, 10.380282766999983], [125.00817552000001, 10.380285112000081], [125.00814197400007, 10.38029379000011], [125.00812104600027, 10.380302316000098], [125.0080664960002, 10.380313313000045], [125.00804136200009, 10.380321890000118], [125.0080182800001, 10.380326304000107], [125.00800363500002, 10.380332686000145], [125.00799559000006, 10.380349845000012], [125.00799090500004, 10.380370184000014], [125.00798544200006, 10.380377858000145], [125.00797373700004, 10.380388986000185], [125.00795890900008, 10.3803947400001], [125.00794359500003, 10.380409955000061], [125.0079310530001, 10.380416312000136], [125.00791846100014, 10.380418532000135], [125.0079059200001, 10.380424888000107], [125.00790189200006, 10.38043941899997], [125.00789454900007, 10.38044937300009], [125.00788317000013, 10.380456194000033], [125.00786844900006, 10.38045637100015], [125.00783092700021, 10.380483716000185], [125.0078141790002, 10.380490123000072], [125.00780799800009, 10.380500542000163], [125.00780199600001, 10.380525440999975], [125.00780633000022, 10.380535733000158], [125.00780871500012, 10.380558463000057], [125.0078152540002, 10.38057700500002], [125.00782374300013, 10.380583110000089], [125.00783230900015, 10.380595421000123], [125.00783456600004, 10.380607807000047], [125.00783264200004, 10.380622313000003], [125.00785387700012, 10.380638610000062], [125.00786800800017, 10.380641956000147], [125.0078763690002, 10.380637718000116], [125.0078911930002, 10.380645816000083], [125.00791893700034, 10.380670852000037], [125.0079355160002, 10.380705032000037], [125.0079386760001, 10.380708917000106], [125.00795762500002, 10.380726008000181], [125.0079718390001, 10.380729894000126], [125.00798526300014, 10.380740771000035], [125.00800184200023, 10.380772621000006], [125.00802631900001, 10.380804473000182], [125.00804053200022, 10.380816903000152], [125.00806580000017, 10.380833996000035], [125.00807764400008, 10.380844095999976], [125.00808317100007, 10.380854971000076], [125.00808711700006, 10.380868954000107], [125.00809264400004, 10.380878276000146], [125.00809817100003, 10.380885268000043], [125.0081076460001, 10.380892260000053], [125.0081234380001, 10.38090779700019], [125.0081360710002, 10.380925666000167], [125.00814791500011, 10.38093421200017], [125.00817792300006, 10.38094431400009], [125.00818739900001, 10.380948976000127], [125.00819924300026, 10.380958299000099], [125.00821740300034, 10.380980828000133], [125.00823240700004, 10.380988598000044], [125.00824820000014, 10.380994038000154], [125.00828926500003, 10.381003365000083], [125.00829558100008, 10.381003366000186], [125.00830663900012, 10.381001035999986], [125.00831374600023, 10.380997154000056], [125.00834296800019, 10.380974631000015], [125.00835323600018, 10.380962204000184], [125.00836903200002, 10.380950554000094], [125.00838798900008, 10.380921816000011], [125.00839351800005, 10.380916379000041], [125.00840062600014, 10.380912496000121], [125.00840852300018, 10.380911721000189], [125.00841405200003, 10.38090706100013], [125.00841642200021, 10.380900070000166], [125.00841563300003, 10.38089618600003], [125.00841089500022, 10.380889971000158], [125.00840852800013, 10.380875212000092], [125.00839905400005, 10.380856568000127], [125.00839984500021, 10.380849577000163], [125.00840774400001, 10.38083248900017], [125.00840666100021, 10.380814915000144], [125.00852094200002, 10.380884478000155], [125.00852537900005, 10.380903044999968], [125.00852560900012, 10.380921661999992], [125.00854326400008, 10.380933782000113], [125.00854721200005, 10.380939997000041], [125.00854800000025, 10.380952425000146], [125.0085456290002, 10.380963300000076], [125.00853852000023, 10.380974174000073], [125.00851956500014, 10.38099126100019], [125.00851482500013, 10.38099902800019], [125.00850771500006, 10.38101922300018], [125.00848559600024, 10.381068934000098], [125.00848401600012, 10.381079809000028], [125.00848401300004, 10.38110078200009], [125.00847769300003, 10.38111709399999], [125.00846268700002, 10.381129520000172], [125.00843662400007, 10.381143499000132], [125.00842635600031, 10.381155149000051], [125.00842319700018, 10.381156702000112], [125.00841845900015, 10.38115670100018], [125.00840977300027, 10.381152040000075], [125.0083947720002, 10.381127957000103], [125.00838687600003, 10.381120965000093], [125.00833080900031, 10.381104645000164], [125.00832133200015, 10.381103867000093], [125.0082996540001, 10.381110972000045], [125.00830185100006, 10.381121134000182], [125.0082938180002, 10.381141608000064], [125.00825481400011, 10.381170603999976], [125.00824034100015, 10.38117281500007], [125.00822776000007, 10.381160739000165], [125.00821485300014, 10.381122176000076], [125.00818757100001, 10.381093973000134], [125.00816673100007, 10.38108403400014], [125.0081438960002, 10.381080232000159], [125.00813553400008, 10.381074218000037], [125.00812724900004, 10.381074318000003], [125.00811282500001, 10.381080604000033], [125.0080920600002, 10.381076776000043], [125.00807152300001, 10.381091287000118], [125.00805939700024, 10.381115886000089], [125.0080491660002, 10.381126197000128], [125.00804525100011, 10.38114458399997], [125.00803514600011, 10.381165082000052], [125.00802903300007, 10.381173307000154], [125.0080166800002, 10.38117956800005], [125.00800921600012, 10.381197747000044], [125.00800526700004, 10.381200077000017], [125.00799737000034, 10.381200076000141], [125.00797841700012, 10.381196965000129], [125.00796578200004, 10.381199294000055], [125.00794919900022, 10.381197739000015], [125.00794051200012, 10.381193854000173], [125.00792137100018, 10.381178671000043], [125.00789608600019, 10.381144332000133], [125.00789386300005, 10.381132132000005], [125.00789356000007, 10.381107682000106], [125.00789548100022, 10.381095432000166], [125.00789330800012, 10.381087307000143], [125.00784948200021, 10.381061341000134], [125.00783705300012, 10.381061489000103], [125.00782043200013, 10.381057613000166], [125.00778112600005, 10.38106215900018], [125.00772934100007, 10.381062779000047], [125.0077043340001, 10.381050852000044], [125.00768554000013, 10.381038850000095], [125.00766275500007, 10.38103912300005], [125.00763794900001, 10.381043495000029], [125.00760058800006, 10.381037829000093], [125.0075840940001, 10.381044140000029], [125.00757578200012, 10.38104220200006], [125.00756522400013, 10.381026026000143], [125.00756085400008, 10.38100773800005], [125.00754794700003, 10.380969175000132], [125.00754774500001, 10.380952874999991], [125.00754345100017, 10.380940700000167], [125.00753296800008, 10.38093063700012], [125.00752048900006, 10.380926710000097], [125.00751013200022, 10.380926834000093], [125.00750189700011, 10.380931008000061], [125.00748016500006, 10.38093330700002], [125.00746142200023, 10.380925380000122], [125.00744687100018, 10.380921478000175], [125.00742206500013, 10.380925851000086], [125.00740769200002, 10.380936212000165], [125.00739321700019, 10.380938423000089], [125.00737866600014, 10.380934522000189], [125.00736184300013, 10.380914345000008], [125.00735141100006, 10.380908357000067], [125.00734105400022, 10.380908481000063], [125.00732890300003, 10.3809310420001], [125.00731852000013, 10.380929128000105], [125.00730174800003, 10.380913027000076], [125.0072622150002, 10.380899235000186], [125.00725590000013, 10.380891160000147], [125.00724544200011, 10.380883134000044], [125.00715344500009, 10.380860478000102], [125.0071258050001, 10.38086047500019], [125.00709026800007, 10.380862800000102], [125.00704762200007, 10.38087133900001], [125.00702708900008, 10.38087055900013], [125.00696312400021, 10.380861229000061], [125.00694022300002, 10.380861225000046], [125.00691179300031, 10.380864329000133], [125.00687151600027, 10.380873644000133], [125.00683597900013, 10.380876747000116], [125.00680676000025, 10.380875966000133], [125.00678543800007, 10.380872079000085], [125.00676885500002, 10.380866638999976], [125.00672700000007, 10.380865856000185], [125.00670488800017, 10.38086740700004], [125.00664013200014, 10.380867398000134], [125.00659985800019, 10.380872053000076], [125.00655563300018, 10.380872047000082], [125.00648219100015, 10.380866599000171], [125.00643559800005, 10.38087125300018], [125.0063447790003, 10.38088444500005], [125.0063187200002, 10.380885218000003], [125.0062981860001, 10.380889099000058], [125.00624295400019, 10.38087670100009], [125.0062219450001, 10.380848515000082], [125.00621770100008, 10.380840414000033], [125.00620931500009, 10.38083236400007], [125.00619895800003, 10.38083248700002], [125.00618036600008, 10.380836786000089], [125.00617422700009, 10.380842972000096], [125.00616629500007, 10.380871596000134], [125.00616023200007, 10.380883895000181], [125.00616245400022, 10.38089609500014], [125.00615470100001, 10.380905390000066], [125.00613686400004, 10.380909336000059], [125.006117689, 10.380907140000033], [125.00609182300002, 10.380907706000073], [125.00608944100031, 10.380903016000048], [125.00609063400032, 10.380893637999975], [125.00608705900015, 10.380888949000052], [125.00608169600014, 10.380888362000121], [125.00607394800022, 10.380897153000035], [125.00606560600022, 10.380898909000166], [125.00604225200004, 10.380877547000182], [125.00601901300001, 10.380871682000134], [125.00600769100015, 10.380873439000027], [125.00599398500003, 10.380878126000141], [125.00597491500025, 10.380888674000118], [125.00595405700017, 10.380896876000065], [125.0059147290001, 10.380896871000175], [125.00589625900011, 10.380888076000076], [125.00587361500004, 10.380882798000187], [125.00586050600009, 10.38087576200013], [125.00585514400007, 10.380869900000164], [125.00584799400019, 10.380865796000023], [125.00582416000009, 10.38085934500009], [125.00581522200014, 10.380858758000159], [125.00579078900012, 10.380869891000089], [125.00578184900007, 10.380878682000173], [125.00577827200004, 10.380888058999972], [125.00578422900014, 10.380900955000186], [125.00578363300008, 10.380903886000112], [125.00577826900019, 10.380910332000155], [125.0057657550002, 10.380913261000103], [125.00574966600004, 10.380913259000124], [125.0057323850001, 10.38091560100014], [125.00572463800006, 10.380919117000076], [125.00571748600021, 10.380926735000173], [125.0057079510002, 10.38093318100016], [125.00569543700021, 10.380937869000036], [125.00567160100002, 10.380937279000136], [125.00564061600005, 10.38092906899999], [125.00562869900023, 10.38092789500007], [125.00562035600001, 10.380929066000078], [125.00560605400005, 10.380937856000116], [125.00559115500016, 10.380952507000188], [125.00558281200006, 10.380957195000008], [125.0055798320002, 10.380957194000132], [125.00556493500005, 10.380953089000059], [125.00553871800014, 10.380940777000092], [125.00552501300001, 10.380937258000074], [125.0055184580001, 10.380938429000082], [125.00551190300018, 10.380943117000072], [125.0055047510001, 10.380953665999982], [125.00549759900002, 10.380960699000127], [125.0054803170002, 10.38096890300011], [125.00545826900031, 10.380971244000023], [125.00542787900008, 10.380965964000097], [125.00541894200035, 10.380967135000105], [125.00540802200032, 10.380966256000136], [125.00536707300023, 10.381005463000122], [125.00535267400005, 10.381013787000086], [125.00534436300018, 10.381011848000185], [125.00532988900022, 10.381014059000108], [125.00531549000016, 10.381022383000072], [125.00529896900014, 10.381026655000085], [125.00528027600024, 10.381022804000054], [125.00525137800003, 10.381031300000188], [125.00523483200004, 10.381033536000018], [125.00522657100032, 10.381035673000099], [125.0052059840001, 10.381046108000021], [125.00518948900014, 10.38105241900007], [125.00517718600008, 10.381062755000073], [125.00513810800021, 10.381085638000059], [125.00513007300003, 10.381106111000065], [125.00512188800008, 10.381114361000073], [125.00510407000002, 10.381123786000046], [125.00507516200014, 10.38113168000018], [125.00506392000011, 10.38113325800009], [125.0050028940002, 10.381133249000186], [125.00499647000004, 10.381134828000086], [125.00494989800006, 10.381133241000043], [125.00491135500022, 10.381139554000072], [125.00484711400009, 10.381161660000146], [125.00482784200028, 10.381164817000126], [125.00478287500005, 10.38116481000003], [125.00476360400012, 10.381167966000135], [125.00471060900009, 10.381166379000092], [125.00467527600006, 10.381172692000177], [125.00465118700015, 10.381174267000063], [125.00459658400018, 10.381182159000161], [125.00451146900014, 10.38118846500015], [125.00449540900001, 10.38119162200013], [125.00445847200012, 10.381194775000154], [125.0044392010002, 10.381194773000118], [125.00438781000014, 10.381199504000108], [125.00434605600003, 10.381199498000058], [125.00432196700012, 10.38119791500003], [125.00428824200003, 10.381201069000099], [125.00424327600024, 10.381202642000176], [125.00422239800014, 10.381205798000053], [125.00416297900006, 10.381204210000135], [125.00412604400015, 10.38119946500018], [125.00405377700008, 10.381201034000014], [125.00398793200009, 10.381212082000047], [125.0039670550002, 10.381212079000136], [125.00393975300005, 10.3812199730001], [125.00392690500007, 10.381221550000134], [125.00388354500001, 10.381218385000125], [125.00386106300016, 10.381212063000135], [125.00383697500013, 10.381208899000057], [125.00380325200024, 10.381200997000121], [125.00379522200012, 10.381197836000126], [125.00376649800023, 10.381180486999995], [125.00374780500022, 10.381181243000071], [125.0037269290001, 10.381178080000097], [125.0036980230002, 10.381170178000161], [125.0036875850002, 10.381165436999993], [125.00364984800001, 10.381153584000003], [125.00364035100017, 10.381141540999977], [125.00361626300014, 10.381140221000067], [125.00360555700001, 10.381142851000106], [125.00351807000027, 10.381133543000033], [125.00350763800009, 10.381127555000091], [125.00348687300027, 10.381123728000034], [125.00345979500003, 10.381111825000005], [125.00342872300007, 10.38111219700005], [125.00341839200007, 10.381114358000161], [125.0034017700001, 10.381110481000064], [125.00337678800031, 10.381100591000177], [125.00335599800019, 10.381094726000129], [125.00333733100001, 10.381092912000156], [125.00331863800011, 10.381089060000022], [125.00330196600021, 10.381081108000046], [125.00322916600021, 10.38105752500013], [125.00321254400001, 10.38105364800009], [125.00317728200014, 10.381049994000136], [125.00313984500019, 10.38103821500016], [125.00309419900009, 10.381032648000144], [125.00307338400012, 10.381024746000037], [125.00303807000034, 10.381017016999976], [125.0030173560001, 10.381017265000025], [125.00300705000006, 10.381021463000025], [125.00299681900003, 10.381031774000064], [125.00299109500008, 10.38103178100016], [125.00298648700004, 10.381033935000175], [125.00297817700027, 10.38103199699998], [125.00295938300019, 10.381019995000088], [125.0029407410002, 10.381020218000174], [125.00289504400007, 10.381010576000108], [125.00287839800012, 10.381004662000123], [125.00285139400023, 10.380998871000088], [125.00283065500003, 10.380997081000146], [125.00281610500019, 10.380993180000075], [125.00280365200001, 10.380991290999987], [125.00278296300007, 10.380993576000094], [125.00275805600006, 10.380989798000144], [125.0027332000002, 10.380990095000072], [125.00271872500014, 10.380992306000167], [125.00273547300014, 10.38100637000008], [125.00278127000024, 10.381024163000063], [125.00279988700026, 10.381021902000157], [125.00281224000014, 10.381015641000033], [125.00283093200005, 10.3810194940001], [125.00284568400002, 10.381039695000084], [125.00286030900008, 10.381049709000024], [125.00288322000017, 10.381059624000045], [125.0029020400001, 10.381073663000052], [125.0029166390002, 10.381081640000104], [125.0029333870001, 10.381095704000188], [125.00294816300016, 10.381117943000163], [125.00294929400013, 10.381124148000083], [125.00295284200001, 10.381130922000068], [125.00295087200004, 10.38113909700013], [125.00296357700017, 10.381161360000135], [125.00297822800019, 10.381173412000066], [125.00300351200019, 10.38120775200008], [125.00302235600009, 10.381223829000078], [125.00302248200012, 10.381234016000121], [125.00301444900026, 10.381254490000003], [125.00301255400007, 10.38126877700006], [125.00292076900018, 10.38128955600007], [125.0028700050002, 10.381301048000125], [125.00285954800017, 10.381293022000023], [125.00284916600003, 10.381291108000028], [125.00283661100013, 10.381281069000181], [125.00282617900018, 10.381275081000013], [125.00281963700013, 10.381248668000069], [125.00280905400007, 10.38123045400016], [125.00279660000012, 10.381228565000072], [125.00278619300002, 10.381224614000018], [125.00278399600029, 10.381214452000052], [125.00277550900023, 10.381198251000058], [125.00276502600013, 10.381188187000134], [125.00275669000018, 10.381184211000175], [125.0027298120001, 10.381188608000059], [125.00271935500018, 10.381180582000127], [125.00271925400011, 10.381172432000142], [125.00271296400012, 10.38116639399999], [125.00270265800009, 10.381170593000093], [125.00268818300026, 10.381172804000187], [125.00266332700016, 10.381173101000115], [125.00264678100007, 10.381175336000013], [125.00263010900005, 10.381167385000026], [125.00260727400007, 10.381163582000113], [125.0025988870002, 10.381155531000104], [125.00258828000005, 10.38113528000008], [125.00257375400008, 10.381133416000125], [125.00254667500008, 10.381121513000096], [125.00252578500033, 10.381107498999995], [125.00252972600003, 10.381091149000099], [125.00252545800004, 10.381081011000163], [125.00250237000012, 10.381056833999992], [125.00248986600013, 10.381050870000024], [125.0024794840001, 10.381048957000132], [125.00246905200004, 10.381042968000088], [125.00245036000001, 10.381039116000125], [125.00243159100035, 10.381029151999996], [125.00242320500001, 10.381021101000158], [125.00241267300021, 10.381006962000129], [125.00241247000008, 10.380990662000045], [125.00241436500016, 10.380976374999989], [125.00241007200009, 10.380964200000165], [125.00240166000015, 10.38095411200004], [125.00238501400031, 10.38094819700018], [125.00235811200002, 10.380950557000176], [125.00233941800013, 10.380946705000042], [125.00233302800007, 10.380932517000133], [125.00231413400013, 10.380912365000029], [125.00230165500011, 10.380908438000176], [125.00229530700005, 10.38091311200003], [125.0022888950001, 10.380913111000098], [125.00228869500006, 10.380896897000184], [125.0022823810001, 10.380888821000042], [125.00227710200011, 10.38087536800009], [125.00226806600006, 10.380873316000077], [125.00226389700015, 10.380867163000005], [125.00226389800002, 10.380861694000032], [125.00226667900006, 10.380853491000153], [125.00226390000012, 10.380847336999977], [125.00225417200011, 10.380838449000123], [125.00222776400005, 10.380819987000052], [125.00220066100007, 10.380805625000107], [125.0021638280001, 10.380791264000038], [125.00212282400014, 10.38078168700008], [125.00209849900011, 10.380778948999989], [125.0020581890002, 10.380779626000162], [125.00202343900003, 10.38077551900011], [125.00198382400004, 10.380774145000146], [125.00197410600003, 10.38077277900004], [125.00195950100021, 10.380760469000109], [125.001918251, 10.380760718000033], [125.00186219800003, 10.38075119900003], [125.00183527000013, 10.38075152000016], [125.0018103880002, 10.380749779999974], [125.00178962400025, 10.380745953000144], [125.00175441000022, 10.380746374000068], [125.00173778900012, 10.380742497000028], [125.00170459700007, 10.380738818000168], [125.00167766900017, 10.380739140000173], [125.00166114800015, 10.380743413000118], [125.00165474800008, 10.3807435330001], [125.00156694300006, 10.380740464000098], [125.00154408200001, 10.380734624000183], [125.00145900400025, 10.380723414000101], [125.00141745000019, 10.380713722000053], [125.00139453900022, 10.380703807000032], [125.00136963300008, 10.380700029000081], [125.00134063300015, 10.38070037500006], [125.00132401100007, 10.38069649800002], [125.00130319700008, 10.380688596000084], [125.001278264, 10.380682781000075], [125.00125750100005, 10.380678953000086], [125.00123678600016, 10.380679201000135], [125.00122430800002, 10.380675274000055], [125.00120344300001, 10.380663297000012], [125.00118682200014, 10.380659419999972], [125.00110798300011, 10.380650174000095], [125.0010665560003, 10.380650669000033], [125.0010531170002, 10.380647813000166], [125.00104571600002, 10.380640729000106], [125.0010269490001, 10.380630764000102], [125.00100385300004, 10.380629954000028], [125.00100585200005, 10.380632576000096], [125.00099785700002, 10.380632575000163], [125.00096921000011, 10.380626016000065], [125.00090392100003, 10.380616177000036], [125.00087660600002, 10.380608308000035], [125.00083397000003, 10.380591918000107], [125.0008006590001, 10.3805899460001], [125.00078067300001, 10.380584701000089], [125.00076135300003, 10.380577490000121], [125.00073537300034, 10.380562413000064], [125.00072005000004, 10.380557823000004], [125.00067341400006, 10.380556505000072], [125.00057015300001, 10.380530931000123], [125.00052751500004, 10.380523716000141], [125.00045823000005, 10.380507321000096], [125.00042758300015, 10.38050469500007], [125.00039427300021, 10.380498792000026], [125.00034897100034, 10.38048698900019], [125.00027502200021, 10.380471249000152], [125.00024193000013, 10.380459183000028], [125.00019167700009, 10.380448262000073], [125.0001611360002, 10.380435800000157], [125.00011048300019, 10.38042040400012], [125.00008143100001, 10.380414538000139], [125.00002183900006, 10.380394011000135], [124.99996969500023, 10.38038227900006], [124.99996075600006, 10.380378613999994], [124.99992872500002, 10.380370548000087], [124.99987956000018, 10.380360282000083], [124.99980134500015, 10.380336821000014], [124.99968141500017, 10.380307491999986], [124.99964417000001, 10.380295029000138], [124.99959724100017, 10.380285496000113], [124.99955776000002, 10.380271567000136], [124.99952721900002, 10.380266433000088], [124.99951678900004, 10.380266431000052], [124.99949891200026, 10.380261298999983], [124.99948103400004, 10.380258365000088], [124.99947284000007, 10.38025470000008], [124.99944274800009, 10.380247386000178], [124.99939943000004, 10.380227666000167], [124.99938363600018, 10.380217579000089], [124.99936529400009, 10.38021266100003], [124.99934179400009, 10.380212942000185], [124.99914047100003, 10.38017751100017], [124.99912191700002, 10.380171900000164], [124.99909574200012, 10.380167076000077], [124.99903804200017, 10.380147215000136], [124.99900925600025, 10.38014242100013], [124.99898827200013, 10.380134966000128], [124.99890974700008, 10.380120492000174], [124.99888615100008, 10.380113066999968], [124.99883902400006, 10.380103355000074], [124.99879705500018, 10.380088443999966], [124.99877084900015, 10.38008105099999], [124.9986923240001, 10.380066577000036], [124.9986426170002, 10.380059465000159], [124.99854852100009, 10.380052883000133], [124.99852492600019, 10.380045459000087], [124.99846996600002, 10.380035841000165], [124.99844627200002, 10.38002071200009], [124.99842274200023, 10.38001842400007], [124.99840175800011, 10.380010967999965], [124.9983704560002, 10.380013911000106], [124.99835224200024, 10.380019265000044], [124.99832613000001, 10.380019578000145], [124.99830272500014, 10.380027564000102], [124.9982986440001, 10.38002426600002], [124.99828931600018, 10.380029998000111], [124.9982788220002, 10.38004031700018], [124.99826483100003, 10.380048341000133], [124.9982555040001, 10.380051780000144], [124.99823218800009, 10.380055217000177], [124.99821586500002, 10.380059801000186], [124.99818905000006, 10.380073557000117], [124.99814590800008, 10.380109098000105], [124.99811909300001, 10.38012056100007], [124.99811209700022, 10.380127440000024], [124.99811093000017, 10.38013317400015], [124.9980817820001, 10.380152663000047], [124.99807245400018, 10.380160689000036], [124.99805613000012, 10.380176739000092], [124.99803980500008, 10.380196232000003], [124.99801881500014, 10.380229484000097], [124.99801065200006, 10.38023750800005], [124.9980048220001, 10.38024668200012], [124.99798383300003, 10.380271907000179], [124.99789290700016, 10.380234050000126], [124.99789057500016, 10.380229462000102], [124.99788941000031, 10.38022487500018], [124.99789174400019, 10.38021455500001], [124.99790690400016, 10.380189329000075], [124.99792672600006, 10.380169838000143], [124.99793139100018, 10.380160665000005], [124.99793605600007, 10.380148052000152], [124.99793839100005, 10.380131998000024], [124.99795238600007, 10.380098745000055], [124.99795122500007, 10.380072370999983], [124.99794889500004, 10.380064343000015], [124.99794073600015, 10.380050581000148], [124.99793374600006, 10.380025352000075], [124.99792558900003, 10.380005856000082], [124.99790748000021, 10.379978362000145], [124.9978998910002, 10.379948278000143], [124.99787397400007, 10.379895339000086], [124.9978464940001, 10.37986194299998], [124.9978300800002, 10.379847940000161], [124.99781008000002, 10.379835754000055], [124.99778651600002, 10.37982716100015], [124.99774653800023, 10.379804565000029], [124.99773023400007, 10.379799435000166], [124.99771577900003, 10.379797832000122], [124.99770123500014, 10.379789130999995], [124.9976867360001, 10.379783980000013], [124.99765221500002, 10.379764868000052], [124.99760697800002, 10.37975475899998], [124.99757437100027, 10.379744499000026], [124.99755261000018, 10.379735884000127], [124.99752900200019, 10.379723741000078], [124.99748733000013, 10.379710040000134], [124.99747643900002, 10.379704845000163], [124.99745639500009, 10.379689110000186], [124.99744735200034, 10.379687443000137], [124.9974257020001, 10.37968770200007], [124.99741670300023, 10.379689584000005], [124.99740766000025, 10.379687917000183], [124.99739676900015, 10.379682723000087], [124.99739124700022, 10.379673913999966], [124.99736392000023, 10.379652941000131], [124.9973314670001, 10.379655103999994], [124.99730066400014, 10.379644822000046], [124.99727177400007, 10.379643392000105], [124.9972500140002, 10.379634778000138], [124.99721923300001, 10.379626271000006], [124.99721014600004, 10.37962105400004], [124.99719927700016, 10.379617634000113], [124.99719023400007, 10.379615968000167], [124.99717401800012, 10.379617936000159], [124.99715956300008, 10.37961633399999], [124.99714321500016, 10.379607655000086], [124.99713758400014, 10.379589972000133], [124.99712838700032, 10.379575883000143], [124.99711204000016, 10.379567203000136], [124.99709212800008, 10.379562116000159], [124.99708304100011, 10.379556900000068], [124.99707584600014, 10.379558761000112], [124.99705780400006, 10.379558977000158], [124.99705245700011, 10.379564365000078], [124.99704893600006, 10.379571507000094], [124.99704188600003, 10.379573775000154], [124.99703613500014, 10.379571977000182], [124.99703088000001, 10.379566931000113], [124.99699279400022, 10.379551412000126], [124.99697279400016, 10.37953922600019], [124.99695829500013, 10.379534074000105], [124.99693657800003, 10.37952900900018], [124.99690207900005, 10.379511672000035], [124.9968821450002, 10.379504810000185], [124.99686405900013, 10.379501476000087], [124.99684040700015, 10.379485784000053], [124.99682047300007, 10.379478923000079], [124.99679875700008, 10.37947385700005], [124.99678249700014, 10.379472276000172], [124.99673184800008, 10.379462232000037], [124.99669015400002, 10.379446755000117], [124.99665198000025, 10.379424137000171], [124.9966247640001, 10.379412038000169], [124.99660483000025, 10.379405176000148], [124.99656515900006, 10.379407425000068], [124.99655250800004, 10.379405801000075], [124.99653437800009, 10.379398918000163], [124.9965126620001, 10.379393852000078], [124.99648725000009, 10.379381731000024], [124.99643297100033, 10.37936995500013], [124.99641475300007, 10.379355973000031], [124.99639303600031, 10.379350908000049], [124.99637858100027, 10.379349306000108], [124.99635684300006, 10.379342466000082], [124.99634238700014, 10.379340863000039], [124.99633341000003, 10.379344520000075], [124.99632436700006, 10.379342853000026], [124.99631576900003, 10.379336094999985], [124.99629813700005, 10.379336067000168], [124.99628902800009, 10.379329076000033], [124.9962781370001, 10.379323881000062], [124.99626729000022, 10.379322236000178], [124.99621290000016, 10.379301586000054], [124.99617125000009, 10.379289659000051], [124.99613316400018, 10.37927414000012], [124.99607345000004, 10.37926065300013], [124.99604084200018, 10.379250393000007], [124.99601008300021, 10.3792436600001], [124.99597928100013, 10.379233379000027], [124.99594313000023, 10.379228486000045], [124.9959384140002, 10.37922655400007], [124.99593106400016, 10.379226552000091], [124.99591473000021, 10.379230566000047], [124.99589594400004, 10.379241809000007], [124.99588124300021, 10.379247429000145], [124.99587144200018, 10.379254656000114], [124.99586490700005, 10.379267508999988], [124.99586408800008, 10.379279558000007], [124.99586572000021, 10.379287591999969], [124.99587225100015, 10.37930044500007], [124.99587143300005, 10.379303659000186], [124.99585959500018, 10.379316890000098], [124.99583947200017, 10.379309597000145], [124.99582492900015, 10.379300896000188], [124.99579381900003, 10.379265768000153], [124.9957647330001, 10.379248366000127], [124.9957502330002, 10.379243215000145], [124.99572673500018, 10.379239944000119], [124.99570862700011, 10.379234837000126], [124.99565789000007, 10.379217693000157], [124.99561630600022, 10.37921109000007], [124.99559285100008, 10.379211371000167], [124.99552598600019, 10.379203294000092], [124.99534476400027, 10.379185892999999], [124.99531226600004, 10.379184507000048], [124.99528696400012, 10.379181259000177], [124.99526892000006, 10.379181474000063], [124.99524000900021, 10.379178270000182], [124.99517851200005, 10.379166579000184], [124.99516367200022, 10.379166186000077], [124.99505204200022, 10.379153890000111], [124.99503041300011, 10.379155923000042], [124.99500693600021, 10.379154429000096], [124.99492739800007, 10.379142954000088], [124.99485877200004, 10.379138448999981], [124.99481357900015, 10.379131888000074], [124.99471430400001, 10.379129524000064], [124.9946456130001, 10.379119695000043], [124.99459513900001, 10.379123847000017], [124.99456444500015, 10.37912243900007], [124.99452301400015, 10.37912825800015], [124.99451038500024, 10.379128409000032], [124.99448327800008, 10.379125183000156], [124.99446525800033, 10.379127173000143], [124.99443634700003, 10.379123968000101], [124.99440028400011, 10.379126174000135], [124.99439304600003, 10.37912448500009], [124.99438128800011, 10.379118525000138], [124.99376339700007, 10.37915104600006], [124.99374301600005, 10.379155945000036], [124.99372923500027, 10.379154425000081], [124.99316197900009, 10.379209403000175], [124.99312441100017, 10.379202570000075], [124.99310379600013, 10.379204519000155], [124.9930264080001, 10.379205484000124], [124.99289237700009, 10.379215614000088], [124.9928619540002, 10.379214301000047], [124.99285165700019, 10.379216122000116], [124.99283445900016, 10.379216335000024], [124.99281388800011, 10.379221668000014], [124.99274222100019, 10.379221918000042], [124.99269325800026, 10.379228789000024], [124.99264029900007, 10.379229762000023], [124.99261831500019, 10.379232707000142], [124.99258434000001, 10.37924056300011], [124.99253937200001, 10.379255298000146], [124.99243744700016, 10.379279851000149], [124.99237629200002, 10.379299872000104], [124.99234892800007, 10.37931205600006], [124.99232149900001, 10.37931916600013], [124.99227184500012, 10.379336703000035], [124.99221185100009, 10.379352678000032], [124.99214338800004, 10.379378908999968], [124.99212462300022, 10.379390986000033], [124.9921178310002, 10.379397838000045], [124.99211966000007, 10.379406275000122], [124.99213365400033, 10.379432140000063], [124.99210567200032, 10.379449826999974], [124.99205059600001, 10.379423757000154], [124.99203505300011, 10.379418875000113], [124.99201955400008, 10.379417376000049], [124.99199203800015, 10.379417719000173], [124.99196974700021, 10.37942307200018], [124.99193724600002, 10.379437012000096], [124.99188759100014, 10.379454550000105], [124.99185343600004, 10.379473586000074], [124.99181405600018, 10.379487611000116], [124.99179516100014, 10.379489539000076], [124.99165109100011, 10.379515593999997], [124.99160112800018, 10.37952246500015], [124.99155516400003, 10.379522456000075], [124.99153617800027, 10.379525401000024], [124.99149920700017, 10.37952539500003], [124.99149121200014, 10.379527359000008], [124.99143434300015, 10.379519413000082], [124.99137931100017, 10.379520099000104], [124.99135347100002, 10.379517037000028], [124.9913328340001, 10.379517294000152], [124.99122803900013, 10.379527059000168], [124.9911437720001, 10.379528109000091], [124.99113175600007, 10.379529951000052], [124.99110939900004, 10.379530229000068], [124.99108110100019, 10.379528116000188], [124.99105867400021, 10.379536066000128], [124.99102856500008, 10.379538264000132], [124.99099551500001, 10.379543500000011], [124.9909623550003, 10.37954428800009], [124.99094419500022, 10.37954175200008], [124.99090816700027, 10.379548542000066], [124.99090063100004, 10.379548720999992], [124.99088835400016, 10.379540112000086], [124.99087769400012, 10.37953591500019], [124.99087173800001, 10.37953902300012], [124.99086294900007, 10.37954961600019], [124.99085552200006, 10.379554243000086], [124.99082703000022, 10.379560854000033], [124.9908104870002, 10.379562730000032], [124.99077758200008, 10.379573896000068], [124.99076552400015, 10.379574182000056], [124.9907533940002, 10.379571504000012], [124.99073986500002, 10.379573307999976], [124.99070358200015, 10.379569720000063], [124.99069159700014, 10.379572972000176], [124.99058834300013, 10.379586795000137], [124.99056736800003, 10.379587688000129], [124.9905482170002, 10.37959127300013], [124.99050170500004, 10.379603822000036], [124.99044698700015, 10.379611885000088], [124.99042874800011, 10.379618160000177], [124.99042509900005, 10.37962085100014], [124.99041233100013, 10.379624436000142], [124.99040686000012, 10.37962443500004], [124.99039500400022, 10.37962891800015], [124.99037767600021, 10.379631606000032], [124.99035761400012, 10.379632499000024], [124.99034940600018, 10.379635188000123], [124.99033025400001, 10.379637876000004], [124.99029651300009, 10.379637869000078], [124.9902527380001, 10.37964503700016], [124.99020805300006, 10.3796486170001], [124.99017887000002, 10.379653993000034], [124.99015698300013, 10.37965398900019], [124.98989718100029, 10.379674624000018], [124.98981335800022, 10.379700350000007], [124.98978008900019, 10.37969669000006], [124.98976810400018, 10.379699942000173], [124.98969428600014, 10.37970317899999], [124.98963862800008, 10.379708951000111], [124.98958307700002, 10.37971917100009], [124.9895561290001, 10.379727229000025], [124.98954102100015, 10.379726104000042], [124.98951863000013, 10.379735536999988], [124.98950208700012, 10.379737413000157], [124.98948844900008, 10.379734770000027], [124.98947775200031, 10.379729090000126], [124.98945510700014, 10.379728145000115], [124.98944915100003, 10.379731252999989], [124.98943587700012, 10.37974343600007], [124.98941492100005, 10.379749868000033], [124.98939984900016, 10.379750226000056], [124.9893846670002, 10.379746136000108], [124.98933195000018, 10.379748872000164], [124.9893183480001, 10.379747711000107], [124.98928399300019, 10.379738143000054], [124.98927509500015, 10.379744288000097], [124.98926597900015, 10.379741538000076], [124.98925237700007, 10.379740378000122], [124.98923274700007, 10.379739360000087], [124.98921921800002, 10.379741165000098], [124.98913746300013, 10.379728273000126], [124.98908162300017, 10.379726631000153], [124.98905603500032, 10.379728722999971], [124.98900740300007, 10.37971356100013], [124.9889649820002, 10.3797056680001], [124.98894384400023, 10.379704686000025], [124.9888635960001, 10.379691758000035], [124.98885142900008, 10.379687596000053], [124.98878923200004, 10.379672756000048], [124.98872254900004, 10.37965950500012], [124.98867700400001, 10.379647236000096], [124.98865286800014, 10.379638604000093], [124.98863474500013, 10.379637551000087], [124.9885467800002, 10.3796173880001], [124.9885211190001, 10.37961651400019], [124.98849990800022, 10.379612568000027], [124.98847877000026, 10.379611586000124], [124.98845605300005, 10.379607675999978], [124.98842723400026, 10.37960094300007], [124.98835875200007, 10.379575867000142], [124.98831941800006, 10.379570868000144], [124.9882936490003, 10.379565546000094], [124.9882723290001, 10.379557150999972], [124.98825259000023, 10.37955168700006], [124.98820715400018, 10.37954386500013], [124.98819039300008, 10.379536846000178], [124.98817201400027, 10.379525414000113], [124.98815830400008, 10.379519807000122], [124.98813705700013, 10.37951437700002], [124.98811081500014, 10.379489782000007], [124.98808450000001, 10.37946222200003], [124.98805226600018, 10.379439252000111], [124.98804009900016, 10.379435091000005], [124.98801393000019, 10.379413461000183], [124.9879977510002, 10.379404648000104], [124.98798139600001, 10.379389319000154], [124.98795641400022, 10.379347999999993], [124.98794940800019, 10.37933375900019], [124.98794005900004, 10.379332671999975], [124.98793213900024, 10.379335479000133], [124.98792428200022, 10.37934090500005], [124.98791636200008, 10.379343712000036], [124.98789665800007, 10.379354658000011], [124.98789282600012, 10.379361298000049], [124.9878848730001, 10.379362797000056], [124.98784345900003, 10.379357232000075], [124.98783550600001, 10.379358730000035], [124.98781706800003, 10.379367027000058], [124.98780908300023, 10.379367215999991], [124.98779717100012, 10.379370119000157], [124.98779327500029, 10.379374140000039], [124.98778947500011, 10.379382089000103], [124.9877883050001, 10.379388666000182], [124.98778979300005, 10.379399365999973], [124.98780272500005, 10.379396930000155], [124.98781363000012, 10.379400220000093], [124.98781828800031, 10.379413596999996], [124.9878235650001, 10.379422701000067], [124.98782445900008, 10.37942977800003], [124.98781471000007, 10.379444207000063], [124.98780715900023, 10.379460004000066], [124.98779352400004, 10.379463168000143], [124.98778858000003, 10.379467544000136], [124.98778762500001, 10.379487444000176], [124.98777724100023, 10.37950543800008], [124.98777530300003, 10.379514712000116], [124.98775789800015, 10.379540680000162], [124.9877531630002, 10.379553572000134], [124.98775411100007, 10.379562778000036], [124.98775866500011, 10.379571898000052], [124.98775616300009, 10.379587575000016], [124.9877490890002, 10.379593422000085], [124.98774282400029, 10.379602800000157], [124.98774092200017, 10.379613493000022], [124.9877353950003, 10.379623563000166], [124.98772629700011, 10.379635137000037], [124.98772437700006, 10.37964512100018], [124.98771825100016, 10.379660174000094], [124.98771645300019, 10.379675124000073], [124.98771880800007, 10.379682877000107], [124.98771898300004, 10.379689972000051], [124.98772506600005, 10.379702606000023], [124.98772975200006, 10.37974650700005], [124.98773446300004, 10.379762013000061], [124.98774600600007, 10.379780917000062], [124.98777848400005, 10.379796306000173], [124.98778931000004, 10.379804592000141], [124.98779291700009, 10.37981287600013], [124.98780133700006, 10.379819978000171], [124.9878157730002, 10.379821164000077], [124.98785065800018, 10.379833003999977], [124.98786148400018, 10.379838922000147], [124.9878638890001, 10.379843656000162], [124.9878614820002, 10.37984838900013], [124.98785666900005, 10.379849571000022], [124.98785305900026, 10.379857854000079], [124.9878554620002, 10.379872054000032], [124.98786749100009, 10.379877973000077], [124.9878795210002, 10.379879158999984], [124.98789155200018, 10.379872061000128], [124.98789756900021, 10.379866146000097], [124.98791441200012, 10.379860232000112], [124.9879288520001, 10.379841302000159], [124.98793366700022, 10.379825920000144], [124.98794088700004, 10.379816454000036], [124.98795051100001, 10.37981527300002], [124.9879577270001, 10.379825924000102], [124.98795772400013, 10.379844857000023], [124.98795892600003, 10.379848408000043], [124.98796614200012, 10.379857876000074], [124.98798779300023, 10.37987444600003], [124.98800222500017, 10.379894566000132], [124.98800944200002, 10.37990166700007], [124.98802387700005, 10.379908770000043], [124.98803109300025, 10.379914687999985], [124.98803349900027, 10.379919422000057], [124.98803109200003, 10.379924154000093], [124.98801665400003, 10.379928885000027], [124.98801424800001, 10.379933618000166], [124.98801424500027, 10.379944268000145], [124.98802025900011, 10.379951368000036], [124.98802266500013, 10.379956103000154], [124.98802386500006, 10.379966753000133], [124.98802867500001, 10.379977404000044], [124.98804430900009, 10.38000107300013], [124.98804791700002, 10.380010540000114], [124.98804791400016, 10.380024740000067], [124.98803371500014, 10.380045133000067], [124.98803672300005, 10.380055861000073], [124.98804920000009, 10.380060964000052], [124.98806575800006, 10.380064621000088], [124.98807428700013, 10.38007656800005], [124.98807063400011, 10.38009555300016], [124.98807213900011, 10.38010091700005], [124.98808625200013, 10.38011678100014], [124.98809230100017, 10.380139586000155], [124.98810220000018, 10.38015150100017], [124.98810664600023, 10.380164894000075], [124.98811386800026, 10.380179572000088], [124.98812945300006, 10.38019945100001], [124.98814801300011, 10.380255016000092], [124.98815510200029, 10.380264297000053], [124.98816206000004, 10.380268183000055], [124.98816500200007, 10.38027621200007], [124.98816520000003, 10.380284306000021], [124.98815151800022, 10.380285981999975], [124.98815037800011, 10.380295458000091], [124.98815341900024, 10.380307535999975], [124.98815629500018, 10.380312866999986], [124.98816328500004, 10.380318101000057], [124.98817288600003, 10.380317873000081], [124.98817850500006, 10.380323139000154], [124.98817870400012, 10.380331233999982], [124.98818295100023, 10.380336532000115], [124.9881898750001, 10.380339068000126], [124.98819321400003, 10.38036328700008], [124.98820160900016, 10.380369837000103], [124.98820702900002, 10.380367009000054], [124.98821535800016, 10.380370861000188], [124.98822405200019, 10.3803895530001], [124.98822023500009, 10.38040179300009], [124.98824003300012, 10.380425622000189], [124.98824879200004, 10.380447012000161], [124.98825788300019, 10.380481894000013], [124.98825540500002, 10.380492753000112], [124.98824978700009, 10.380487486000163], [124.9882440680002, 10.380478172999972], [124.98823443300023, 10.380477052000174], [124.98822356000028, 10.380481359999976], [124.98822238700006, 10.380489487000034], [124.98822863500004, 10.380520387000104], [124.98822471900007, 10.3805285790001], [124.9882250170001, 10.380540722000092], [124.98822257200004, 10.380552929000146], [124.98821862300031, 10.380559772000083], [124.98821265900017, 10.38059636200012], [124.98821422900016, 10.380604424000069], [124.98822703700012, 10.380623019000097], [124.98822322100034, 10.38063525900003], [124.98822224600019, 10.380651481000143], [124.98821702500004, 10.380662404000077], [124.9882214380001, 10.380674449000082], [124.98822705700013, 10.380679715000156], [124.98822999900005, 10.380687745000102], [124.98823203200027, 10.380714695000052], [124.9882295870002, 10.380726902000049], [124.98822249800003, 10.380717621000088], [124.98820868200016, 10.380713900000046], [124.98820633700018, 10.380730153000059], [124.98820372600005, 10.380735616000095], [124.98819876900006, 10.38075733300019], [124.98820622300002, 10.380781454000157], [124.98819885500006, 10.380816727000138], [124.98819804200014, 10.380839507000076], [124.98819539800013, 10.380843619000018], [124.98819108400005, 10.380835621000074], [124.98818951400017, 10.380827560000057], [124.98817831000008, 10.380818377000082], [124.98816047900016, 10.380818800000043], [124.98814820100017, 10.380821791000187], [124.98814017000018, 10.380830082000045], [124.98813230500014, 10.380845118000082], [124.98812143200018, 10.380849426000054], [124.98812019300021, 10.380854855000052], [124.98812313400015, 10.380862884000123], [124.98813012500011, 10.380868118000024], [124.98814106400005, 10.380866508000054], [124.98815086400009, 10.380874375000076], [124.98815531000014, 10.38088776900014], [124.98814356200023, 10.380912346000116], [124.98814108500017, 10.380923205000045], [124.98813044200006, 10.38093695700013], [124.98811990000002, 10.380954756000108], [124.98811768700011, 10.380976406999991], [124.98810851600001, 10.380994174000136], [124.98810225500006, 10.381018621000123], [124.98810134600012, 10.381037542000172], [124.98809739700005, 10.38104438500011], [124.9880976290001, 10.38105382800012], [124.98809093600016, 10.381060738000144], [124.98808705300007, 10.381070279000141], [124.98808594700017, 10.381081105000135], [124.9880984240001, 10.381086209000046], [124.98810146500023, 10.381098286000054], [124.98809376500014, 10.381120066999983], [124.98809403000007, 10.381130860000098], [124.98808907300008, 10.381152577000023], [124.98808803400004, 10.381166101000076], [124.98809375100006, 10.381175415000143], [124.98810887200023, 10.38117640500002], [124.98811867300003, 10.381184272000041], [124.9881295780001, 10.38118131300007], [124.98813078400008, 10.38117453500007], [124.98813486600022, 10.381173088000025], [124.98813741000004, 10.38116492800009], [124.98815112600016, 10.381164602000013], [124.98815945500007, 10.381168453999976], [124.98816112500003, 10.38118056400009], [124.98816001800003, 10.38119139000014], [124.98815342500006, 10.381202346000123], [124.98814405600012, 10.381212018000042], [124.98812953100003, 10.381235311000125], [124.98811718700006, 10.381235605000143], [124.98810190100005, 10.38122786800011], [124.98808393800027, 10.381222895000178], [124.9880301280001, 10.381155327000045], [124.98802284000021, 10.381137951000028], [124.98801016400023, 10.381124753000051], [124.9879986950001, 10.381104776000086], [124.98798739100005, 10.381091545000118], [124.98798307800007, 10.381083547000173], [124.9879760870001, 10.381078315000082], [124.98794725100004, 10.381077650000123], [124.98793049400001, 10.381065898000031], [124.98791805000008, 10.381062144000111], [124.98790871200003, 10.381039417000068], [124.98793163200014, 10.381022673000132], [124.98793558100022, 10.381015829999967], [124.98792378100006, 10.380982362000054], [124.98792472200012, 10.38096479100011], [124.98792017600022, 10.380947349999985], [124.9879102770002, 10.380935436000073], [124.98789652800008, 10.380934411999988], [124.98788575400022, 10.380942768000182], [124.9878666510001, 10.380947271000082], [124.98785002700004, 10.380940915999986], [124.98784819200011, 10.380922061000149], [124.98785599100017, 10.38090432700011], [124.98787208500005, 10.380889095000043], [124.9878799510002, 10.380874059000064], [124.98788102400022, 10.380861885000115], [124.98788360200001, 10.38085507400018], [124.98788340300007, 10.380846979000125], [124.98787484200022, 10.380833683000105], [124.98786236600006, 10.380828580000127], [124.98785008800007, 10.380831571000101], [124.98780807900027, 10.380797471000108], [124.98778590200016, 10.380788547999998], [124.98777312700008, 10.380771302000028], [124.98777289500003, 10.380761858000085], [124.98780444200008, 10.380761109000161], [124.98783043600008, 10.38075779200011], [124.98783689600009, 10.380741440000008], [124.98783917600008, 10.380722487000128], [124.98782904500001, 10.380701128000055], [124.98782426800028, 10.380674243000044], [124.98781668100014, 10.380644725000082], [124.98780350900006, 10.380611290000104], [124.98780833300009, 10.38058417700006], [124.9878063990003, 10.380561274000058], [124.98779907700009, 10.380542548999983], [124.9877810480001, 10.380534878000162], [124.98776321700029, 10.380535301000123], [124.98773699200001, 10.38052917400006], [124.9877191280001, 10.380528249000065], [124.98763898000004, 10.380505853000159], [124.98761991000003, 10.380511705999993], [124.98758882700008, 10.380531343000143], [124.98756982400005, 10.380539894000037], [124.9875510190002, 10.380556539999986], [124.98754442600023, 10.380567496000026], [124.98751457000003, 10.380579161000185], [124.9874913860001, 10.38058511100013], [124.9874807440001, 10.380598863000046], [124.98746983800027, 10.380601822000187], [124.98745334600017, 10.380600864000087], [124.9874382910001, 10.380602571000168], [124.98742551700002, 10.38058532499997], [124.98742354900025, 10.38056107300008], [124.98741616100017, 10.380539650000003], [124.98741125200002, 10.3805073690001], [124.98740095500034, 10.380479265000076], [124.98740183000018, 10.380458995000026], [124.98739317000013, 10.380441652000059], [124.98738196600027, 10.380432468000038], [124.98737096000025, 10.380431380000118], [124.98734731200011, 10.38041844200012], [124.98732948100007, 10.380418866000127], [124.9873060650001, 10.380415372000016], [124.98730416400008, 10.380393818000016], [124.98730674100022, 10.380387008000184], [124.98731986100006, 10.380362396999999], [124.9873250490001, 10.380350125000064], [124.98732615600011, 10.38033929900007], [124.98733323500005, 10.380325950000099], [124.98733539300008, 10.380324231000031], [124.98734633300012, 10.380322621000118], [124.98735433000013, 10.380312982000078], [124.98735955200004, 10.380302058000098], [124.9873646740001, 10.380287088000102], [124.9873681260002, 10.38026000700006], [124.98737987500022, 10.380235430000084], [124.98738489700008, 10.380216410999992], [124.98740052800008, 10.380182292000143], [124.98741518500015, 10.380164394000076], [124.98744068400003, 10.380140841000127], [124.98744878000014, 10.380135249000034], [124.98746246200005, 10.380133574000183], [124.98748032600008, 10.380134500000054], [124.9875158220002, 10.38012690700009], [124.987540609, 10.380130368000096], [124.98755857200001, 10.380135341000027], [124.98757265300003, 10.380149856000116], [124.98758127900021, 10.380165850000026], [124.9875816440001, 10.380180691000078], [124.98758468500012, 10.380192768000086], [124.9875970620003, 10.380193824000173], [124.98760552400017, 10.380203073000132], [124.98761529100011, 10.38020959000005], [124.98763733500004, 10.380213115999993], [124.98764703500012, 10.380216936000124], [124.98766493200003, 10.380219211000053], [124.98767450000014, 10.38021763400019], [124.98769079300018, 10.380210497000064], [124.98770424400016, 10.3801993780001], [124.98771220900016, 10.380188390000114], [124.9877093, 10.38018170900017], [124.98770093800022, 10.380176507999977], [124.98767758800022, 10.380175713000028], [124.98766919300033, 10.380169162000072], [124.98766314400007, 10.380146357000058], [124.98766443300008, 10.380136118000053], [124.9876745250001, 10.380123860000083], [124.98769411200021, 10.380113940000172], [124.98772022700007, 10.38010752300005], [124.98776592800004, 10.380100527000025], [124.98777839200022, 10.380095275000087], [124.9877813600001, 10.38009060600018], [124.98778670500008, 10.380073677000098], [124.98778568000012, 10.380050599000128], [124.98778247400003, 10.380031777], [124.9877726740001, 10.380023910000148], [124.98776307300011, 10.38002413800018], [124.9877451100001, 10.380019165000022], [124.98773969000001, 10.38002199300007], [124.98773005500004, 10.380020872000102], [124.9877150340003, 10.380023928000185], [124.98770422700022, 10.380030935000093], [124.98769308900035, 10.380024450000008], [124.98768459400014, 10.380013852000047], [124.98767884300003, 10.380003190000025], [124.98767256200017, 10.379970941000124], [124.98766410100006, 10.379961692000165], [124.98765031900018, 10.379959320000125], [124.9876311170002, 10.379959776000021], [124.9876188390001, 10.379962766000062], [124.98761368300018, 10.379976389000035], [124.98760548700022, 10.37997793300002], [124.98758745800001, 10.379970261999972], [124.9875806330001, 10.379971774000126], [124.98756992500012, 10.379982827000049], [124.98755778000009, 10.379991215000018], [124.98752927500016, 10.38000404200011], [124.98752411900023, 10.380017663000103], [124.98750364500017, 10.38002219900011], [124.9874897300001, 10.380014430000074], [124.98747872500007, 10.380013341999984], [124.98745982100002, 10.380025940000166], [124.98745165700007, 10.38002883200005], [124.98741418100019, 10.380067521000115], [124.98739266500002, 10.380085581000003], [124.98738218900007, 10.380106079000143], [124.98736893700004, 10.380125292000002], [124.98735287600005, 10.38014187300007], [124.98734510900033, 10.380160955000065], [124.9873363690001, 10.380196262000027], [124.9873352960002, 10.380208437000078], [124.98731992900002, 10.380253349000043], [124.9873025290002, 10.380271311000115], [124.98729466400016, 10.380286347000094], [124.98728934300016, 10.380293223000137], [124.98728108100022, 10.380292069000063], [124.9872704060001, 10.380304472000091], [124.98726541600001, 10.380324839000082], [124.98725888900015, 10.380338494000057], [124.98724165500016, 10.380363202000183], [124.98723659900008, 10.380380871000114], [124.9872381690002, 10.380388933000063], [124.98723612100002, 10.38041733], [124.98724481400029, 10.380436023000073], [124.98725415600018, 10.380444156000124], [124.98725715900002, 10.380456103000142], [124.98725735900018, 10.38046419799997], [124.98725344200011, 10.380472391000069], [124.9872466830002, 10.380476601000055], [124.98724286600032, 10.380488841000158], [124.98724604000006, 10.380506314999991], [124.98725175800018, 10.380515628000182], [124.98725995400014, 10.380514084000026], [124.98726420200012, 10.380519383000035], [124.98725369300007, 10.380538531000184], [124.98725526300018, 10.380546593000133], [124.98726372400006, 10.380555841000046], [124.98726669900009, 10.380565221000097], [124.98726425500001, 10.380577428000151], [124.98726863400032, 10.380588123000052], [124.98727415300016, 10.380589342000064], [124.98726929600002, 10.38061510600005], [124.98726538000005, 10.380623299000092], [124.9872644720001, 10.380642219000094], [124.98728018800023, 10.380667494000136], [124.98727617300017, 10.380671640000116], [124.98726392800006, 10.380675980000092], [124.9872599140001, 10.380680125000026], [124.98726017700005, 10.380690918000084], [124.9872672670001, 10.380700199000046], [124.98728242100015, 10.380702539000083], [124.98728944400011, 10.380709121999985], [124.98729111400007, 10.380721232000099], [124.98728853600005, 10.38072804300009], [124.98728177800001, 10.380732253000076], [124.9872796640002, 10.380757952000124], [124.98727584700009, 10.380770192000114], [124.98726373400007, 10.380779929000084], [124.98726119000003, 10.380788089000077], [124.98726459500006, 10.380815006000091], [124.98726352200003, 10.380827181000086], [124.98726505900015, 10.380833894000034], [124.98727342100005, 10.380839094999999], [124.9872794370001, 10.380860551000183], [124.98727451400009, 10.380883617000165], [124.98725142800015, 10.380893614000172], [124.98724751200018, 10.380901807000043], [124.98724640600005, 10.380912633000037], [124.98725516500019, 10.380934023000066], [124.9872391360002, 10.380951953000135], [124.98722186900011, 10.380975312000032], [124.98721795300014, 10.380983504000142], [124.98721684600014, 10.380994329999965], [124.98722520800027, 10.380999531000157], [124.98723347000009, 10.38100068500006], [124.98724558300012, 10.380990948000033], [124.98725103600009, 10.38098946800011], [124.98725943100021, 10.380996018000133], [124.98726521600008, 10.381008030000032], [124.98727407400008, 10.381033467999998], [124.98727738000002, 10.381056338000121], [124.98728182600018, 10.381069732000185], [124.98728068600008, 10.381079209000177], [124.98727406000023, 10.381088816000158], [124.98726586300018, 10.381114171000036], [124.98725320900019, 10.381132832000048], [124.98724688200014, 10.381146310000133], [124.98721946700005, 10.381187778000026], [124.98721524600012, 10.381209550000051], [124.98721524200016, 10.381226139000091], [124.98720996900022, 10.381240654000123], [124.98719415600021, 10.381248946000085], [124.98718572100029, 10.381259312000054], [124.98717306700019, 10.381285231000163], [124.98716462800007, 10.381313224000053], [124.98715935500024, 10.381323591000125], [124.98712350400001, 10.38138164600008], [124.98710452700016, 10.381399268999985], [124.98709714600034, 10.381412746000137], [124.98709608600007, 10.381439704000059], [124.9870971380002, 10.38144903500006], [124.98710451000011, 10.38147910500004], [124.98711188500022, 10.381498805999968], [124.987112937, 10.381508138000015], [124.98711293300016, 10.38152576400006], [124.98710660100016, 10.381564126000058], [124.98710553900003, 10.381601452000098], [124.98710237500018, 10.381610783000099], [124.98711079800023, 10.381657442000119], [124.98710868800003, 10.38166677300012], [124.98710447100018, 10.381670920000033], [124.98709498300025, 10.381672992000176], [124.98708760600005, 10.38166780600011], [124.98707917600007, 10.381653288000166], [124.98708023000017, 10.381653289000042], [124.98707385600005, 10.381632717000116], [124.98705696600007, 10.381615569000132], [124.98704321700006, 10.38161454600015], [124.98702307400004, 10.381632573000104], [124.98700544200005, 10.38164109100012], [124.98698268900023, 10.381664580000006], [124.98696672600022, 10.381685208000135], [124.98696548600014, 10.381690637000133], [124.98694815200008, 10.381711298000141], [124.9869443020001, 10.381722189000072], [124.98694329600005, 10.381737062000127], [124.98694640200017, 10.381751837000024], [124.98694128000022, 10.381766808000123], [124.98694291700008, 10.381777568000132], [124.98694063700009, 10.381796521000183], [124.98693551500003, 10.38181149200011], [124.98693470600006, 10.38183446000005], [124.98692533700012, 10.38184413200014], [124.9869158680001, 10.381849757000168], [124.98691064700006, 10.381860680000102], [124.98690963900003, 10.381875553000157], [124.98690441800022, 10.381886476999966], [124.9868648400003, 10.3818955160001], [124.98685758500017, 10.381879489000141], [124.98685849300023, 10.381860568999969], [124.98687376000032, 10.38181160900018], [124.98687594000012, 10.381788607999965], [124.9868808970001, 10.381766892000144], [124.98687421900013, 10.381718453000133], [124.98688001700009, 10.381675117999976], [124.98688085900017, 10.381653499000095], [124.98687583200001, 10.38163509800006], [124.98688183300021, 10.381605741000044], [124.98685801600027, 10.381572573000142], [124.98685363000004, 10.381562168000073], [124.98685126200007, 10.381543375000035], [124.98684461500011, 10.38152254199997], [124.98684004000006, 10.381497500000023], [124.98683121300007, 10.381472511000027], [124.98681824100026, 10.381455939999967], [124.98680319800019, 10.381443578000017], [124.98679022600004, 10.381427007000184], [124.98678150700005, 10.381410383000059], [124.98677922000002, 10.381397862000142], [124.98678333700002, 10.381387353000093], [124.98679388800008, 10.381380947000082], [124.98680430200011, 10.381364085000087], [124.98680589000003, 10.381322234000095], [124.98680990000003, 10.381303360000175], [124.986803226, 10.381280436000054], [124.98678794000011, 10.381249253000021], [124.98678549100009, 10.381224185000065], [124.98679170800028, 10.381211558000189], [124.98679571800005, 10.381192684000041], [124.98678702500001, 10.381178151000029], [124.98677200900022, 10.381167880000135], [124.9867569380001, 10.381153427000072], [124.9867460390002, 10.381132647000129], [124.98673647200019, 10.381105108999975], [124.98673192400031, 10.381082159000073], [124.98673378100023, 10.381061219999992], [124.98674952500005, 10.380962720000014], [124.98675127400031, 10.380933416999994], [124.98674443900006, 10.380897945000072], [124.98671133800008, 10.380804237000177], [124.98670043900029, 10.380783457000007], [124.98669163900013, 10.380760559000066], [124.9866741740002, 10.380725220000102], [124.98663458700003, 10.380623227000115], [124.9866260020001, 10.380617059000144], [124.98660676100019, 10.380608932000086], [124.9865768620001, 10.380598846000112], [124.9865535020001, 10.38060122800016], [124.98653880900008, 10.380616052000107], [124.98651999700007, 10.38064138499999], [124.98651396900016, 10.380668650000018], [124.98650578700017, 10.380693851000103], [124.98650188500005, 10.380721090000122], [124.98650441400014, 10.380752432000065], [124.98649661000002, 10.380806910000103], [124.9864949140001, 10.380840396000053], [124.98649773900001, 10.38089474100019], [124.98650255600035, 10.380938604000164], [124.9865159310001, 10.380986544000052], [124.98652055900016, 10.381015768000168], [124.98652308900023, 10.381047110000111], [124.98652373400012, 10.381097299999965], [124.98651555300012, 10.381122500000117], [124.98650721000001, 10.381135154000106], [124.9865031730003, 10.381151936000037], [124.98650546100032, 10.381164457000125], [124.98651200000006, 10.38117692500009], [124.9865183820001, 10.38117708599998], [124.98652080400007, 10.381200063000051], [124.98651240800007, 10.381208533000006], [124.98650175100022, 10.381206574000146], [124.98649125500003, 10.38121716300003], [124.98647462300005, 10.381246652000073], [124.98647693800001, 10.381261264000045], [124.98648353100009, 10.38127791400018], [124.98649650200002, 10.381294485000012], [124.98649677100013, 10.38131539699998], [124.98649068900033, 10.38133848000001], [124.9864844450002, 10.381349016000001], [124.98647828300022, 10.381365825000103], [124.98647647900009, 10.381390946000124], [124.98647701700008, 10.381432771000107], [124.98647107000022, 10.381466310000121], [124.98647545600011, 10.38147671300004], [124.98648627500017, 10.381491219000168], [124.9864928950002, 10.38150996100012], [124.98649111800012, 10.381537173000027], [124.98649760400008, 10.381545458999994], [124.98651041400012, 10.381549482000082], [124.98651899900005, 10.381555650000053], [124.98651708800014, 10.381572406000032], [124.98651942900005, 10.381589110000164], [124.98652812200032, 10.381603643000062], [124.98654308400012, 10.381609731000026], [124.98655578800015, 10.381605390000118], [124.98656630900007, 10.381596892999994], [124.98658135300002, 10.381609255000171], [124.98657513600017, 10.381621881000115], [124.98656248800012, 10.381630405000124], [124.98654989300007, 10.38164311100013], [124.98654790100011, 10.38165359400017], [124.98655654000004, 10.381663944000138], [124.98656092700014, 10.381674347], [124.98657373700007, 10.381678371000021], [124.98659071800023, 10.381676068000104], [124.98660549300007, 10.381667518000086], [124.98661824900023, 10.381667359000176], [124.98662683400016, 10.381673527000146], [124.98663127400016, 10.38168811300011], [124.98662925500025, 10.38169650400016], [124.98662301200022, 10.381707040000151], [124.98663159700027, 10.381713207000018], [124.98664650600017, 10.381715113000041], [124.98666367500005, 10.381727449000152], [124.98667648600019, 10.381731473000116], [124.98671313900013, 10.381770756000094], [124.98673022800017, 10.381776818000048], [124.98675404500011, 10.381809987000054], [124.98676483600002, 10.381822402000125], [124.98677140300015, 10.381836961000147], [124.98678033700014, 10.381870315000072], [124.98678047200008, 10.381880771000056], [124.98679336200007, 10.381891069000005], [124.98680854000008, 10.38191388700011], [124.98682352200012, 10.381921386000101], [124.9868297920001, 10.381912943000032], [124.98684254800003, 10.381912784000122], [124.98685966400001, 10.381920938000064], [124.9868788250003, 10.381922790999965], [124.98689801300009, 10.38192673500015], [124.98690662500007, 10.381934994000176], [124.98691106600006, 10.38194958000014], [124.98691970400023, 10.381959930000107], [124.98692196500019, 10.381970360000082], [124.98691373000008, 10.381991378000066], [124.98691179200011, 10.382006043000104], [124.98691407900003, 10.382018564000191], [124.98691211500022, 10.38203113700007], [124.98690589800015, 10.382043764000116], [124.98689542900013, 10.382056444000114], [124.98688711300008, 10.382071188000111], [124.98688339900002, 10.382113065999988], [124.98689099500007, 10.38213872199998], [124.98689519100003, 10.382142851000083], [124.98691827300001, 10.382154209000134], [124.98692771500009, 10.382161436000104], [124.98693191000018, 10.382168660000161], [124.98693295800012, 10.38217485400014], [124.98692980900012, 10.382180014000028], [124.98692561200005, 10.382183109000039], [124.9869161680001, 10.382184139000117], [124.98689098700004, 10.382176910000112], [124.98688574000005, 10.382176909000066], [124.98688259200003, 10.382178972000133], [124.98687944300002, 10.38218413200019], [124.98687944200026, 10.382191357000181], [124.98688153900002, 10.382197550000058], [124.98688468500006, 10.382203743000105], [124.98689727400017, 10.382217163000178], [124.98690146800016, 10.382230581000044], [124.98689936800031, 10.382239870000035], [124.9868993660001, 10.382250191000082], [124.98690565300001, 10.382291475000102], [124.98691194300022, 10.382318312000109], [124.98691193800016, 10.382339986000147], [124.98690983400013, 10.382368885000119], [124.98690353400013, 10.382386429000121], [124.98689618800006, 10.382394683000143], [124.98687624800004, 10.382409130000156], [124.98687414900007, 10.382413258000156], [124.98687939000013, 10.38244009400006], [124.98688742600007, 10.382460376000154], [124.98689151000019, 10.382464292000122], [124.98689161800007, 10.382472657000164], [124.98688160700021, 10.382520888000158], [124.98687113800008, 10.382533567000053], [124.98687347900022, 10.382550271000014], [124.98687377500005, 10.382573274000038], [124.98688898000034, 10.382598184000187], [124.98689339300006, 10.382610678000162], [124.9869023550001, 10.382646123000143], [124.9869114510002, 10.38269202500004], [124.98693744700017, 10.382729349000101], [124.98694434500021, 10.382769651000046], [124.98696609000001, 10.382807028000059], [124.98698379800021, 10.382861188999982], [124.98700131700014, 10.382900710000172], [124.98700365800005, 10.382917414000133], [124.98701929500021, 10.382975783000063], [124.9870238960001, 10.383002916000066], [124.98702456800004, 10.383055196000157], [124.98703126900011, 10.383080211000163], [124.9870413970001, 10.383132997000075], [124.986622366, 10.383265573000074], [124.98636581700009, 10.383346742000128], [124.98637458400003, 10.383323745000098], [124.98636289600017, 10.38330074800001], [124.98636143400006, 10.383284938000145], [124.98635266600002, 10.383270565000089], [124.98634243800007, 10.383269127000176], [124.98632782500022, 10.38327631400017], [124.98631759700004, 10.383270564000043], [124.98630882900022, 10.383253317000083], [124.98629714000003, 10.383223133000115], [124.986273761, 10.383188637000103], [124.98626499400007, 10.38317282700001], [124.98625914800027, 10.383157017000144], [124.98625622600002, 10.383141206000175], [124.98625038100022, 10.38312395800017], [124.98624015300004, 10.383106711000039], [124.98623284700011, 10.383059279000065], [124.98621969600003, 10.383040594000022], [124.98620946800008, 10.383017597000162], [124.98620654600006, 10.382993163000094], [124.98619777900012, 10.382975915000088], [124.98619193400009, 10.382957230000045], [124.98619193400009, 10.382939983000142], [124.98618901300006, 10.382927047000123], [124.98618024500001, 10.382912674000067], [124.9861729380001, 10.38290836200008], [124.98616417100015, 10.38290692400011], [124.98615540400021, 10.382888239000124], [124.98614517600026, 10.382843683000146], [124.98612471900026, 10.382793377000041], [124.98611887400023, 10.382786190000104], [124.98611741300022, 10.382776129000035], [124.98612325800002, 10.382763193000073], [124.98613202500019, 10.38275888100003], [124.98614079300035, 10.382757444000049], [124.9861583280001, 10.382745946000114], [124.98616417300002, 10.382737322000139], [124.98616417300002, 10.38272582400009], [124.98615978900011, 10.382717200000059], [124.9861583280001, 10.38270426400004], [124.98615248300007, 10.382695640000065], [124.9861378710001, 10.382699952000053], [124.98613001500019, 10.382693621000158], [124.98612855400017, 10.382680684999968], [124.98612270900014, 10.38266918700009], [124.98611394300008, 10.382637566000028], [124.98610663600027, 10.382628942000053], [124.98609056300006, 10.382624630000066], [124.98607887300022, 10.382624630000066], [124.98606864400017, 10.382631816000128], [124.98605549300021, 10.382631816000128], [124.98605227000007, 10.38262928000006], [124.98604818700016, 10.382626067000103], [124.98604818700016, 10.38260738200006], [124.98605111000029, 10.382590134000054], [124.98605111000029, 10.382575761000169], [124.98604234300001, 10.382526892000158], [124.98601896300022, 10.382511082000065], [124.98601750200021, 10.382505332000108], [124.98601750200021, 10.382490959000108], [124.98601165800005, 10.382476586000053], [124.98598524600004, 10.382463305000101], [124.98598524700026, 10.382458683000095], [124.98596058200008, 10.38242169700004], [124.98595823500034, 10.38240898500004], [124.98595823800008, 10.382398583999986], [124.98596294000015, 10.38238587300009], [124.98596294100003, 10.382378939000034], [124.985958245, 10.382361604000153], [124.98595354800023, 10.382355825000104], [124.98593827500008, 10.382350043000145], [124.98592417900022, 10.382340795000118], [124.98591830500004, 10.38233617200018], [124.98591478200001, 10.382329237000022], [124.98591360800015, 10.382324614000083], [124.98591478500009, 10.382316525000022], [124.98592536500007, 10.382285325000112], [124.98592654200013, 10.382278391000114], [124.98592536800004, 10.382271457000058], [124.98591244600004, 10.382265677000078], [124.98590539700001, 10.382264518999989], [124.98588659900008, 10.382265671000084], [124.98588307500017, 10.382262204000085], [124.98587720400008, 10.382247178000057], [124.98587720600017, 10.3822356230001], [124.98588190900011, 10.382220601000085], [124.98587838800006, 10.382202110000094], [124.98585959400009, 10.382183616000134], [124.98585254600005, 10.38217899200015], [124.98584432400003, 10.382167434000053], [124.98583492900013, 10.382150097000135], [124.98582553200015, 10.382139695000149], [124.9858090890001, 10.38211426700019], [124.98581026600004, 10.382105022000019], [124.98580909500004, 10.382087688000013], [124.98578560800001, 10.382035679000069], [124.98576800000001, 10.381965182000044], [124.98576683200008, 10.381935135000106], [124.9857621340002, 10.381924733000119], [124.98575391300017, 10.38191433100019], [124.98574451500008, 10.381906239000045], [124.98572454300006, 10.381901613000025], [124.98571279700013, 10.381890053999996], [124.98571397500007, 10.381878498000106], [124.9857102000002, 10.38184953800004], [124.98570435500017, 10.381848100000127], [124.9856999120002, 10.381844995000108], [124.98569412700033, 10.381820791000052], [124.98569412700033, 10.381806418000053], [124.98568243700004, 10.381804981000187], [124.98568389800016, 10.381797794000022], [124.98567659300011, 10.381714430000045], [124.98567367100009, 10.38171011900016], [124.98564736900005, 10.381715867000082], [124.98552462800012, 10.381491646000086], [124.98553169000013, 10.381474921000063], [124.98526429200001, 10.380915805000143], [124.9852379900002, 10.380915805000143], [124.98520730500002, 10.380911492000052], [124.98518977000026, 10.380905743000028], [124.98516346800022, 10.38089280700001], [124.98514593300013, 10.38087987099999], [124.98512986000014, 10.380871247000186], [124.98512693800001, 10.38087699600004], [124.98511232400006, 10.380951735999986], [124.98502903400015, 10.380999166000038], [124.98499253400007, 10.381058042999996], [124.9849897680001, 10.381055444000083], [124.98497721800004, 10.381052368000155], [124.98496682500001, 10.38105801800009], [124.98493960500025, 10.38108860300008], [124.98493118100009, 10.38109306399997], [124.98492016600017, 10.38109497400012], [124.98490267000011, 10.381101343000068], [124.98489554200012, 10.381107715000041], [124.98488906000011, 10.381117274000019], [124.98487869200028, 10.381123645000116], [124.98484888600012, 10.381124913000065], [124.98482620900029, 10.381121722000046], [124.98481519400002, 10.381122994000123], [124.98480547400004, 10.381128728000078], [124.98479575300007, 10.381138924000027], [124.98476594600004, 10.381146565000051], [124.98475881800016, 10.381150388000094], [124.98474196800021, 10.381164406000039], [124.98472188100004, 10.381169500000112], [124.98471021700016, 10.381174596000164], [124.9846881840001, 10.381190525000136], [124.98466745000007, 10.381197530999998], [124.9846305120002, 10.381215369000074], [124.98462208700028, 10.381224927000119], [124.98461755000017, 10.381233211000108], [124.98461365800006, 10.38125296800007], [124.9846188370002, 10.381272726000077], [124.9846240180002, 10.381282924000061], [124.98463956400008, 10.381304597000167], [124.98464539300005, 10.381319257000143], [124.98464539100007, 10.381325630000049], [124.98464409400003, 10.381330729000183], [124.98462595000001, 10.381341558000088], [124.98461493300022, 10.38135111600019], [124.98460650900006, 10.38135430200009], [124.9846032690001, 10.381352389000028], [124.9845903150001, 10.38133390400003], [124.9845877260002, 10.381324981000091], [124.98458254300022, 10.38131605700005], [124.98456807000002, 10.38130245300016], [124.98454907400003, 10.381303889000094], [124.98452684200015, 10.381309029000022], [124.98452303600016, 10.381308494000052], [124.9845127530001, 10.381284938000022], [124.9845005300001, 10.381271213000048], [124.98398572000008, 10.381564148000052], [124.98290415200017, 10.382183602000168], [124.98302122500002, 10.382511294000096], [124.98301076000007, 10.382522337000012], [124.98299053900007, 10.382526538000093], [124.98297851100017, 10.382538626000041], [124.98297872900002, 10.382558559000188], [124.98292222700013, 10.382581085000083], [124.98290815100006, 10.382591201000025], [124.98289377000003, 10.38257341100018], [124.98284059700018, 10.382598377000079], [124.98287060200005, 10.382562176000022], [124.98285430300007, 10.382554374999984], [124.98285020700007, 10.382550431000027], [124.98227010800008, 10.383064906000072], [124.98226607700008, 10.383066942000028], [124.98218096600021, 10.383067841000013], [124.98212821300001, 10.383062418000009], [124.98208363000015, 10.383062888999973], [124.98206537000021, 10.38306108800009], [124.98199039100018, 10.383061880000184], [124.98196726600008, 10.38305804600003], [124.98193882900011, 10.383059779000064], [124.98193027600007, 10.383058478000066], [124.98189474300023, 10.383061694000162], [124.98188475100005, 10.383059012000103], [124.98183065500007, 10.383056846000102], [124.98179371700007, 10.38306147700007], [124.98177949000001, 10.383061644000122], [124.98167390800018, 10.383037687000012], [124.98164540400012, 10.38303382200013], [124.98161398600018, 10.383024392999971], [124.98159976000022, 10.383024559000035], [124.98156837600015, 10.383017929000175], [124.98154701900023, 10.383016779000059], [124.98150840400012, 10.383000436000032], [124.98149270400006, 10.382996420999973], [124.98147703800021, 10.382995205000043], [124.98146846200007, 10.382988337000029], [124.98147035800002, 10.382983606999971], [124.98147186900007, 10.382966720000127], [124.9814818100001, 10.382937927000114], [124.98148505600011, 10.382922707000091], [124.98149102300022, 10.38287846899999], [124.98145235100003, 10.382875857000158], [124.98144146300001, 10.382872681000038], [124.981415835, 10.382871224000041], [124.98139527900014, 10.38287315100007], [124.98137774700024, 10.382872270999997], [124.98139091200005, 10.38265390800018], [124.9813891560002, 10.382650554000065], [124.98135131000015, 10.382640876000153], [124.98137070500002, 10.3822594130001], [124.98128791400018, 10.38225366000006], [124.98097593100022, 10.382231982000064], [124.98097554300023, 10.382341634000056], [124.98121413400008, 10.38235908500019], [124.98120796700005, 10.382699908000063], [124.98118757400005, 10.382715328000074], [124.9811876350002, 10.382720388000166], [124.98119118700026, 10.38273046800009], [124.98118609100004, 10.382855305000021], [124.98093039100002, 10.382843463000142], [124.98088375100008, 10.38284250700002], [124.98038985400012, 10.382709481000063], [124.98037999400003, 10.382745021000176], [124.98032847100012, 10.382738876000076], [124.9802878050001, 10.382727861000149], [124.98028537800019, 10.382720825000092], [124.98026613500008, 10.382694942000171], [124.98026129200002, 10.382691367000177], [124.98025644800009, 10.382691366000074], [124.98022617600009, 10.382678257000123], [124.98021285800007, 10.382666342000107], [124.98020196000004, 10.382661574999986], [124.98016684300023, 10.382653229000027], [124.98014625600001, 10.382652033000113], [124.98012809200031, 10.382648456000084], [124.98012203700011, 10.382648454000048], [124.98010023800032, 10.382653214000129], [124.98009176100004, 10.382653212000093], [124.98008449600013, 10.382650827000191], [124.9800796530003, 10.38264725400012], [124.98006875900012, 10.382622237000135], [124.98002274700002, 10.382597212000064], [124.98000700500018, 10.382594826000059], [124.97999247300004, 10.382594823000147], [124.97998036200022, 10.382597202999989], [124.97996703900003, 10.382606729000088], [124.97996098400017, 10.382609110000033], [124.97994645100016, 10.382611489000112], [124.97993918600014, 10.382609105000085], [124.9799343430002, 10.382604339000068], [124.97993434700004, 10.382587663000095], [124.97992950600008, 10.382572177000043], [124.97992224300003, 10.382561455000086], [124.97991134600011, 10.382554304999985], [124.97989197100003, 10.382549536000056], [124.97987865000016, 10.382549533000144], [124.97985685300034, 10.382544763999988], [124.97983626900009, 10.382532846999993], [124.97978299100009, 10.382507821000047], [124.97977997800012, 10.382496824000157], [124.97964232800007, 10.382446062000042], [124.97961931100008, 10.382439391000105], [124.97961436000014, 10.38243475000013], [124.97960296200006, 10.382431806000056], [124.97960158000012, 10.382424459000106], [124.97960398900022, 10.382406442000104], [124.97960122000006, 10.382392229999994], [124.97958843200013, 10.382363979000047], [124.97957351700018, 10.382347677000155], [124.97956072900001, 10.382319426000038], [124.97955548600021, 10.382302894000077], [124.9795453480001, 10.382284098000127], [124.97952536500009, 10.382258398000147], [124.97950555700004, 10.382239831000106], [124.97947613600002, 10.382223873000044], [124.97943462700005, 10.38220820100014], [124.97940543900017, 10.382201755000153], [124.97937182400005, 10.382212070000037], [124.9793593280001, 10.382195710000076], [124.97935166600007, 10.38217923500008], [124.97932708100006, 10.38216316200004], [124.97929530100009, 10.38214963900009], [124.97922466300008, 10.382129899000063], [124.97908292000022, 10.382071394000093], [124.97904618700011, 10.382053229000121], [124.97900467900001, 10.38203755800015], [124.97896046000017, 10.382010052000169], [124.97888457800013, 10.38197378000001], [124.97885757600022, 10.381957764000106], [124.97874732100001, 10.381900892000033], [124.97870068500004, 10.381873444000064], [124.97866147700006, 10.381852958000138], [124.97860764600011, 10.381828060000032], [124.97851484000012, 10.38179218900018], [124.97848801200018, 10.381783308000081], [124.97845404800023, 10.381779354000116], [124.97841265500006, 10.381768438000108], [124.97838081700013, 10.381752537000125], [124.97834909500011, 10.381741392000151], [124.97831242100028, 10.381725604999986], [124.97826831900022, 10.381702856000175], [124.97818799400022, 10.381678619000013], [124.97817327100017, 10.381674176000104], [124.97810971000013, 10.3816471290001], [124.97807044400008, 10.381624265000141], [124.97804090600016, 10.381603550000136], [124.97802628300008, 10.381599138000126], [124.97799788400027, 10.381574020000187], [124.97797842500017, 10.381569723000098], [124.97792223400006, 10.381547260000104], [124.97789540600002, 10.381538378000073], [124.97786362600004, 10.381524855000066], [124.97778279200008, 10.381483941000056], [124.97772170700011, 10.381459215000177], [124.97763833900012, 10.38141360200001], [124.97760880200008, 10.381392887000175], [124.97757195300017, 10.381369965999966], [124.97753280300026, 10.381351859000176], [124.97740827600035, 10.381304842000077], [124.9773667090002, 10.381286792000026], [124.97733239400009, 10.381268570000088], [124.9772953710002, 10.381238514000131], [124.97726094000006, 10.381215536000184], [124.9771579400001, 10.381158491000178], [124.97708671900011, 10.381114969000123], [124.9770155560002, 10.381073825999977], [124.97698596100031, 10.381050732000006], [124.97692936300007, 10.381011623000063], [124.97688767900001, 10.38098881600007], [124.97685843300007, 10.38097999200005], [124.97677760000022, 10.380939077000107], [124.97672848800005, 10.38090930800007], [124.97659854100004, 10.380849081000122], [124.97644878900007, 10.380759831000034], [124.9763752670001, 10.380721123], [124.97633617600013, 10.380705393000142], [124.97629944400012, 10.38068722800017], [124.97626277200004, 10.380671442000107], [124.97623340900009, 10.380657861000145], [124.97620398800018, 10.38064190200015], [124.97609090900016, 10.380568439000172], [124.9760198050003, 10.380529673000183], [124.97598796700015, 10.380513772000029], [124.97591951400011, 10.380484461000151], [124.97587788900012, 10.380464033000067], [124.97579929800008, 10.380415927000172], [124.97574652400021, 10.380388624000148], [124.97571727900015, 10.380379799000025], [124.97565584500023, 10.38034080400007], [124.97558474100003, 10.380302038000082], [124.97555036900019, 10.380281438000168], [124.97552083200014, 10.380260723000106], [124.97549117900007, 10.380235251000158], [124.97543216300005, 10.380196199000125], [124.97538800400002, 10.380171071000177], [124.97532432800006, 10.380139268000107], [124.97523854400004, 10.380093712000075], [124.97521407500005, 10.380082393999999], [124.97511355100028, 10.380027669000015], [124.97501031800005, 10.379961111], [124.97498331500003, 10.379945095000096], [124.97496132300012, 10.379936097999973], [124.97490720100006, 10.379899309000052], [124.97487288700006, 10.379881086000069], [124.97485168800006, 10.379864288000078], [124.97482716200011, 10.379850592000025], [124.9747637190003, 10.379828301000032], [124.97474184300006, 10.379824061000079], [124.97472008400018, 10.379824577000079], [124.97469130400009, 10.379834777000042], [124.97466960300017, 10.379837671000132], [124.97467138000002, 10.379811454000162], [124.97468046800009, 10.379787444000158], [124.97470112000019, 10.379741744000057], [124.97470318800003, 10.37972741800013], [124.97469570200008, 10.379718077000177], [124.97468090500001, 10.379706530000021], [124.97466864100011, 10.379699681999966], [124.97465902900001, 10.379702290000182], [124.97463773600009, 10.379721831000097], [124.97461326800021, 10.379710513000077], [124.9745037140002, 10.379682177000063], [124.97447930400017, 10.379673238000123], [124.97442795000018, 10.379650659999982], [124.9744035980001, 10.379644099000075], [124.9743741200001, 10.379625762000103], [124.9742810240001, 10.379577999000105], [124.97416605300009, 10.379525995999984], [124.97408516200005, 10.379482703000065], [124.97405833400012, 10.379473821000033], [124.97398976500006, 10.379439753000042], [124.97389684300015, 10.379399124000145], [124.97387231700009, 10.379385429000024], [124.97384295500001, 10.379371848000005], [124.97378889200002, 10.379337437000117], [124.9737593550002, 10.37931672100018], [124.97372925400009, 10.379287279000039], [124.97370234900006, 10.379260964000082], [124.97360883800002, 10.379198658000064], [124.97359144900008, 10.379180034000171], [124.97356939800011, 10.379168659000186], [124.97353001600027, 10.379141039000046], [124.97351769400018, 10.379131813000129], [124.97350773200003, 10.379120151000052], [124.97349251700007, 10.379113115000052], [124.97347968500014, 10.37910416000011], [124.97347012700004, 10.379102585000055], [124.97346535200006, 10.379097879000028], [124.97345101900021, 10.379093167000178], [124.97344465100002, 10.379088461000094], [124.97343031600019, 10.379086882000081], [124.97342553500005, 10.379088445000093], [124.97341438400008, 10.379088435000142], [124.97336499100004, 10.379099362000034], [124.97335861600016, 10.37910249000015], [124.97329328900014, 10.379118103999986], [124.97326939200002, 10.37911965000012], [124.97325027400007, 10.379122768000002], [124.97321044800015, 10.37912273400002], [124.97318496300022, 10.379119579000019], [124.9731642590001, 10.379113293000046], [124.97313082000028, 10.379099162000045], [124.97310533700022, 10.379091306000078], [124.97309419200008, 10.379085028000077], [124.97307189500009, 10.379078742000104], [124.97304004600005, 10.379066179000063], [124.97302253000021, 10.379058329000088], [124.97299387100009, 10.379041067999992], [124.97295883800007, 10.379026936000116], [124.9729062900002, 10.379001820000155], [124.97285373900002, 10.378981405000161], [124.97278845200003, 10.37895157700018], [124.97278526600007, 10.378951574999974], [124.97273430800033, 10.378931161000082], [124.97272634700016, 10.37892645300002], [124.97268653600008, 10.378910750000045], [124.97266106000018, 10.378896626000142], [124.97264194900004, 10.378890342000147], [124.97259185200005, 10.378868967000074], [124.9724622790003, 10.37885469400004], [124.97241909700006, 10.378840494000144], [124.9722967360002, 10.378812063000169], [124.97225355300009, 10.378797864000148], [124.97218159300019, 10.378762395000138], [124.97213122400001, 10.378734025000085], [124.97210964500005, 10.378712764000056], [124.97207367400006, 10.37868440799997], [124.97202331300002, 10.378648958000099], [124.97192976700012, 10.378599308000048], [124.97189379000008, 10.378578033000167], [124.97184341500008, 10.378556746000072], [124.9718146370002, 10.378535477000185], [124.97177866000015, 10.37851420100003], [124.97173549000013, 10.37848584000011], [124.97168512800022, 10.378450390000182], [124.9716563500001, 10.378429121000124], [124.9716131880001, 10.37839367700019], [124.97152684700018, 10.37833695200004], [124.97143332100006, 10.378266059000111], [124.97138294700017, 10.37824477100014], [124.97134697600029, 10.37821641500011], [124.97119588900011, 10.378110065000158], [124.97110235700006, 10.378046253000036], [124.97105918700004, 10.37801789000008], [124.97096564900028, 10.377961159000108], [124.97092248600018, 10.377925715000003], [124.97087931600015, 10.37789735300015], [124.9708361400003, 10.377876072000106], [124.97080736300018, 10.377854802999991], [124.9707641870001, 10.377833522000117], [124.97072821700021, 10.377805165000154], [124.97060589500018, 10.377734247000149], [124.97057711700006, 10.377712976999987], [124.97053394700026, 10.377684615000135], [124.97050517000014, 10.377663346000077], [124.97046920500009, 10.377627907999965], [124.97042603700004, 10.377599546000113], [124.97039726500032, 10.377571196000076], [124.97034690800001, 10.377528664000124], [124.97031335400004, 10.377495601000135], [124.96961221700008, 10.377985946000138], [124.96629522700005, 10.380334000000062], [124.9659170860001, 10.380381591000173], [124.96347427000012, 10.380878450000182], [124.9516314130002, 10.385445442000048], [124.95010072700018, 10.385007024000174], [124.94853590100001, 10.384224612000082], [124.94658144300013, 10.383151527000052], [124.94644832000006, 10.38133707899999], [124.9427555530001, 10.382041318999995], [124.93947780500002, 10.382096776000083], [124.93468701000018, 10.382171368000002], [124.9240886340001, 10.384960414000034], [124.92374379000012, 10.396847452000031], [124.92306081700019, 10.412051649000091], [124.9284946590002, 10.412354683000103], [124.9311214500002, 10.415098221000108], [124.9314133160002, 10.417783385000064], [124.93042097300008, 10.41895084700019], [124.92633485300007, 10.423503951000157], [124.92529328800026, 10.424649332000172], [124.92341619700017, 10.426714474000107], [124.92248222700016, 10.429808250000121], [124.92078344000015, 10.432262252000157], [124.91672663200006, 10.448108439000066], [124.91870364900012, 10.452837097000156], [124.92086266900003, 10.458236708000072], [124.92142305400012, 10.460194026000181], [124.92493639500015, 10.471934224000108], [124.92553172900023, 10.473858587000052], [124.92670616900023, 10.477726210000071], [124.9260221290001, 10.503096587000186], [124.95839498300006, 10.506104734000132], [124.9695324920001, 10.505320462000043], [124.97853163500008, 10.50660605400003], [124.98500319200014, 10.50832151000003], [124.98727365900015, 10.508920119000095], [124.98778789500022, 10.50904867800017], [125.01440322400015, 10.519608377000168], [125.05259768000008, 10.522242620999975], [125.05828262500029, 10.512775262000105], [125.06170856400001, 10.500926082000092], [125.07138240500024, 10.470135209000034], [125.07543329300006, 10.446749839000063], [125.07505225500017, 10.438244441000109]]]}}]}